seed,source_q4_seed,draw_index,latent_ids,rank,R_matched,reader_coefficient,reader_cosine,signed_delta_mean_vs_source_A,source_bridge_results_sha256
20260814,20260806,0,"[784,1064,2619,2907,6863,11131,16664,17119,17701,17954,18821,22185]",12,0.414464450512995,0.0648761089987167,0.21076530912327,0.048277694384257,9d844605de4d20ec5638bf793d21e8750ea606984d7229531fdc9910aa1e45ef
20260814,20260806,1,"[1064,2418,4546,5868,7263,8028,8617,11744,12325,12365,14388,21275]",12,0.0313088462387422,0.0830969928388597,0.2961722197679,0.00364692052205404,9d844605de4d20ec5638bf793d21e8750ea606984d7229531fdc9910aa1e45ef
20260814,20260806,2,"[1064,2040,4546,5115,11414,12097,12289,13225,14388,15018,20311,22625]",12,0.0347387666385096,0.102794838485518,0.244353262762702,0.0040464448928833,9d844605de4d20ec5638bf793d21e8750ea606984d7229531fdc9910aa1e45ef
20260814,20260806,3,"[821,1064,2907,6846,7263,7698,10892,12423,14542,17119,17373,17954]",12,0.026919988000689,0.0507111891751797,0.158509245300417,0.00313569704691569,9d844605de4d20ec5638bf793d21e8750ea606984d7229531fdc9910aa1e45ef
20260814,20260806,4,"[5437,11952,12325,12494,13888,14388,14542,15096,16584,17270,20073,22625]",12,0.0235681198874388,0.0555831807767583,0.21521540212503,0.00274526437123617,9d844605de4d20ec5638bf793d21e8750ea606984d7229531fdc9910aa1e45ef
20260814,20260806,5,"[1334,4224,5115,7195,10892,13231,13344,20311,20929,23164,23245,23608]",12,0.0187305974569583,0.00873618668741261,0.0312062469992689,0.00218177954355876,9d844605de4d20ec5638bf793d21e8750ea606984d7229531fdc9910aa1e45ef
20260814,20260806,6,"[1638,3015,3019,4546,6846,12423,12494,13390,14127,14388,22248,24297]",12,0.0690604720733285,-0.110546217378686,-0.379640238786471,0.00804430961608887,9d844605de4d20ec5638bf793d21e8750ea606984d7229531fdc9910aa1e45ef
20260814,20260806,7,"[3019,4083,6815,7195,8028,9450,9605,15707,16664,17119,20311,21566]",12,0.0363104695079737,-0.0100349063142349,-0.0514191851198471,0.00422952016194661,9d844605de4d20ec5638bf793d21e8750ea606984d7229531fdc9910aa1e45ef
20260814,20260806,8,"[1334,1447,5868,6846,7698,7768,8028,8906,12289,15096,18061,20311]",12,0.0100657020131813,0.15806098186223,0.295805958413149,0.00117247422536214,9d844605de4d20ec5638bf793d21e8750ea606984d7229531fdc9910aa1e45ef
20260814,20260806,9,"[5115,6589,7195,7768,8271,11740,11952,12494,15336,19959,21566,24201]",12,0.0278307708531148,0.0373533897466851,0.081500652289962,0.00324178695678711,9d844605de4d20ec5638bf793d21e8750ea606984d7229531fdc9910aa1e45ef
20260814,20260806,10,"[1064,1334,1447,11288,11744,12365,12494,14260,14995,15707,16664,18649]",12,0.0141844201959582,0.045961632271551,0.117821633810509,0.00165223121643066,9d844605de4d20ec5638bf793d21e8750ea606984d7229531fdc9910aa1e45ef
20260814,20260806,11,"[581,784,1064,3019,6846,11288,14784,15096,16637,17373,18821,20073]",12,0.494472328881551,0.0307636896364327,0.0400894177632069,0.057597181002299,9d844605de4d20ec5638bf793d21e8750ea606984d7229531fdc9910aa1e45ef
20260814,20260806,12,"[875,2087,3019,7768,12365,12741,15018,15707,19014,20324,23139,23704]",12,0.0457854439799636,0.0139668631567464,0.0443281486745435,0.00533318519592285,9d844605de4d20ec5638bf793d21e8750ea606984d7229531fdc9910aa1e45ef
20260814,20260806,13,"[1447,5868,7198,13231,14174,14697,17701,18053,20311,21234,22625,23164]",12,0.0196106233419347,0.0540360815854903,0.109971365070301,0.00228428681691488,9d844605de4d20ec5638bf793d21e8750ea606984d7229531fdc9910aa1e45ef
20260814,20260806,14,"[581,875,3019,6886,11288,12494,12950,14388,14542,18061,18829,20311]",12,0.0274942590632896,0.0323899105942115,0.113044726630787,0.00320258935292562,9d844605de4d20ec5638bf793d21e8750ea606984d7229531fdc9910aa1e45ef
20260814,20260806,15,"[7198,8906,9450,10043,10428,11131,12325,17954,21234,22185,23164,24297]",12,0.0388412193797605,0.0147640669972214,0.0423735016899694,0.00452430725097656,9d844605de4d20ec5638bf793d21e8750ea606984d7229531fdc9910aa1e45ef
20260814,20260806,16,"[2619,3347,4083,4224,5909,8617,9605,10428,10471,12494,17119,17373]",12,0.00801064807850554,0.0525440435061114,0.126603704280141,0.000933097203572591,9d844605de4d20ec5638bf793d21e8750ea606984d7229531fdc9910aa1e45ef
20260814,20260806,17,"[821,6815,6863,7796,12289,12325,13225,16628,18716,19192,20073,22185]",12,0.0224884193331256,0.0310992475334166,0.0687259223921276,0.00261949857076009,9d844605de4d20ec5638bf793d21e8750ea606984d7229531fdc9910aa1e45ef
20260814,20260806,18,"[821,5336,6815,11414,12325,13344,15707,17270,18649,19959,20311,22185]",12,0.0277096806449761,0.11183218695683,0.258820377724927,0.00322768211364746,9d844605de4d20ec5638bf793d21e8750ea606984d7229531fdc9910aa1e45ef
20260814,20260806,19,"[581,3015,4224,5909,10428,11131,11740,12325,18061,18649,19192,22900]",12,0.0175048081300135,0.0314387140151899,0.0925289986690088,0.00203899701436361,9d844605de4d20ec5638bf793d21e8750ea606984d7229531fdc9910aa1e45ef
20260814,20260806,20,"[875,5336,5926,12365,14121,14260,14542,18053,19192,22625,23139,23704]",12,0.022776994465165,0.085473522670813,0.171377263725203,0.00265311241149902,9d844605de4d20ec5638bf793d21e8750ea606984d7229531fdc9910aa1e45ef
20260814,20260806,21,"[875,3347,7195,9605,11744,11952,12022,14174,14388,21966,22900,23688]",12,0.0263274183163718,-0.0232082181531956,-0.0885605040038279,0.00306667327880859,9d844605de4d20ec5638bf793d21e8750ea606984d7229531fdc9910aa1e45ef
20260814,20260806,22,"[2040,2619,8028,8605,10043,10471,13888,19014,21966,22185,23139,23164]",12,0.0271351776087967,0.0888527569523154,0.223621827993325,0.00316076278686523,9d844605de4d20ec5638bf793d21e8750ea606984d7229531fdc9910aa1e45ef
20260814,20260806,23,"[1064,5115,5909,8617,9450,11740,14121,17270,17954,18061,21566,22248]",12,0.017482156592318,0.0644817770907404,0.182475220365405,0.00203635851542155,9d844605de4d20ec5638bf793d21e8750ea606984d7229531fdc9910aa1e45ef
20260814,20260806,24,"[875,2418,2907,4083,4295,6815,6846,6886,12097,15096,19192,23688]",12,0.00727542828872491,-0.071579595522807,-0.350546691266183,0.00084745724995931,9d844605de4d20ec5638bf793d21e8750ea606984d7229531fdc9910aa1e45ef
20260814,20260806,25,"[875,1447,1638,2418,3347,7198,11131,12950,13225,14127,20324,23245]",12,0.079701659599023,0.0239254841231169,0.0424445146057368,0.0092838176091512,9d844605de4d20ec5638bf793d21e8750ea606984d7229531fdc9910aa1e45ef
20260814,20260806,26,"[875,1638,2619,8055,8271,12325,12950,13225,13888,14542,21498,23245]",12,0.0235336922792425,0.0462399710056546,0.101787748926167,0.00274125417073568,9d844605de4d20ec5638bf793d21e8750ea606984d7229531fdc9910aa1e45ef
20260814,20260806,27,"[821,2907,8271,10471,12423,12494,14777,16637,17373,18829,21566,23164]",12,0.0332719294721722,-0.0796113187971147,-0.280189273447682,0.00387558460235596,9d844605de4d20ec5638bf793d21e8750ea606984d7229531fdc9910aa1e45ef
20260814,20260806,28,"[4295,5926,6589,11131,12022,12289,12365,12741,13231,13344,14127,15018]",12,0.073994004274427,0.0927616565795494,0.156375447911996,0.00861897786458333,9d844605de4d20ec5638bf793d21e8750ea606984d7229531fdc9910aa1e45ef
20260814,20260806,29,"[821,1064,4295,5926,6886,8617,10043,12950,15707,20311,20761,23615]",12,0.022280912144128,0.0544998808837282,0.157017242680514,0.00259532769521077,9d844605de4d20ec5638bf793d21e8750ea606984d7229531fdc9910aa1e45ef
20260814,20260806,30,"[7195,7796,11744,12365,14121,14260,14388,17701,18716,19014,23139,23784]",12,0.0172873670136409,-6.36789310570226e-05,-0.00033111644163125,0.00201366901397705,9d844605de4d20ec5638bf793d21e8750ea606984d7229531fdc9910aa1e45ef
20260814,20260806,31,"[1638,5868,8617,9605,11131,12741,12950,14697,15336,15707,21566,23615]",12,0.0246502493415771,0.0379706132846972,0.179820679020449,0.00287131309509277,9d844605de4d20ec5638bf793d21e8750ea606984d7229531fdc9910aa1e45ef
20260814,20260806,32,"[784,2418,7263,8605,11131,11952,13888,15018,16637,18829,22625,24297]",12,0.439598555803455,0.199149969929249,0.398169524473049,0.0512053680419922,9d844605de4d20ec5638bf793d21e8750ea606984d7229531fdc9910aa1e45ef
20260814,20260806,33,"[5336,6886,11288,13344,14260,14542,15018,15096,20324,21234,22625,23608]",12,0.0301137865882374,0.17775607117938,0.401009471671121,0.0035077174504598,9d844605de4d20ec5638bf793d21e8750ea606984d7229531fdc9910aa1e45ef
20260814,20260806,34,"[5868,5909,7698,8617,14127,16637,17270,18716,20073,20761,21566,22185]",12,0.0589289850822977,0.0352265005633652,0.1879997036811,0.0068641726175944,9d844605de4d20ec5638bf793d21e8750ea606984d7229531fdc9910aa1e45ef
20260814,20260806,35,"[1447,2418,3347,5115,7796,10471,12289,13888,14121,14697,18821,22625]",12,-0.00167194274651914,0.107455136717444,0.188256598937856,-0.000194751421610514,9d844605de4d20ec5638bf793d21e8750ea606984d7229531fdc9910aa1e45ef
20260814,20260806,36,"[784,875,5909,10428,10892,14127,14542,16664,20324,23139,23615,24201]",12,0.419181114708915,0.105727239714603,0.405823399618362,0.0488271013895671,9d844605de4d20ec5638bf793d21e8750ea606984d7229531fdc9910aa1e45ef
20260814,20260806,37,"[2418,4083,4224,7198,10471,13344,14127,14542,18716,19014,20761,23784]",12,0.0399539557007971,-0.0322907020424059,-0.12551330655687,0.00465392112731934,9d844605de4d20ec5638bf793d21e8750ea606984d7229531fdc9910aa1e45ef
20260814,20260806,38,"[2418,4083,8028,9450,10043,12365,13344,17373,17954,19014,19192,23688]",12,0.0146805707445184,-0.0359789338951717,-0.191840972668891,0.00171002388000488,9d844605de4d20ec5638bf793d21e8750ea606984d7229531fdc9910aa1e45ef
20260814,20260806,39,"[1064,1638,5115,8055,9450,10428,11740,14777,15707,16637,18649,19959]",12,0.0467303951759975,0.0280850756340492,0.0732319932237955,0.00544325510660807,9d844605de4d20ec5638bf793d21e8750ea606984d7229531fdc9910aa1e45ef
20260814,20260806,40,"[875,1334,2040,5336,8617,10892,11414,14121,14388,14995,18829,23688]",12,0.0276207392457595,0.166606000573996,0.404749769930932,0.0032173220316569,9d844605de4d20ec5638bf793d21e8750ea606984d7229531fdc9910aa1e45ef
20260814,20260806,41,"[784,1064,6846,9450,11952,12365,14127,14542,14995,15707,22448,22900]",12,0.39937751664042,0.105196818046507,0.339112717608846,0.0465203364690145,9d844605de4d20ec5638bf793d21e8750ea606984d7229531fdc9910aa1e45ef
20260814,20260806,42,"[5868,5909,6589,8271,11952,14777,16584,18821,19959,21275,23139,24201]",12,0.0536042499087934,0.0519544046897099,0.102472309526499,0.00624393622080485,9d844605de4d20ec5638bf793d21e8750ea606984d7229531fdc9910aa1e45ef
20260814,20260806,43,"[875,5115,6886,12097,13888,14697,17373,19959,20073,22185,23608,23784]",12,0.0260311880562317,-0.0374680589567512,-0.328041289943915,0.00303216775258382,9d844605de4d20ec5638bf793d21e8750ea606984d7229531fdc9910aa1e45ef
20260814,20260806,44,"[581,3015,6815,7768,12365,14127,14535,16637,21234,23608,24201,24297]",12,0.0707865874732521,0.0149416869586955,0.0477553992932136,0.0082453711827596,9d844605de4d20ec5638bf793d21e8750ea606984d7229531fdc9910aa1e45ef
20260814,20260806,45,"[1638,6589,6815,7195,7198,11744,12097,12325,14260,17954,18821,21234]",12,0.0328967599677136,0.0547677056369573,0.13662189928881,0.00383188406626383,9d844605de4d20ec5638bf793d21e8750ea606984d7229531fdc9910aa1e45ef
20260814,20260806,46,"[1064,1334,4083,9605,10892,11740,11952,12423,13390,20929,23784,24297]",12,0.0345731102122302,-0.0353305101022627,-0.107012207805662,0.00402714888254801,9d844605de4d20ec5638bf793d21e8750ea606984d7229531fdc9910aa1e45ef
20260814,20260806,47,"[2907,3347,5909,8055,11952,13344,13888,18061,20311,21966,23608,23615]",12,0.0155685928952115,-0.038997978328012,-0.191131961573846,0.00181346257527669,9d844605de4d20ec5638bf793d21e8750ea606984d7229531fdc9910aa1e45ef
20260814,20260806,48,"[1447,3015,3019,7698,7796,10892,12289,14174,16584,21234,22900,23784]",12,0.0893267755585214,0.140903788853607,0.316518472165171,0.0104049714406331,9d844605de4d20ec5638bf793d21e8750ea606984d7229531fdc9910aa1e45ef
20260814,20260806,49,"[784,2418,2619,2907,3015,6886,7198,12022,13888,15707,16584,18716]",12,0.413037676548268,0.0136922814224385,0.0349847194369079,0.0481115007400513,9d844605de4d20ec5638bf793d21e8750ea606984d7229531fdc9910aa1e45ef
20260814,20260806,50,"[581,821,6863,8271,12289,13225,14260,14777,16584,19959,20311,22448]",12,0.0678372208102461,0.0304822413130717,0.0683057980109243,0.0079018227259318,9d844605de4d20ec5638bf793d21e8750ea606984d7229531fdc9910aa1e45ef
20260814,20260806,51,"[2418,5336,7768,11744,12325,12423,13390,13888,20761,22448,23245,23608]",12,0.0214157189226907,0.0169399017818038,0.0455843147174703,0.00249454816182454,9d844605de4d20ec5638bf793d21e8750ea606984d7229531fdc9910aa1e45ef
20260814,20260806,52,"[2418,7195,8617,11744,13888,14127,15707,17954,19959,21234,22185,24201]",12,0.0814441086679957,0.0687891239765566,0.274878096903608,0.00948678175608317,9d844605de4d20ec5638bf793d21e8750ea606984d7229531fdc9910aa1e45ef
20260814,20260806,53,"[1334,1638,2907,6863,7263,11740,12022,14542,14697,14777,20929,23704]",12,0.0483548106298699,-0.0570616974764088,-0.117883181541857,0.00563247044881185,9d844605de4d20ec5638bf793d21e8750ea606984d7229531fdc9910aa1e45ef
20260814,20260806,54,"[581,2040,3019,10043,11740,11744,12022,13225,14697,22185,23164,23615]",12,0.0375486353076232,0.00535268331603966,0.011297627447264,0.00437374432881673,9d844605de4d20ec5638bf793d21e8750ea606984d7229531fdc9910aa1e45ef
20260814,20260806,55,"[5909,6589,7195,11288,12097,14121,14260,14535,21234,22448,23245,24297]",12,0.0431469355580673,0.0609737932839487,0.158862826945653,0.0050258461634318,9d844605de4d20ec5638bf793d21e8750ea606984d7229531fdc9910aa1e45ef
20260814,20260806,56,"[581,3019,7263,8271,12097,12325,14777,16628,19014,23615,23688,23784]",12,0.0665653096776321,0.0167588139047849,0.0704515800509774,0.0077536678314209,9d844605de4d20ec5638bf793d21e8750ea606984d7229531fdc9910aa1e45ef
20260814,20260806,57,"[1638,6815,7198,7768,8055,9605,11067,11131,11288,12022,17270,24201]",12,0.016051466367761,-0.055395369549753,-0.200737315282769,0.00186970869700114,9d844605de4d20ec5638bf793d21e8750ea606984d7229531fdc9910aa1e45ef
20260814,20260806,58,"[784,2040,10043,11131,12365,15336,15707,17701,18649,20311,22448,23615]",12,0.39092298029611,0.0361995166162193,0.128098773080151,0.0455355342229207,9d844605de4d20ec5638bf793d21e8750ea606984d7229531fdc9910aa1e45ef
20260814,20260806,59,"[875,2040,3347,14127,17119,17954,18649,19014,21275,21566,22185,22248]",12,0.0516792785698114,-0.0205142789195701,-0.091668441834236,0.0060197114944458,9d844605de4d20ec5638bf793d21e8750ea606984d7229531fdc9910aa1e45ef
20260814,20260806,60,"[1638,7195,7768,9450,9605,12325,14995,15018,15336,18821,23139,23615]",12,0.0261455237395757,0.123672542843854,0.29047140263962,0.00304548581441243,9d844605de4d20ec5638bf793d21e8750ea606984d7229531fdc9910aa1e45ef
20260814,20260806,61,"[1638,4546,7195,8617,11740,14121,14697,20324,20761,21234,21275,24297]",12,0.0424101055987396,0.106688559174064,0.358337263989387,0.00494001865386963,9d844605de4d20ec5638bf793d21e8750ea606984d7229531fdc9910aa1e45ef
20260814,20260806,62,"[2619,2907,4083,5115,6589,7263,11740,11744,12494,15018,19014,23608]",12,0.0218386613388794,0.0760293737233593,0.162159681784891,0.0025438133875529,9d844605de4d20ec5638bf793d21e8750ea606984d7229531fdc9910aa1e45ef
20260814,20260806,63,"[2619,3347,5336,7195,12325,13231,14260,14697,17373,20324,21566,23615]",12,0.028651820867055,0.096951009996483,0.177058993087629,0.00333742459615072,9d844605de4d20ec5638bf793d21e8750ea606984d7229531fdc9910aa1e45ef
20260814,20260806,64,"[821,2907,6815,7768,8906,15018,18821,20311,20324,20929,22900,23688]",12,0.0336897684696272,0.0828413790673314,0.233995698929971,0.00392425537109375,9d844605de4d20ec5638bf793d21e8750ea606984d7229531fdc9910aa1e45ef
20260814,20260806,65,"[875,1064,5336,5926,6589,12494,14697,14777,17954,18649,20073,22448]",12,0.0397591524766154,0.143186407490258,0.275236457470844,0.00463123003641764,9d844605de4d20ec5638bf793d21e8750ea606984d7229531fdc9910aa1e45ef
20260814,20260806,66,"[4083,7195,8906,11414,11744,12289,12325,12365,13231,14542,14784,17270]",12,0.0157855700644264,0.075692283629866,0.121079650534987,0.00183873653411865,9d844605de4d20ec5638bf793d21e8750ea606984d7229531fdc9910aa1e45ef
20260814,20260806,67,"[1334,2040,10892,11288,12022,13225,14542,15707,18061,19192,21966,24201]",12,0.0273319594311506,0.0116918652944253,0.0292237621776261,0.00318368434906006,9d844605de4d20ec5638bf793d21e8750ea606984d7229531fdc9910aa1e45ef
20260814,20260806,68,"[5909,7698,8271,9605,11744,13390,14127,15018,18061,20761,22900,23608]",12,0.0647184179161764,0.126033597062153,0.426494425407117,0.00753853797912598,9d844605de4d20ec5638bf793d21e8750ea606984d7229531fdc9910aa1e45ef
20260814,20260806,69,"[1638,4224,6815,11131,11740,16637,18649,19959,21275,21966,22625,23164]",12,0.02825853013244,0.010465806767566,0.0433297591346918,0.00329161326090495,9d844605de4d20ec5638bf793d21e8750ea606984d7229531fdc9910aa1e45ef
20260814,20260806,70,"[2907,3347,4224,5336,5868,6863,7198,14777,16637,17119,17701,21498]",12,0.0411615009880437,0.0398452902168573,0.0921891671137797,0.00479457855224609,9d844605de4d20ec5638bf793d21e8750ea606984d7229531fdc9910aa1e45ef
20260814,20260806,71,"[821,1638,2619,2907,3015,7768,11288,11744,12097,16584,18061,18829]",12,0.0150184334393025,-0.021766755776172,-0.0587977442168569,0.00174937884012858,9d844605de4d20ec5638bf793d21e8750ea606984d7229531fdc9910aa1e45ef
20260814,20260806,72,"[1064,5115,8605,8617,11740,12022,15336,15707,17270,18821,20073,22900]",12,0.038617405812723,0.140816774258258,0.322405162749048,0.0044982369740804,9d844605de4d20ec5638bf793d21e8750ea606984d7229531fdc9910aa1e45ef
20260814,20260806,73,"[3019,3347,5437,6886,11740,12741,14127,14535,17701,19959,22248,23615]",12,0.0680856372221421,0.0549353156392316,0.185566520314691,0.00793075879414876,9d844605de4d20ec5638bf793d21e8750ea606984d7229531fdc9910aa1e45ef
20260814,20260806,74,"[4224,6886,7195,7698,8028,11131,11740,12097,12289,14784,17270,21234]",12,0.0513908262473137,0.174897399575784,0.30334669242728,0.00598611195882161,9d844605de4d20ec5638bf793d21e8750ea606984d7229531fdc9910aa1e45ef
20260814,20260806,75,"[2418,11952,14127,14260,14542,14697,18649,19959,20311,23615,23704,23784]",12,0.0795689161299253,-0.0326296401909731,-0.0649393369792867,0.00926835536956787,9d844605de4d20ec5638bf793d21e8750ea606984d7229531fdc9910aa1e45ef
20260814,20260806,76,"[2087,7698,12365,14127,16584,17270,19014,20324,21566,21966,22448,22625]",12,0.0556785030684919,0.00117347000607706,0.00532156697390676,0.00648554960886637,9d844605de4d20ec5638bf793d21e8750ea606984d7229531fdc9910aa1e45ef
20260814,20260806,77,"[581,821,3015,8605,8617,11131,14260,14697,16637,20311,23784,24297]",12,0.0363215223667287,0.116853967294858,0.303348656758831,0.00423080762227376,9d844605de4d20ec5638bf793d21e8750ea606984d7229531fdc9910aa1e45ef
20260814,20260806,78,"[2619,3019,7796,9605,10043,12950,14127,14697,15096,18829,20073,21498]",12,0.0558447189604614,-8.73840715781101e-05,-0.000225409323954506,0.00650491078694661,9d844605de4d20ec5638bf793d21e8750ea606984d7229531fdc9910aa1e45ef
20260814,20260806,79,"[3347,6846,7698,7768,8028,13344,14127,14542,17701,18829,23139,23164]",12,0.0500184842005797,-0.00186465380443613,-0.00946455779919021,0.00582625865936279,9d844605de4d20ec5638bf793d21e8750ea606984d7229531fdc9910aa1e45ef
20260814,20260806,80,"[1334,2040,2087,2619,3019,4224,7195,8055,12494,15096,21566,22625]",12,0.0397735757750155,0.0357853357994552,0.0971421713039028,0.00463291009267171,9d844605de4d20ec5638bf793d21e8750ea606984d7229531fdc9910aa1e45ef
20260814,20260806,81,"[2040,3019,6846,7195,7698,9605,13231,14777,21498,22185,23245,24297]",12,0.0534824910709276,0.00746660690858496,0.0261325977884001,0.0062297534942627,9d844605de4d20ec5638bf793d21e8750ea606984d7229531fdc9910aa1e45ef
20260814,20260806,82,"[821,7698,8028,9605,11744,12022,12365,12741,16664,19192,20324,20929]",12,0.0169707367240702,0.125611577246475,0.466471745612806,0.00197678724924723,9d844605de4d20ec5638bf793d21e8750ea606984d7229531fdc9910aa1e45ef
20260814,20260806,83,"[784,1638,2418,7198,8617,12097,12325,14121,15336,18649,19014,22900]",12,0.421763471879235,0.081919172699464,0.227919469398163,0.0491278998057048,9d844605de4d20ec5638bf793d21e8750ea606984d7229531fdc9910aa1e45ef
20260814,20260806,84,"[2040,3019,4546,5868,6589,7195,11131,12741,15096,15336,22625,23615]",12,0.0254432305524814,0.0158649871380231,0.0433809358090036,0.0029636812210083,9d844605de4d20ec5638bf793d21e8750ea606984d7229531fdc9910aa1e45ef
20260814,20260806,85,"[821,1334,5909,7768,8028,11740,12097,12325,14174,14697,18829,21275]",12,0.0328832372726195,0.0533323094316302,0.172768190016072,0.00383030891418457,9d844605de4d20ec5638bf793d21e8750ea606984d7229531fdc9910aa1e45ef
20260814,20260806,86,"[821,2040,4083,5868,13888,14127,14260,16664,20929,22248,23615,23688]",12,0.0954404255825484,-0.0241448894376706,-0.125064167952513,0.0111171023050944,9d844605de4d20ec5638bf793d21e8750ea606984d7229531fdc9910aa1e45ef
20260814,20260806,87,"[6589,7195,7796,9605,12022,13231,14697,16584,18053,19192,21566,23784]",12,0.0116707681414801,0.0297494947599923,0.0568447410582073,0.00135943571726481,9d844605de4d20ec5638bf793d21e8750ea606984d7229531fdc9910aa1e45ef
20260814,20260806,88,"[1064,2087,4224,7198,11740,13344,14121,14697,16637,17270,23608,23784]",12,0.0278377982880022,0.00389804173787071,0.0117513634230583,0.00324260552724202,9d844605de4d20ec5638bf793d21e8750ea606984d7229531fdc9910aa1e45ef
20260814,20260806,89,"[2040,6589,6815,9605,11288,12494,14260,14542,17701,18061,18821,22448]",12,0.0136033127355351,0.0175619991697272,0.0395609392780918,0.00158454259236654,9d844605de4d20ec5638bf793d21e8750ea606984d7229531fdc9910aa1e45ef
20260814,20260806,90,"[4083,9605,11131,14121,16628,16637,17954,18061,18829,19959,22900,23784]",12,0.0377130363474761,-0.0423017278819339,-0.211422406842046,0.00439289410909017,9d844605de4d20ec5638bf793d21e8750ea606984d7229531fdc9910aa1e45ef
20260814,20260806,91,"[581,1334,4083,4295,7698,11288,16637,16664,17954,20311,21275,23784]",12,0.0259645979936087,-0.000372836562859298,-0.00145430014700559,0.00302441120147705,9d844605de4d20ec5638bf793d21e8750ea606984d7229531fdc9910aa1e45ef
20260814,20260806,92,"[2040,2418,6846,7198,8617,8906,11288,14121,14260,16628,20311,21566]",12,0.0309128400487046,-0.0164429303073186,-0.0482749317398107,0.00360079288482666,9d844605de4d20ec5638bf793d21e8750ea606984d7229531fdc9910aa1e45ef
20260814,20260806,93,"[3019,4295,5868,11067,12325,12741,14127,16664,18649,19014,20073,22248]",12,0.0651198823080683,0.0477754031299445,0.257007273445675,0.00758530139923096,9d844605de4d20ec5638bf793d21e8750ea606984d7229531fdc9910aa1e45ef
20260814,20260806,94,"[784,1334,2418,4295,5437,12022,12423,14174,14388,16584,20761,22900]",12,0.40691693086183,-0.0462622904577902,-0.113122037133368,0.0473985433578491,9d844605de4d20ec5638bf793d21e8750ea606984d7229531fdc9910aa1e45ef
20260814,20260806,95,"[5909,7796,8028,9450,11288,12950,14784,15096,19014,20311,22900,23608]",12,0.0495579893556331,0.0499209837395429,0.0863242546166833,0.00577261924743652,9d844605de4d20ec5638bf793d21e8750ea606984d7229531fdc9910aa1e45ef
20260814,20260806,96,"[6846,6886,7263,10043,11067,11744,12494,14784,18053,18649,22248,23139]",12,0.0426715944040768,0.0782107395820091,0.121771884871434,0.00497047742207845,9d844605de4d20ec5638bf793d21e8750ea606984d7229531fdc9910aa1e45ef
20260814,20260806,97,"[875,6846,6863,10428,10892,11288,14260,14542,14697,15336,17373,21566]",12,0.0295559447132184,-0.0353468723550167,-0.123495254558497,0.00344273885091146,9d844605de4d20ec5638bf793d21e8750ea606984d7229531fdc9910aa1e45ef
20260814,20260806,98,"[821,2907,3347,4295,5909,12289,13390,14697,14777,18829,19192,22185]",12,0.0434499339885068,0.119706529440212,0.345342116505525,0.0050611400604248,9d844605de4d20ec5638bf793d21e8750ea606984d7229531fdc9910aa1e45ef
20260814,20260806,99,"[2087,2418,5437,7768,9450,12097,13390,14260,14995,17270,18053,22625]",12,0.0379181965096764,0.000449957322581801,0.00214598040014944,0.00441679159800212,9d844605de4d20ec5638bf793d21e8750ea606984d7229531fdc9910aa1e45ef
20260815,20260807,0,"[1496,2040,5437,10892,11067,12289,14127,14388,16664,21498,24201,24368]",12,0.0819057849006904,0.0851595708587879,0.218300378211822,0.00859569867451986,9d844605de4d20ec5638bf793d21e8750ea606984d7229531fdc9910aa1e45ef
20260815,20260807,1,"[1064,1801,2918,4546,5336,5397,7698,7796,10088,15213,22448,23164]",12,0.0164814774230614,0.16283139961804,0.293572222716292,0.00172966798146566,9d844605de4d20ec5638bf793d21e8750ea606984d7229531fdc9910aa1e45ef
20260815,20260807,2,"[1312,3015,5115,8605,10892,12950,14995,16664,17270,17286,18649,22448]",12,0.0275699169709678,0.0316725740871499,0.127585988819978,0.0028933572769165,9d844605de4d20ec5638bf793d21e8750ea606984d7229531fdc9910aa1e45ef
20260815,20260807,3,"[5336,7198,12644,14260,16503,17119,18821,21354,21498,22900,23784,24201]",12,0.0399887178501249,-0.08135059929468,-0.161313123167677,0.00419666290283203,9d844605de4d20ec5638bf793d21e8750ea606984d7229531fdc9910aa1e45ef
20260815,20260807,4,"[2907,3015,3701,5078,7768,8028,12647,12950,13231,18829,21275,22625]",12,0.0378562079608644,-0.151222189099942,-0.323589330453614,0.00397286415100098,9d844605de4d20ec5638bf793d21e8750ea606984d7229531fdc9910aa1e45ef
20260815,20260807,5,"[784,875,4546,6589,8028,8605,12022,13798,15707,17270,18716,21498]",12,0.423455651989507,0.0770819263609278,0.224095205499775,0.0444400501251221,9d844605de4d20ec5638bf793d21e8750ea606984d7229531fdc9910aa1e45ef
20260815,20260807,6,"[1312,1801,2040,4083,4546,15018,15213,16653,19192,22185,22448,22900]",12,0.0429131985538577,0.0876859952142152,0.430788546150599,0.00450357596079508,9d844605de4d20ec5638bf793d21e8750ea606984d7229531fdc9910aa1e45ef
20260815,20260807,7,"[1064,10892,14127,14388,15213,16653,16664,17701,18053,20929,21498,22625]",12,0.0565331246249702,0.0757618830938756,0.320823819988588,0.0059329350789388,9d844605de4d20ec5638bf793d21e8750ea606984d7229531fdc9910aa1e45ef
20260815,20260807,8,"[784,1334,7698,7768,8271,8605,13798,16628,17119,19192,19959,20761]",12,0.503286691753694,0.196962921530621,0.44755874902903,0.0528180122375488,9d844605de4d20ec5638bf793d21e8750ea606984d7229531fdc9910aa1e45ef
20260815,20260807,9,"[2087,2619,5115,6589,6815,7796,8371,12097,12644,13225,15018,23704]",12,0.0514608674166704,-0.0860438033751336,-0.160727577947812,0.00540062109629313,9d844605de4d20ec5638bf793d21e8750ea606984d7229531fdc9910aa1e45ef
20260815,20260807,10,"[3015,7796,8330,11067,13225,14260,16246,19014,19192,20929,21966,23139]",12,0.0255816069272752,-0.138931823684444,-0.237291777318955,0.00268469174702962,9d844605de4d20ec5638bf793d21e8750ea606984d7229531fdc9910aa1e45ef
20260815,20260807,11,"[6815,7263,8906,10088,11131,16246,16664,17286,17701,18821,21566,22900]",12,0.041755737699133,0.1508692092306,0.385672132464491,0.00438210487365723,9d844605de4d20ec5638bf793d21e8750ea606984d7229531fdc9910aa1e45ef
20260815,20260807,12,"[821,2918,11067,12950,13390,14067,15018,15213,15707,17286,22448,23939]",12,0.0350189953497859,0.112412537507225,0.647799932990048,0.00367510954538981,9d844605de4d20ec5638bf793d21e8750ea606984d7229531fdc9910aa1e45ef
20260815,20260807,13,"[784,1312,1496,3701,7796,12022,14127,14260,14777,18829,22625,23139]",12,0.4475437810708,0.0281898797315519,0.0979318378822373,0.0469680070877075,9d844605de4d20ec5638bf793d21e8750ea606984d7229531fdc9910aa1e45ef
20260815,20260807,14,"[1496,6863,12950,14777,16628,16637,19014,19192,20929,22487,23139,23164]",12,0.0553959283846105,-0.143521714698837,-0.472935489256736,0.00581359068552653,9d844605de4d20ec5638bf793d21e8750ea606984d7229531fdc9910aa1e45ef
20260815,20260807,15,"[5078,6589,6815,8330,12647,13344,13390,15018,16628,17270,19014,19959]",12,0.0378605547055002,-0.0272086548929921,-0.0623268440869422,0.00397332032521566,9d844605de4d20ec5638bf793d21e8750ea606984d7229531fdc9910aa1e45ef
20260815,20260807,16,"[581,1312,4083,6589,6863,7263,8028,13390,16503,16653,23245,23939]",12,0.040994966515148,-0.110845075733801,-0.267458918028154,0.00430226484934489,9d844605de4d20ec5638bf793d21e8750ea606984d7229531fdc9910aa1e45ef
20260815,20260807,17,"[581,7768,8028,10088,10892,12950,14995,16628,18649,22448,22487,23939]",12,0.0345035653377739,0.143719147119209,0.313190438917064,0.00362101713816325,9d844605de4d20ec5638bf793d21e8750ea606984d7229531fdc9910aa1e45ef
20260815,20260807,18,"[784,5397,7198,7698,8028,12647,16628,17270,18053,21234,22900,23784]",12,0.459813141778103,0.0570113902481253,0.18860054191179,0.0482556295394897,9d844605de4d20ec5638bf793d21e8750ea606984d7229531fdc9910aa1e45ef
20260815,20260807,19,"[1312,2040,2918,7263,10088,11131,12950,16628,18716,22185,22448,23245]",12,0.0345148335538334,0.110909338312175,0.275088723190154,0.00362219969431559,9d844605de4d20ec5638bf793d21e8750ea606984d7229531fdc9910aa1e45ef
20260815,20260807,20,"[2619,4224,5115,5437,5926,13225,18649,19959,20929,21354,22185,22487]",12,0.0445274916679948,-0.141565538559094,-0.268931404582893,0.00467298984527588,9d844605de4d20ec5638bf793d21e8750ea606984d7229531fdc9910aa1e45ef
20260815,20260807,21,"[581,821,1312,3019,4083,7198,13225,14995,22401,22448,23245,24297]",12,0.051225219333781,-0.140500553943447,-0.288334926733521,0.00537589073181152,9d844605de4d20ec5638bf793d21e8750ea606984d7229531fdc9910aa1e45ef
20260815,20260807,22,"[1801,2040,5397,7698,8371,10572,13225,14067,14542,15213,23784,24201]",12,0.0557456974460058,-0.0749555660331461,-0.136900736334489,0.00585029760996501,9d844605de4d20ec5638bf793d21e8750ea606984d7229531fdc9910aa1e45ef
20260815,20260807,23,"[821,1213,1496,5336,5926,10572,13888,18829,21498,21966,22625,24297]",12,0.0744261127094527,0.0139328753548189,0.0284062196220024,0.00781073570251465,9d844605de4d20ec5638bf793d21e8750ea606984d7229531fdc9910aa1e45ef
20260815,20260807,24,"[875,2040,5909,7263,7698,8271,8906,11067,22401,23164,23608,23784]",12,0.0260736372164217,-0.0527193803357068,-0.508378914795257,0.00273632844289144,9d844605de4d20ec5638bf793d21e8750ea606984d7229531fdc9910aa1e45ef
20260815,20260807,25,"[581,1960,2918,5397,6589,8906,10572,16246,17270,17373,23139,23784]",12,0.0423150743756026,-0.0907059654542493,-0.193222898541514,0.00444080511728923,9d844605de4d20ec5638bf793d21e8750ea606984d7229531fdc9910aa1e45ef
20260815,20260807,26,"[2619,3019,5336,5397,9450,12022,12644,14260,14388,14777,15018,24297]",12,0.0664948334396367,0.0344892861758126,0.0631889120687188,0.00697837829589844,9d844605de4d20ec5638bf793d21e8750ea606984d7229531fdc9910aa1e45ef
20260815,20260807,27,"[3019,4083,5909,13344,14784,15336,18716,19014,19959,22401,22900,24297]",12,0.071348753816332,-0.083023139237729,-0.107528896918818,0.00748777866363525,9d844605de4d20ec5638bf793d21e8750ea606984d7229531fdc9910aa1e45ef
20260815,20260807,28,"[1801,2087,5078,7263,10596,13344,14127,14777,15018,15707,17701,22900]",12,0.0944569873185467,0.0383158455227675,0.176562860171273,0.00991289933522542,9d844605de4d20ec5638bf793d21e8750ea606984d7229531fdc9910aa1e45ef
20260815,20260807,29,"[821,4546,6815,8028,10088,11740,13231,14777,16584,17373,18829,23704]",12,0.0609480692297991,0.0261378461449727,0.0558964155273353,0.00639626661936442,9d844605de4d20ec5638bf793d21e8750ea606984d7229531fdc9910aa1e45ef
20260815,20260807,30,"[3701,4083,5926,7768,11740,14260,16584,18821,19192,22487,23164,24201]",12,0.0392745795119024,-0.144218859246648,-0.264284825773797,0.00412171681722005,9d844605de4d20ec5638bf793d21e8750ea606984d7229531fdc9910aa1e45ef
20260815,20260807,31,"[1801,3848,4546,5078,12289,14067,14777,14784,16503,19959,22401,22448]",12,0.0606164444195319,-0.0457904351261855,-0.0612791809443042,0.00636146386464437,9d844605de4d20ec5638bf793d21e8750ea606984d7229531fdc9910aa1e45ef
20260815,20260807,32,"[3015,8330,12022,13390,14777,16246,18649,19959,21275,22401,23164,23939]",12,0.0516043099896537,-0.119395486483457,-0.245075297972735,0.0054156748453776,9d844605de4d20ec5638bf793d21e8750ea606984d7229531fdc9910aa1e45ef
20260815,20260807,33,"[8271,8330,11740,14127,14784,15018,16246,17701,19014,23245,23939,24201]",12,0.0960441397832501,-0.0188646328029541,-0.021915376286661,0.0100794649124145,9d844605de4d20ec5638bf793d21e8750ea606984d7229531fdc9910aa1e45ef
20260815,20260807,34,"[821,1312,3015,8605,14260,14388,14995,17373,18716,19014,21234,22401]",12,0.0332452509202263,0.0115859903430808,0.0310041467159011,0.00348896185557048,9d844605de4d20ec5638bf793d21e8750ea606984d7229531fdc9910aa1e45ef
20260815,20260807,35,"[2907,4224,6815,7768,8371,12644,14127,15096,16664,17119,18053,18821]",12,0.0598810721580359,-0.060431814618765,-0.18555594014736,0.00628428936004639,9d844605de4d20ec5638bf793d21e8750ea606984d7229531fdc9910aa1e45ef
20260815,20260807,36,"[2040,3701,5926,6815,7198,12644,14260,14777,16653,19014,21234,23784]",12,0.0585519224629206,-0.0694173620282295,-0.189475517743672,0.00614480018615723,9d844605de4d20ec5638bf793d21e8750ea606984d7229531fdc9910aa1e45ef
20260815,20260807,37,"[1064,1334,5078,5926,10892,12022,12325,13390,15336,20929,22185,24297]",12,0.0332806912771876,-0.0779760632288643,-0.227673152901799,0.00349268118540446,9d844605de4d20ec5638bf793d21e8750ea606984d7229531fdc9910aa1e45ef
20260815,20260807,38,"[8271,8605,12067,12325,17119,17270,18829,21234,21498,22448,24297,24368]",12,0.0458134010985269,0.0321971829957056,0.0926536409769191,0.00480794111887614,9d844605de4d20ec5638bf793d21e8750ea606984d7229531fdc9910aa1e45ef
20260815,20260807,39,"[1496,1801,3015,4224,6815,7698,12647,13231,14542,18649,19722,23608]",12,0.0119091715751435,-0.0869916101910937,-0.173119271897029,0.00124982198079427,9d844605de4d20ec5638bf793d21e8750ea606984d7229531fdc9910aa1e45ef
20260815,20260807,40,"[581,3019,5397,11067,14127,14995,16628,18829,19014,21498,22448,24201]",12,0.0453553420575275,-0.00803810815896571,-0.0576798181463253,0.00475986957550049,9d844605de4d20ec5638bf793d21e8750ea606984d7229531fdc9910aa1e45ef
20260815,20260807,41,"[2918,7263,7698,7768,8028,8605,10596,11740,14388,14784,20929,23245]",12,0.0681712229057146,0.0387030710914904,0.0581995074991718,0.00715430895487467,9d844605de4d20ec5638bf793d21e8750ea606984d7229531fdc9910aa1e45ef
20260815,20260807,42,"[581,1801,4224,8330,8906,11131,12022,12067,14260,18716,19722,23704]",12,0.0267177278405647,-0.138619739147132,-0.300705666830357,0.00280392328898112,9d844605de4d20ec5638bf793d21e8750ea606984d7229531fdc9910aa1e45ef
20260815,20260807,43,"[1064,1801,7796,14127,14995,15018,15213,16584,18821,20761,21234,24368]",12,0.0932744455958185,0.0314030595237179,0.0703382207229448,0.00978879610697428,9d844605de4d20ec5638bf793d21e8750ea606984d7229531fdc9910aa1e45ef
20260815,20260807,44,"[3019,5397,7198,8605,12097,13344,13798,14777,18821,19192,20929,23939]",12,0.0490013369344573,0.0179488694643843,0.040202877118677,0.005142502784729,9d844605de4d20ec5638bf793d21e8750ea606984d7229531fdc9910aa1e45ef
20260815,20260807,45,"[784,4224,6589,12067,14388,14995,15018,18821,23139,23164,23939,24297]",12,0.448686868891868,-0.0166432330250391,-0.032616991165251,0.0470879697799683,9d844605de4d20ec5638bf793d21e8750ea606984d7229531fdc9910aa1e45ef
20260815,20260807,46,"[821,2907,2918,4224,5078,6589,8371,11131,12289,14067,16584,20761]",12,0.010210821204111,-0.0620802275477452,-0.124416694648154,0.00107158660888672,9d844605de4d20ec5638bf793d21e8750ea606984d7229531fdc9910aa1e45ef
20260815,20260807,47,"[1312,3701,5115,12325,13231,13888,14260,15096,15213,15707,21966,24368]",12,0.0273840065514377,-0.147820470922316,-0.336174105672609,0.00287384668986003,9d844605de4d20ec5638bf793d21e8750ea606984d7229531fdc9910aa1e45ef
20260815,20260807,48,"[1334,5926,6863,10892,14388,16584,17373,18649,18821,19959,22448,22900]",12,0.036426219848378,-0.140452210519329,-0.363726774362939,0.00382279237111409,9d844605de4d20ec5638bf793d21e8750ea606984d7229531fdc9910aa1e45ef
20260815,20260807,49,"[784,1496,3019,3701,5078,8330,9450,14067,14777,18716,18829,22185]",12,0.433225361913063,0.0854675804655399,0.317778826485236,0.0454653437932332,9d844605de4d20ec5638bf793d21e8750ea606984d7229531fdc9910aa1e45ef
20260815,20260807,50,"[2040,2918,3848,4224,14542,15213,21354,22401,22487,23245,24201,24297]",12,0.0287697396540776,0.051744855436247,0.542776724616186,0.00301927407582601,9d844605de4d20ec5638bf793d21e8750ea606984d7229531fdc9910aa1e45ef
20260815,20260807,51,"[2087,4083,5078,5336,5437,7796,12022,12289,13231,16584,19959,21966]",12,0.0644870917814221,-0.0586998902285233,-0.0970003746357625,0.00676767349243164,9d844605de4d20ec5638bf793d21e8750ea606984d7229531fdc9910aa1e45ef
20260815,20260807,52,"[1213,3701,4083,4224,5397,6589,13390,16503,18053,21498,22401,22900]",12,0.0301240459444547,-0.0290916802222024,-0.0594836999969829,0.00316140333811442,9d844605de4d20ec5638bf793d21e8750ea606984d7229531fdc9910aa1e45ef
20260815,20260807,53,"[1213,8028,12022,12289,12325,13798,14995,15018,15707,16246,23139,23939]",12,0.0352132357677471,0.101606004177895,0.206448357779663,0.00369549433390299,9d844605de4d20ec5638bf793d21e8750ea606984d7229531fdc9910aa1e45ef
20260815,20260807,54,"[1801,2087,6863,8271,8371,12423,13231,14127,14388,14784,22625,24297]",12,0.0805770744236743,-0.198221201382343,-0.281422658849098,0.00845625559488932,9d844605de4d20ec5638bf793d21e8750ea606984d7229531fdc9910aa1e45ef
20260815,20260807,55,"[1801,2087,5115,5926,8371,10892,13390,16503,16584,17119,18649,23939]",12,0.0389484979369547,-0.108244230120702,-0.32699631349445,0.00408749580383301,9d844605de4d20ec5638bf793d21e8750ea606984d7229531fdc9910aa1e45ef
20260815,20260807,56,"[1496,2918,5078,8028,12644,13231,14535,14542,16628,18821,23139,23164]",12,0.0118929810872838,-0.11293265924822,-0.267715968850211,0.00124812285105387,9d844605de4d20ec5638bf793d21e8750ea606984d7229531fdc9910aa1e45ef
20260815,20260807,57,"[2918,5926,8028,10572,10596,11131,14067,14995,17286,23608,23688,23939]",12,0.0639870646937818,-0.115095407422841,-0.366036568223435,0.00671519756317139,9d844605de4d20ec5638bf793d21e8750ea606984d7229531fdc9910aa1e45ef
20260815,20260807,58,"[3019,4224,5437,5909,6589,13888,15336,18821,18829,19014,21354,23164]",12,0.0403877853567806,-0.107453921861515,-0.205520451628,0.00423854351043701,9d844605de4d20ec5638bf793d21e8750ea606984d7229531fdc9910aa1e45ef
20260815,20260807,59,"[581,3848,6589,7263,8330,12423,14777,19014,23139,23164,23245,23784]",12,0.0495135106743553,-0.176949056577449,-0.391649532663405,0.00519625345865885,9d844605de4d20ec5638bf793d21e8750ea606984d7229531fdc9910aa1e45ef
20260815,20260807,60,"[581,2907,6589,12289,14777,16628,18053,19192,20761,23164,23245,24297]",12,0.0354857175891537,0.00402615441713707,0.00642690484643206,0.00372409025828044,9d844605de4d20ec5638bf793d21e8750ea606984d7229531fdc9910aa1e45ef
20260815,20260807,61,"[784,821,5336,8271,8371,12423,13231,21234,21498,22185,23164,23245]",12,0.515354360480803,-0.0740240430808469,-0.137794871678328,0.0540844678878784,9d844605de4d20ec5638bf793d21e8750ea606984d7229531fdc9910aa1e45ef
20260815,20260807,62,"[1960,3701,4546,7698,8605,12022,12647,13390,14127,14542,14777,23688]",12,0.0815896841784084,0.0664377609180419,0.210556855367488,0.00856252511342367,9d844605de4d20ec5638bf793d21e8750ea606984d7229531fdc9910aa1e45ef
20260815,20260807,63,"[1960,5397,5437,7198,7263,8028,8271,10596,15213,20929,21354,23608]",12,0.0604367587806476,-0.101929798406375,-0.323545299059672,0.00634260654449463,9d844605de4d20ec5638bf793d21e8750ea606984d7229531fdc9910aa1e45ef
20260815,20260807,64,"[2918,5909,7198,8371,12325,13225,14127,17373,19014,21966,22401,23608]",12,0.0857941675865131,-0.15322771938239,-0.250024459748209,0.00900376955668132,9d844605de4d20ec5638bf793d21e8750ea606984d7229531fdc9910aa1e45ef
20260815,20260807,65,"[875,2087,7198,7698,9450,12067,12325,16628,17701,19014,22625,22900]",12,0.0405431776911495,0.0478255950295426,0.148550543810136,0.00425485134124756,9d844605de4d20ec5638bf793d21e8750ea606984d7229531fdc9910aa1e45ef
20260815,20260807,66,"[875,3848,5909,10572,13344,15018,15707,18053,21354,22401,22448,23784]",12,0.0785742853281632,0.0920604747331889,0.545794254386293,0.00824607054392497,9d844605de4d20ec5638bf793d21e8750ea606984d7229531fdc9910aa1e45ef
20260815,20260807,67,"[1064,1496,2619,5397,10892,13344,13390,14388,14542,20929,21566,22448]",12,0.00380099342955471,-0.0617756474228932,-0.142439984788538,0.000398899714152018,9d844605de4d20ec5638bf793d21e8750ea606984d7229531fdc9910aa1e45ef
20260815,20260807,68,"[10088,11067,11740,12644,14127,14784,15018,16628,16664,18829,22900,23939]",12,0.116616585453978,0.215872195519619,0.340084482560283,0.0122384643554687,9d844605de4d20ec5638bf793d21e8750ea606984d7229531fdc9910aa1e45ef
20260815,20260807,69,"[3015,7263,7768,8605,10572,12022,13344,15707,16584,16653,19959,22900]",12,0.101828520984697,0.0149917321974463,0.0369616569180463,0.0106865135828654,9d844605de4d20ec5638bf793d21e8750ea606984d7229531fdc9910aa1e45ef
20260815,20260807,70,"[581,1496,2087,4546,5115,13231,13390,14535,16503,17286,19014,19959]",12,0.0469825693874103,-0.12076600194427,-0.317021104469683,0.00493064085642497,9d844605de4d20ec5638bf793d21e8750ea606984d7229531fdc9910aa1e45ef
20260815,20260807,71,"[1496,5909,6589,8906,9450,13888,14995,15018,16653,19959,21354,21966]",12,0.0356117731835935,-0.0305086027769765,-0.0777852772714614,0.00373731931050618,9d844605de4d20ec5638bf793d21e8750ea606984d7229531fdc9910aa1e45ef
20260815,20260807,72,"[1960,3015,3848,5437,7698,12067,15336,17286,18716,18829,19014,22900]",12,0.0326423104883328,-0.0661332612468028,-0.194138791054365,0.00342568556467692,9d844605de4d20ec5638bf793d21e8750ea606984d7229531fdc9910aa1e45ef
20260815,20260807,73,"[2918,5397,5437,11131,13798,13888,15018,15096,16503,19959,22487,23608]",12,0.0626875395021778,0.0429619536610144,0.175224346556212,0.00657881736755371,9d844605de4d20ec5638bf793d21e8750ea606984d7229531fdc9910aa1e45ef
20260815,20260807,74,"[2619,4224,5078,6589,12325,17701,18829,20761,21234,22401,23704,23784]",12,0.0348134412794102,-0.110783492308707,-0.202842499235576,0.0036535374323527,9d844605de4d20ec5638bf793d21e8750ea606984d7229531fdc9910aa1e45ef
20260815,20260807,75,"[784,2087,3019,8605,11131,12647,13798,20929,23245,23688,23784,24297]",12,0.445899530253214,0.0906151694622607,0.210749871718034,0.046795449256897,9d844605de4d20ec5638bf793d21e8750ea606984d7229531fdc9910aa1e45ef
20260815,20260807,76,"[2087,3848,5437,6589,7698,12097,14535,16503,16664,17270,21234,23164]",12,0.0694180873617824,0.0516650087562076,0.164200083696583,0.00728516260782878,9d844605de4d20ec5638bf793d21e8750ea606984d7229531fdc9910aa1e45ef
20260815,20260807,77,"[875,2087,2619,5078,5437,8028,14127,14260,15018,15336,17286,17701]",12,0.096509620095579,0.00498944111045322,0.0129996705030737,0.0101283152898153,9d844605de4d20ec5638bf793d21e8750ea606984d7229531fdc9910aa1e45ef
20260815,20260807,78,"[1960,2040,4546,7698,11740,12067,14388,14542,16628,17119,22448,24297]",12,0.0203281343894701,-0.0706667596626887,-0.199060067957043,0.00213335990905762,9d844605de4d20ec5638bf793d21e8750ea606984d7229531fdc9910aa1e45ef
20260815,20260807,79,"[581,784,2040,5078,6815,8055,16653,17119,18649,22401,23139,23704]",12,0.442842011901811,-0.0797298975332713,-0.200865608292555,0.0464745744069417,9d844605de4d20ec5638bf793d21e8750ea606984d7229531fdc9910aa1e45ef
20260815,20260807,80,"[821,1334,1960,4083,7796,11067,12022,12289,14542,14995,19192,24201]",12,0.0020241593278497,0.00220206654854386,0.00529209972479474,0.000212427775065104,9d844605de4d20ec5638bf793d21e8750ea606984d7229531fdc9910aa1e45ef
20260815,20260807,81,"[3015,3701,5078,8330,8371,8906,11740,12289,14260,17286,19722,24297]",12,0.0349498109264529,-0.0951676950184707,-0.191476456593888,0.00366784890492757,9d844605de4d20ec5638bf793d21e8750ea606984d7229531fdc9910aa1e45ef
20260815,20260807,82,"[1334,5397,5909,6589,6863,11131,12022,13888,16637,17270,19722,20761]",12,0.00375130120255038,-0.13416220205337,-0.302898141921139,0.00039368470509847,9d844605de4d20ec5638bf793d21e8750ea606984d7229531fdc9910aa1e45ef
20260815,20260807,83,"[2040,2087,5078,8605,12097,12325,13390,17286,19959,22448,23164,24368]",12,0.03740875073605,0.0168903199950812,0.0501574469276902,0.00392590522766113,9d844605de4d20ec5638bf793d21e8750ea606984d7229531fdc9910aa1e45ef
20260815,20260807,84,"[2040,5397,6589,7796,8271,8605,13390,14784,16503,16584,22401,22900]",12,0.0361962816007767,-0.0384260246728796,-0.0546519645855386,0.00379866123199463,9d844605de4d20ec5638bf793d21e8750ea606984d7229531fdc9910aa1e45ef
20260815,20260807,85,"[581,2040,5078,5336,8028,8371,14260,15018,16628,17119,18649,23784]",12,0.0521015957505376,0.0124031719921832,0.0292109379489842,0.00546786308288574,9d844605de4d20ec5638bf793d21e8750ea606984d7229531fdc9910aa1e45ef
20260815,20260807,86,"[1334,2619,4546,5115,8906,11740,12644,13344,15213,17286,19959,21234]",12,0.0624770631600019,-0.0507227768699562,-0.102101552373597,0.00655672868092855,9d844605de4d20ec5638bf793d21e8750ea606984d7229531fdc9910aa1e45ef
20260815,20260807,87,"[581,5336,7198,8330,10892,13390,16246,17270,17286,19014,21234,22401]",12,0.0452534131676344,-0.0153564291281765,-0.0327203044237979,0.0047491725285848,9d844605de4d20ec5638bf793d21e8750ea606984d7229531fdc9910aa1e45ef
20260815,20260807,88,"[8028,12022,12067,12289,12647,13344,14388,16664,18821,21966,22487,23245]",12,0.0338234133931502,0.0739678611552761,0.197097486407561,0.00354963779449463,9d844605de4d20ec5638bf793d21e8750ea606984d7229531fdc9910aa1e45ef
20260815,20260807,89,"[3019,5926,7263,8028,8605,11067,12097,16246,16653,17701,18821,23939]",12,0.0518926188080793,-0.0178387837506095,-0.0420568763700171,0.00544593175252279,9d844605de4d20ec5638bf793d21e8750ea606984d7229531fdc9910aa1e45ef
20260815,20260807,90,"[1213,4546,5336,8605,9450,12067,12647,13390,17270,17286,21566,22625]",12,0.0297924968614459,0.0740797295632843,0.152794933757872,0.00312660853068034,9d844605de4d20ec5638bf793d21e8750ea606984d7229531fdc9910aa1e45ef
20260815,20260807,91,"[1334,2918,6589,12097,13231,14784,15018,16664,19722,21498,22185,22487]",12,0.0368812952353939,0.0188878623265007,0.0284997797762289,0.00387055079142253,9d844605de4d20ec5638bf793d21e8750ea606984d7229531fdc9910aa1e45ef
20260815,20260807,92,"[2040,2918,3701,4546,8371,11740,12289,12647,14388,17373,21966,22185]",12,0.0107836070416839,-0.0721387712265699,-0.134210265440801,0.001131698290507,9d844605de4d20ec5638bf793d21e8750ea606984d7229531fdc9910aa1e45ef
20260815,20260807,93,"[581,1064,2619,4083,5437,10892,12644,14127,14784,15707,23139,24368]",12,0.098805731154026,-0.0944183557527259,-0.113174585424094,0.010369283358256,9d844605de4d20ec5638bf793d21e8750ea606984d7229531fdc9910aa1e45ef
20260815,20260807,94,"[581,2907,10088,10572,13231,14388,14784,16503,16628,21498,22625,22900]",12,0.073677806232211,0.0683909621809244,0.116003473769596,0.00773220380147298,9d844605de4d20ec5638bf793d21e8750ea606984d7229531fdc9910aa1e45ef
20260815,20260807,95,"[1213,2918,5336,10596,10892,11131,13231,14777,21354,23688,23784,24297]",12,0.0600243329855988,0.0210482144941472,0.0519573076630924,0.00629932403564453,9d844605de4d20ec5638bf793d21e8750ea606984d7229531fdc9910aa1e45ef
20260815,20260807,96,"[1213,1960,2918,4546,5115,8271,8906,10572,12950,13798,17286,22448]",12,0.0495573719024579,-0.0300780683074822,-0.111376324532686,0.00520085652669271,9d844605de4d20ec5638bf793d21e8750ea606984d7229531fdc9910aa1e45ef
20260815,20260807,97,"[784,4224,6863,7768,8055,13225,17270,17701,19722,21234,23939,24297]",12,0.461289596136383,-0.121910085820053,-0.274166198037018,0.0484105777740478,9d844605de4d20ec5638bf793d21e8750ea606984d7229531fdc9910aa1e45ef
20260815,20260807,98,"[3848,6863,7198,11131,12022,14542,15018,16584,17286,19014,22401,23688]",12,0.0239240886940066,-0.0505708736134171,-0.193517516148286,0.00251074155171712,9d844605de4d20ec5638bf793d21e8750ea606984d7229531fdc9910aa1e45ef
20260815,20260807,99,"[8055,8330,8605,12022,12423,14535,16503,17373,18053,18821,21354,21966]",12,0.0262859764491558,-0.108976697641024,-0.309471057732855,0.00275861263275146,9d844605de4d20ec5638bf793d21e8750ea606984d7229531fdc9910aa1e45ef
20260816,20260808,0,"[581,1638,2619,5909,7698,14127,14174,14388,16503,18829,18913,24201]",12,0.0779335769055132,0.0316575277412679,0.0862517637845146,0.00884738922119141,9d844605de4d20ec5638bf793d21e8750ea606984d7229531fdc9910aa1e45ef
20260816,20260808,1,"[2073,2619,5926,6492,8605,14784,17119,18716,18913,20929,21234,22401]",12,0.0345715880545465,0.108191147092156,0.226309366704138,0.00392473061879476,9d844605de4d20ec5638bf793d21e8750ea606984d7229531fdc9910aa1e45ef
20260816,20260808,2,"[2040,2087,6815,8271,13888,14784,17270,20929,20976,22401,23164,23245]",12,0.0789359627838376,-0.00100489144892245,-0.00154431567250402,0.00896118481953939,9d844605de4d20ec5638bf793d21e8750ea606984d7229531fdc9910aa1e45ef
20260816,20260808,3,"[784,6589,10471,12289,14995,15257,18475,20929,21275,22900,23245,23688]",12,0.415938923934265,0.0908169774347976,0.183714967675533,0.0472193590799967,9d844605de4d20ec5638bf793d21e8750ea606984d7229531fdc9910aa1e45ef
20260816,20260808,4,"[875,4546,5926,6863,8028,12423,13344,18649,18829,20929,21234,23139]",12,0.0349934934664165,-0.114270757066126,-0.32341242519844,0.00397262732187907,9d844605de4d20ec5638bf793d21e8750ea606984d7229531fdc9910aa1e45ef
20260816,20260808,5,"[1213,2907,3015,5336,6863,13225,15336,17373,18821,18829,18913,20976]",12,0.0774920001223125,-0.0174393323161178,-0.0300291292080018,0.00879725933074951,9d844605de4d20ec5638bf793d21e8750ea606984d7229531fdc9910aa1e45ef
20260816,20260808,6,"[1312,2073,6815,9113,11740,12325,13344,16664,18716,19014,22401,23164]",12,0.0176047572628383,-0.00591224522288275,-0.024852425272352,0.00199857552846273,9d844605de4d20ec5638bf793d21e8750ea606984d7229531fdc9910aa1e45ef
20260816,20260808,7,"[4083,4224,5437,6611,6863,8271,8605,10043,13344,14995,17119,20311]",12,0.00780372401320841,-0.0198950309737035,-0.0739321674269637,0.000885915756225586,9d844605de4d20ec5638bf793d21e8750ea606984d7229531fdc9910aa1e45ef
20260816,20260808,8,"[581,7198,10428,10509,13344,14127,14260,16664,18821,19192,23164,24201]",12,0.0777861046249256,-0.0171559817590012,-0.0738863361014113,0.00883064746856689,9d844605de4d20ec5638bf793d21e8750ea606984d7229531fdc9910aa1e45ef
20260816,20260808,9,"[1064,1496,2907,3015,6589,8028,11067,12423,14784,18821,19192,21234]",12,0.0466382452453525,0.01995374696341,0.0376204769233637,0.00529459476470947,9d844605de4d20ec5638bf793d21e8750ea606984d7229531fdc9910aa1e45ef
20260816,20260808,10,"[4083,4841,6863,9626,10043,12950,13225,14127,16637,17373,24201,24297]",12,0.0950380232906796,-0.146916365745032,-0.257384667724898,0.0107891670862834,9d844605de4d20ec5638bf793d21e8750ea606984d7229531fdc9910aa1e45ef
20260816,20260808,11,"[821,1312,6863,8055,8617,15336,20929,21677,21966,22401,23164,23704]",12,0.0337516208929957,-0.142675235826139,-0.318131923751625,0.00383164405822754,9d844605de4d20ec5638bf793d21e8750ea606984d7229531fdc9910aa1e45ef
20260816,20260808,12,"[1400,3019,4224,5437,5926,8605,10892,11740,16664,21966,23139,23608]",12,0.0511194536393521,0.0404172523827759,0.155724010279493,0.00580332279205322,9d844605de4d20ec5638bf793d21e8750ea606984d7229531fdc9910aa1e45ef
20260816,20260808,13,"[1496,4546,7198,7698,11744,12423,13390,13888,15707,16503,16637,23747]",12,0.0126509039198141,0.0541270424589131,0.194237284937639,0.00143619060516357,9d844605de4d20ec5638bf793d21e8750ea606984d7229531fdc9910aa1e45ef
20260816,20260808,14,"[1312,4083,4841,7796,8371,10892,11067,11952,13558,18821,21966,24297]",12,0.0402959291098101,-0.110771758264022,-0.304067060738319,0.0045745849609375,9d844605de4d20ec5638bf793d21e8750ea606984d7229531fdc9910aa1e45ef
20260816,20260808,15,"[1638,2907,3015,6192,6863,7768,12950,14777,18053,18649,18913,22401]",12,0.0540223460057848,-0.0899489955613236,-0.282932720154955,0.00613287289937337,9d844605de4d20ec5638bf793d21e8750ea606984d7229531fdc9910aa1e45ef
20260816,20260808,16,"[784,2087,8055,8371,11744,12289,12950,16584,21966,22401,23139,23608]",12,0.449967456131302,0.0250744198146319,0.0652323204064727,0.0510824394226074,9d844605de4d20ec5638bf793d21e8750ea606984d7229531fdc9910aa1e45ef
20260816,20260808,17,"[11744,12022,13798,14697,15096,16628,17954,18821,19014,21275,21966,22625]",12,0.0112385414612023,-0.115537361711265,-0.305581225669414,0.00127585252126058,9d844605de4d20ec5638bf793d21e8750ea606984d7229531fdc9910aa1e45ef
20260816,20260808,18,"[1638,2907,5115,5437,7796,12022,13225,13558,14174,22401,23139,23704]",12,0.0150162148103669,-0.132883802335855,-0.297311940476377,0.0017047119140625,9d844605de4d20ec5638bf793d21e8750ea606984d7229531fdc9910aa1e45ef
20260816,20260808,19,"[1638,2040,2073,7263,7796,8605,12022,14535,16503,18913,19014,23245]",12,0.0316919093063816,0.0765619882752568,0.330478087654822,0.00359781583150228,9d844605de4d20ec5638bf793d21e8750ea606984d7229531fdc9910aa1e45ef
20260816,20260808,20,"[784,821,1400,4546,5336,12289,12423,13390,14388,14535,17373,24201]",12,0.435103893962656,0.00642579094368199,0.0155110623815422,0.0493950573603312,9d844605de4d20ec5638bf793d21e8750ea606984d7229531fdc9910aa1e45ef
20260816,20260808,21,"[7198,8028,8271,10428,10471,11131,11952,16503,18053,18913,21966,23245]",12,0.0308150561791964,-0.011087406452132,-0.0377231349247481,0.00349827130635579,9d844605de4d20ec5638bf793d21e8750ea606984d7229531fdc9910aa1e45ef
20260816,20260808,22,"[1400,2073,2619,5909,6863,9626,10428,10471,11131,14542,18829,21354]",12,0.00186521002752144,-0.0489071553421749,-0.134591192843897,0.000211747487386068,9d844605de4d20ec5638bf793d21e8750ea606984d7229531fdc9910aa1e45ef
20260816,20260808,23,"[875,6589,8605,10043,11952,14777,15018,16637,17119,18649,20976,24297]",12,0.0833161821376892,0.0400940929745905,0.116209408621767,0.00945844809214274,9d844605de4d20ec5638bf793d21e8750ea606984d7229531fdc9910aa1e45ef
20260816,20260808,24,"[1638,2040,4224,8028,8055,10043,10509,12289,14127,18829,20311,20929]",12,0.0973819126878973,0.0217337331787369,0.0475011386195212,0.0110552565256755,9d844605de4d20ec5638bf793d21e8750ea606984d7229531fdc9910aa1e45ef
20260816,20260808,25,"[6863,7698,10471,10509,11740,14127,16837,18829,18913,21234,22900,23688]",12,0.102061668923064,-0.0630294431318552,-0.204855879307256,0.0115865246454875,9d844605de4d20ec5638bf793d21e8750ea606984d7229531fdc9910aa1e45ef
20260816,20260808,26,"[581,1400,1496,6863,8617,11740,14784,15018,17954,18053,20976,24297]",12,0.0677519131213675,0.000547895708823316,0.000926930828146349,0.0076915184656779,9d844605de4d20ec5638bf793d21e8750ea606984d7229531fdc9910aa1e45ef
20260816,20260808,27,"[821,11067,12423,13225,14777,16503,17270,18716,18913,19959,21498,22625]",12,0.0621371997084661,-0.0755332774019075,-0.259278939711073,0.00705410957336426,9d844605de4d20ec5638bf793d21e8750ea606984d7229531fdc9910aa1e45ef
20260816,20260808,28,"[1496,5115,6611,9626,17270,18053,18475,18829,21354,21966,23608,23747]",12,0.0193387221409979,-0.00344463066022325,-0.0124462290330576,0.00219542344411214,9d844605de4d20ec5638bf793d21e8750ea606984d7229531fdc9910aa1e45ef
20260816,20260808,29,"[784,821,2040,2619,4083,8371,14174,14995,17373,18475,19192,21354]",12,0.461936610524993,0.0492078502594523,0.124756779943052,0.052441234588623,9d844605de4d20ec5638bf793d21e8750ea606984d7229531fdc9910aa1e45ef
20260816,20260808,30,"[4295,11740,11744,12325,12423,14777,16503,17270,17701,18913,21275,23784]",12,0.0445427891669184,-0.0493416360831386,-0.193940700760967,0.0050567086537679,9d844605de4d20ec5638bf793d21e8750ea606984d7229531fdc9910aa1e45ef
20260816,20260808,31,"[1064,1213,4841,6192,6589,9113,11067,12741,12950,19192,19959,21498]",12,0.0262180597133787,0.0468450944928897,0.112413065777826,0.00297639846801758,9d844605de4d20ec5638bf793d21e8750ea606984d7229531fdc9910aa1e45ef
20260816,20260808,32,"[3019,6192,6863,7263,8028,13225,13888,14542,17701,18649,21275,22929]",12,0.0452962936952261,-0.111564268678765,-0.275916645975818,0.00514225006103516,9d844605de4d20ec5638bf793d21e8750ea606984d7229531fdc9910aa1e45ef
20260816,20260808,33,"[581,784,821,4841,6863,7198,9113,11744,12325,13558,14260,23608]",12,0.447342679152849,-0.0668609980139763,-0.235479368511662,0.0507844622929891,9d844605de4d20ec5638bf793d21e8750ea606984d7229531fdc9910aa1e45ef
20260816,20260808,34,"[1400,1496,2619,4224,5909,8055,12325,13225,14542,15018,22900,22929]",12,0.0315522075674939,0.0439776452266208,0.0973633982091082,0.00358195622762044,9d844605de4d20ec5638bf793d21e8750ea606984d7229531fdc9910aa1e45ef
20260816,20260808,35,"[1400,2087,3019,4841,8028,10428,12325,12741,13225,13344,14784,21354]",12,0.0573834203129969,-0.0398245888957808,-0.0660317357959408,0.00651443799336751,9d844605de4d20ec5638bf793d21e8750ea606984d7229531fdc9910aa1e45ef
20260816,20260808,36,"[5909,7198,7263,7768,11952,12423,12950,14174,14697,17701,18053,24201]",12,0.0461743509063504,-0.121479713841434,-0.367363081543271,0.00524193127950033,9d844605de4d20ec5638bf793d21e8750ea606984d7229531fdc9910aa1e45ef
20260816,20260808,37,"[875,1312,2040,5336,5437,11744,12289,13344,13390,16664,18649,23139]",12,0.0146206452344206,0.121971511217197,0.355292098449427,0.00165980497996012,9d844605de4d20ec5638bf793d21e8750ea606984d7229531fdc9910aa1e45ef
20260816,20260808,38,"[784,5115,14127,14777,14995,15707,17954,18649,22401,22448,22900,23139]",12,0.433779289621838,-0.00302114991836044,-0.0123788679473552,0.0492446819941203,9d844605de4d20ec5638bf793d21e8750ea606984d7229531fdc9910aa1e45ef
20260816,20260808,39,"[1312,1400,6815,7198,7698,10043,11067,13558,15257,15336,17701,18821]",12,0.018161324062223,0.0193351189035565,0.0518391284310189,0.00206175963083903,9d844605de4d20ec5638bf793d21e8750ea606984d7229531fdc9910aa1e45ef
20260816,20260808,40,"[581,5336,6863,8271,8605,11067,13798,16837,18829,21354,21966,24297]",12,0.0242566209775616,0.0322185765295685,0.0798444372164232,0.00275372664133708,9d844605de4d20ec5638bf793d21e8750ea606984d7229531fdc9910aa1e45ef
20260816,20260808,41,"[5336,6192,8371,9113,11952,14127,14260,14784,17119,18649,21234,21354]",12,0.0978122886902692,0.0396353538557252,0.0582226661090738,0.0111041148503621,9d844605de4d20ec5638bf793d21e8750ea606984d7229531fdc9910aa1e45ef
20260816,20260808,42,"[1638,2087,5115,5336,7796,12423,14260,16664,19192,19959,22900,23164]",12,0.0650199586713589,0.0910480837652642,0.223536695524973,0.00738137404123942,9d844605de4d20ec5638bf793d21e8750ea606984d7229531fdc9910aa1e45ef
20260816,20260808,43,"[2073,2087,4295,6492,17373,17701,18716,18913,19014,21234,21966,22625]",12,0.0390304088878644,0.0296182538480405,0.129634649769739,0.00443091710408529,9d844605de4d20ec5638bf793d21e8750ea606984d7229531fdc9910aa1e45ef
20260816,20260808,44,"[7198,11067,13344,13888,14260,14784,14995,15257,20311,22448,22900,24297]",12,0.0677810911554266,-0.0278920526699915,-0.0470400195255139,0.00769483089447021,9d844605de4d20ec5638bf793d21e8750ea606984d7229531fdc9910aa1e45ef
20260816,20260808,45,"[5926,6589,6611,7768,11744,14388,18649,20976,21234,22625,23245,23784]",12,0.0616057226581379,-0.0126287627611667,-0.0361320493458583,0.00699377377827962,9d844605de4d20ec5638bf793d21e8750ea606984d7229531fdc9910aa1e45ef
20260816,20260808,46,"[1400,7198,10509,14388,14777,14784,17701,18475,19014,21498,23608,23688]",12,0.0482586762088359,0.00168116971799272,0.00284646931853957,0.00547855377197266,9d844605de4d20ec5638bf793d21e8750ea606984d7229531fdc9910aa1e45ef
20260816,20260808,47,"[3019,4083,5926,6589,10043,12325,13344,13798,18913,19192,21275,21354]",12,0.0300751045956916,0.0212196867660079,0.0516370320047336,0.00341426849365234,9d844605de4d20ec5638bf793d21e8750ea606984d7229531fdc9910aa1e45ef
20260816,20260808,48,"[3019,5909,8271,11131,11744,15018,15707,16628,20311,21354,22625,22929]",12,0.0360049659781883,-0.0038334857099956,-0.0134266777647061,0.00408745447794596,9d844605de4d20ec5638bf793d21e8750ea606984d7229531fdc9910aa1e45ef
20260816,20260808,49,"[4295,5115,8028,8271,13225,13798,14697,17373,18649,18716,21966,23139]",12,0.030437309845744,-0.0629586303509086,-0.125798155126463,0.00345538775126139,9d844605de4d20ec5638bf793d21e8750ea606984d7229531fdc9910aa1e45ef
20260816,20260808,50,"[875,1312,3015,6815,8271,10892,11740,11744,14995,18649,20976,22900]",12,0.0675818152635057,-0.0678068903549264,-0.187373182519016,0.00767220815022786,9d844605de4d20ec5638bf793d21e8750ea606984d7229531fdc9910aa1e45ef
20260816,20260808,51,"[2073,3019,4295,6815,9113,10043,11131,13225,13390,13798,17270,20929]",12,0.0213166120236574,-0.0864069413294123,-0.212753950934228,0.00241996288299561,9d844605de4d20ec5638bf793d21e8750ea606984d7229531fdc9910aa1e45ef
20260816,20260808,52,"[4224,5336,8371,8605,13225,13558,16503,18053,18475,18913,19192,23747]",12,0.0287013288270352,0.184893651019559,0.373584968158749,0.00325831095377604,9d844605de4d20ec5638bf793d21e8750ea606984d7229531fdc9910aa1e45ef
20260816,20260808,53,"[581,2907,4295,6611,7198,8271,10509,15096,18053,22929,23139,23784]",12,0.0143375314979958,-0.0354196585090658,-0.159336035736858,0.00162766456604004,9d844605de4d20ec5638bf793d21e8750ea606984d7229531fdc9910aa1e45ef
20260816,20260808,54,"[784,1638,3015,9113,10892,12423,12741,13225,14388,19192,20929,21354]",12,0.433695213760742,-0.0717562594549382,-0.222544453403353,0.0492351373036702,9d844605de4d20ec5638bf793d21e8750ea606984d7229531fdc9910aa1e45ef
20260816,20260808,55,"[1213,2907,3019,5115,5437,7768,10471,11744,13390,16503,19192,24297]",12,0.0489169460981464,0.0785907635156968,0.221332109171167,0.00555328369140625,9d844605de4d20ec5638bf793d21e8750ea606984d7229531fdc9910aa1e45ef
20260816,20260808,56,"[3015,8605,13225,13390,15096,15336,16584,18649,19192,19959,22929,23784]",12,0.0503549303429041,0.0546512272143762,0.159824598161149,0.00571653048197428,9d844605de4d20ec5638bf793d21e8750ea606984d7229531fdc9910aa1e45ef
20260816,20260808,57,"[2040,6192,7768,10043,11740,13344,14260,14542,18053,19959,21275,22401]",12,0.0415056414412762,-0.00379789657148658,-0.0151107638549995,0.00471191724141439,9d844605de4d20ec5638bf793d21e8750ea606984d7229531fdc9910aa1e45ef
20260816,20260808,58,"[1400,1638,2073,10509,13798,14127,14697,15096,18913,21498,23164,23688]",12,0.0605992764967631,0.010659914146139,0.0421474737500043,0.00687951723734538,9d844605de4d20ec5638bf793d21e8750ea606984d7229531fdc9910aa1e45ef
20260816,20260808,59,"[3015,3019,5115,6192,7263,7698,10892,11131,14127,21498,21966,22625]",12,0.0775521903182915,-0.0641267037169093,-0.190267724708862,0.00880409240722656,9d844605de4d20ec5638bf793d21e8750ea606984d7229531fdc9910aa1e45ef
20260816,20260808,60,"[875,2073,2087,5926,8271,14784,18913,19192,20311,21498,23688,23784]",12,0.046180021301645,0.0909429431405481,0.161923933771043,0.0052425750096639,9d844605de4d20ec5638bf793d21e8750ea606984d7229531fdc9910aa1e45ef
20260816,20260808,61,"[2073,6611,7768,8028,12423,13390,16628,17119,19014,20976,22448,23245]",12,0.0649176675404396,-0.116244845044862,-0.333601045042865,0.00736976146697998,9d844605de4d20ec5638bf793d21e8750ea606984d7229531fdc9910aa1e45ef
20260816,20260808,62,"[2073,7698,8028,11067,14535,14995,15257,15707,16628,19014,21966,23784]",12,0.0235698871039698,-0.0560284686238737,-0.255930184024019,0.00267576535542806,9d844605de4d20ec5638bf793d21e8750ea606984d7229531fdc9910aa1e45ef
20260816,20260808,63,"[1400,5437,6492,8055,9626,12423,14542,16664,20976,23139,23608,24297]",12,0.0744571625577162,-0.10467944390941,-0.327971970076197,0.00845273017883301,9d844605de4d20ec5638bf793d21e8750ea606984d7229531fdc9910aa1e45ef
20260816,20260808,64,"[7198,8055,10471,12423,13344,13390,14777,15018,15707,16503,16628,19959]",12,0.062179496657071,-0.0530036363199167,-0.153311330014837,0.00705891132354736,9d844605de4d20ec5638bf793d21e8750ea606984d7229531fdc9910aa1e45ef
20260816,20260808,65,"[4841,6492,7198,8028,11131,11740,12289,14995,15096,16628,23608,24201]",12,0.00806396015479031,-0.0730954491267365,-0.195992669190779,0.000915458997090658,9d844605de4d20ec5638bf793d21e8750ea606984d7229531fdc9910aa1e45ef
20260816,20260808,66,"[1213,2619,2907,5336,7698,7796,10043,15257,16637,18649,22448,23784]",12,0.0130977310690283,0.101479498407535,0.199732811100956,0.00148691654205322,9d844605de4d20ec5638bf793d21e8750ea606984d7229531fdc9910aa1e45ef
20260816,20260808,67,"[784,7198,8271,11131,11952,12950,13558,15096,19959,22929,23139,23704]",12,0.50846457008211,-0.0839911801505483,-0.216838606951898,0.0577233091990153,9d844605de4d20ec5638bf793d21e8750ea606984d7229531fdc9910aa1e45ef
20260816,20260808,68,"[821,4224,4295,6192,6815,10471,10892,11067,14542,16503,19192,23688]",12,0.0128208197649875,0.0165281913563261,0.0980220565679554,0.00145548025767008,9d844605de4d20ec5638bf793d21e8750ea606984d7229531fdc9910aa1e45ef
20260816,20260808,69,"[1638,4083,4224,9113,10471,16503,16628,17701,19192,22448,22929,24297]",12,0.0278251897496278,-0.0637531127704202,-0.314594954259498,0.00315884749094645,9d844605de4d20ec5638bf793d21e8750ea606984d7229531fdc9910aa1e45ef
20260816,20260808,70,"[875,2040,7698,11952,12325,13558,14784,16584,17119,17701,22401,23704]",12,0.0281221784533043,-0.0231547928109705,-0.039466150746107,0.0031925630569458,9d844605de4d20ec5638bf793d21e8750ea606984d7229531fdc9910aa1e45ef
20260816,20260808,71,"[2040,8617,10509,12289,14535,14784,15257,17954,18475,19959,24201,24297]",12,0.0618051945637234,0.0238682174332102,0.0350869687419974,0.00701641877492269,9d844605de4d20ec5638bf793d21e8750ea606984d7229531fdc9910aa1e45ef
20260816,20260808,72,"[2073,3015,4295,10471,11744,12022,14260,15096,19959,21354,22625,23164]",12,0.0372635837189482,-0.0971089638084251,-0.33169739757728,0.00423033873240153,9d844605de4d20ec5638bf793d21e8750ea606984d7229531fdc9910aa1e45ef
20260816,20260808,73,"[1638,4083,4841,6589,6611,11740,13888,14174,20929,22448,23164,23784]",12,0.0190623428740464,-0.0460255821211888,-0.129096573661766,0.00216404755910238,9d844605de4d20ec5638bf793d21e8750ea606984d7229531fdc9910aa1e45ef
20260816,20260808,74,"[581,5437,7263,10043,14260,14388,15707,16503,18913,19192,22900,23747]",12,0.0479887793937891,0.0131087935440855,0.054096930611167,0.00544791380564372,9d844605de4d20ec5638bf793d21e8750ea606984d7229531fdc9910aa1e45ef
20260816,20260808,75,"[784,1064,1400,2040,4841,11952,12950,13888,17270,17701,23164,23784]",12,0.429478497805039,0.0213022802213701,0.074936030138171,0.0487564357121785,9d844605de4d20ec5638bf793d21e8750ea606984d7229531fdc9910aa1e45ef
20260816,20260808,76,"[581,2040,2073,5336,11952,12423,13558,13798,18716,19192,19959,21354]",12,0.0291392093525624,0.00202197479865269,0.00547223768501485,0.00330802122751872,9d844605de4d20ec5638bf793d21e8750ea606984d7229531fdc9910aa1e45ef
20260816,20260808,77,"[5336,7768,11744,13344,14260,14995,16628,16637,18053,18716,21234,23608]",12,0.0274506916426158,0.026270939467161,0.0606023478279512,0.00311633268992106,9d844605de4d20ec5638bf793d21e8750ea606984d7229531fdc9910aa1e45ef
20260816,20260808,78,"[1400,1638,2040,3015,4295,11744,14542,15336,15707,17119,20976,23245]",12,0.0600486461112177,-0.0877411247351156,-0.192998305881022,0.00681700706481934,9d844605de4d20ec5638bf793d21e8750ea606984d7229531fdc9910aa1e45ef
20260816,20260808,79,"[1496,4083,5437,6589,8617,11067,11952,13225,13888,15096,19014,24297]",12,0.0353960915323329,-0.0655580043797881,-0.126142364934882,0.00401833216349284,9d844605de4d20ec5638bf793d21e8750ea606984d7229531fdc9910aa1e45ef
20260816,20260808,80,"[1400,1638,7698,14127,15018,15336,16664,18821,20929,21275,22625,23688]",12,0.0795592722359861,0.0536094800203275,0.225868814292025,0.00903194586435954,9d844605de4d20ec5638bf793d21e8750ea606984d7229531fdc9910aa1e45ef
20260816,20260808,81,"[1496,2073,2619,7698,7768,8371,10471,13390,15257,16628,17373,19014]",12,0.00859966549988133,0.0146972204191615,0.0341842234344488,0.000976274808247884,9d844605de4d20ec5638bf793d21e8750ea606984d7229531fdc9910aa1e45ef
20260816,20260808,82,"[821,875,2073,4224,12741,14174,17954,18053,18716,18829,19959,20929]",12,0.0378057715159439,-0.0120644703360993,-0.0644056466252232,0.00429189046223958,9d844605de4d20ec5638bf793d21e8750ea606984d7229531fdc9910aa1e45ef
20260816,20260808,83,"[875,1064,2907,6611,7263,8605,9626,10428,14127,14777,16664,23747]",12,0.0941463291288962,0.129787072618043,0.502916516894764,0.0106879377365112,9d844605de4d20ec5638bf793d21e8750ea606984d7229531fdc9910aa1e45ef
20260816,20260808,84,"[875,2619,5437,6589,7198,11131,11952,14535,16503,20311,22448,24201]",12,0.00462352831540592,-0.0464202496009618,-0.109785612526627,0.000524884859720866,9d844605de4d20ec5638bf793d21e8750ea606984d7229531fdc9910aa1e45ef
20260816,20260808,85,"[3015,5926,6492,7698,8271,10509,11952,12289,13558,14784,17270,18821]",12,0.0185689344775603,0.0158260768862169,0.0244103362992335,0.00210803349812826,9d844605de4d20ec5638bf793d21e8750ea606984d7229531fdc9910aa1e45ef
20260816,20260808,86,"[581,2087,7698,10892,11740,15018,16628,19192,21354,22401,22625,23747]",12,0.0380098777445973,0.0785285219689056,0.257218727072577,0.00431506156921387,9d844605de4d20ec5638bf793d21e8750ea606984d7229531fdc9910aa1e45ef
20260816,20260808,87,"[8371,9113,10509,11744,13225,14542,14697,16837,17119,18649,20311,21275]",12,0.0165500497370673,-0.0552821573564901,-0.126867855678261,0.00187884012858073,9d844605de4d20ec5638bf793d21e8750ea606984d7229531fdc9910aa1e45ef
20260816,20260808,88,"[2073,3015,6192,6589,7698,10043,10892,13558,14127,15707,22929,23688]",12,0.064020064966769,-0.0468612372982888,-0.10029338438281,0.00726786136627197,9d844605de4d20ec5638bf793d21e8750ea606984d7229531fdc9910aa1e45ef
20260816,20260808,89,"[2087,2619,4083,4224,5926,7263,8371,15336,17954,18053,21234,22401]",12,0.0725460853327007,-0.00824549707989135,-0.0193111600298779,0.00823577562967936,9d844605de4d20ec5638bf793d21e8750ea606984d7229531fdc9910aa1e45ef
20260816,20260808,90,"[2087,3015,4546,5909,6815,11131,12325,13344,17373,18913,19014,24297]",12,0.0263487588246752,-0.0604008647447528,-0.179700931770582,0.00299123605092367,9d844605de4d20ec5638bf793d21e8750ea606984d7229531fdc9910aa1e45ef
20260816,20260808,91,"[1213,1312,2040,3019,11131,13390,14388,14542,18821,18829,20929,23704]",12,0.0270157793240082,-0.071862923577924,-0.160301716558963,0.00306695938110352,9d844605de4d20ec5638bf793d21e8750ea606984d7229531fdc9910aa1e45ef
20260816,20260808,92,"[5115,6192,6815,14127,14784,17119,18475,19192,19959,21677,22900,23784]",12,0.0865520177142589,0.0438101295411259,0.051852761210718,0.00982579549153646,9d844605de4d20ec5638bf793d21e8750ea606984d7229531fdc9910aa1e45ef
20260816,20260808,93,"[1064,1312,1400,3015,12022,13798,17954,19014,22900,23164,23784,24201]",12,0.0143463241109464,-0.099113333481064,-0.252922714292956,0.00162866274515788,9d844605de4d20ec5638bf793d21e8750ea606984d7229531fdc9910aa1e45ef
20260816,20260808,94,"[2040,2073,7768,8371,14535,14995,18716,18829,21234,23747,24201,24297]",12,0.0418937344960192,0.0214983117430649,0.175373034880923,0.00475597540537516,9d844605de4d20ec5638bf793d21e8750ea606984d7229531fdc9910aa1e45ef
20260816,20260808,95,"[1638,5115,5437,7263,10509,12741,13888,17373,18053,21498,21677,23245]",12,0.0208070745027777,-0.0369865389355392,-0.302497565159322,0.00236211776733398,9d844605de4d20ec5638bf793d21e8750ea606984d7229531fdc9910aa1e45ef
20260816,20260808,96,"[1312,2907,8055,11744,12289,13558,14777,15257,17119,19014,19959,22625]",12,0.0500480849520982,-0.0309486846477049,-0.0827468081752096,0.00568169593811035,9d844605de4d20ec5638bf793d21e8750ea606984d7229531fdc9910aa1e45ef
20260816,20260808,97,"[6815,8271,8605,11067,12022,15018,16637,17373,18649,18821,21677,23245]",12,0.0208350904558259,0.0753939724532469,0.235093977679714,0.0023652982711792,9d844605de4d20ec5638bf793d21e8750ea606984d7229531fdc9910aa1e45ef
20260816,20260808,98,"[581,2087,9626,10428,12950,16664,17954,18053,20311,23784,24201,24297]",12,0.0583683609751803,-0.00499629876004244,-0.0242087164260759,0.00662625312805176,9d844605de4d20ec5638bf793d21e8750ea606984d7229531fdc9910aa1e45ef
20260816,20260808,99,"[1496,2619,5437,6589,6863,8371,11744,13344,13888,18829,20929,23784]",12,0.00924438244438896,-0.0545340957852838,-0.124286295774561,0.00104946613311768,9d844605de4d20ec5638bf793d21e8750ea606984d7229531fdc9910aa1e45ef
20260817,20260809,0,"[821,2907,5437,6666,7698,12022,13558,14127,14388,15707,16503,19959]",12,0.0777305001082303,-0.00098921918597662,-0.00406238610896484,0.00915001551310221,9d844605de4d20ec5638bf793d21e8750ea606984d7229531fdc9910aa1e45ef
20260817,20260809,1,"[875,2087,3015,7768,10428,12289,16503,16637,17286,17373,19959,21908]",12,0.0456479872455208,0.00402041544115921,0.0102989126995511,0.00537343502044678,9d844605de4d20ec5638bf793d21e8750ea606984d7229531fdc9910aa1e45ef
20260817,20260809,2,"[386,2040,6863,8617,8906,12325,12937,12950,14697,21234,22271,22401]",12,0.0488351892770081,-0.088894399301362,-0.285783104621044,0.00574861526489258,9d844605de4d20ec5638bf793d21e8750ea606984d7229531fdc9910aa1e45ef
20260817,20260809,3,"[386,581,1919,8906,11131,12289,12423,16628,18829,19192,22625,22900]",12,0.0408574150432215,-0.0276419275988931,-0.0827853771783824,0.00480951468149821,9d844605de4d20ec5638bf793d21e8750ea606984d7229531fdc9910aa1e45ef
20260817,20260809,4,"[2040,4546,6589,8055,8271,9887,10892,15707,16503,16584,16664,18242]",12,0.0392072042380877,-0.0415098919067547,-0.126783680118143,0.00461526075998942,9d844605de4d20ec5638bf793d21e8750ea606984d7229531fdc9910aa1e45ef
20260817,20260809,5,"[1064,2087,7693,8055,10043,12325,12568,12741,12950,18749,18829,21234]",12,0.0568486239648865,0.0217014949240975,0.0680730313937973,0.00669191360473633,9d844605de4d20ec5638bf793d21e8750ea606984d7229531fdc9910aa1e45ef
20260817,20260809,6,"[1064,1213,1447,6521,6815,7768,12950,14777,16438,21234,23784,24297]",12,0.0403907505396766,0.136970497631011,0.305057642424046,0.00475458145141602,9d844605de4d20ec5638bf793d21e8750ea606984d7229531fdc9910aa1e45ef
20260817,20260809,7,"[581,1213,2040,2907,7768,16246,16628,17119,20311,21966,23139,24201]",12,0.0153541681933081,-0.00157895919353137,-0.0044739562350827,0.0018074099222819,9d844605de4d20ec5638bf793d21e8750ea606984d7229531fdc9910aa1e45ef
20260817,20260809,8,"[1064,2040,4083,6521,7796,14127,14388,14535,17119,20656,23245,23704]",12,0.0656982902250293,-0.107548987675852,-0.226354454674763,0.00773364861806234,9d844605de4d20ec5638bf793d21e8750ea606984d7229531fdc9910aa1e45ef
20260817,20260809,9,"[2240,6846,7451,8617,8906,14267,16637,18749,20311,21908,23704,24201]",12,0.0410105619081619,-0.0983351925416091,-0.244592962035431,0.00482754230499268,9d844605de4d20ec5638bf793d21e8750ea606984d7229531fdc9910aa1e45ef
20260817,20260809,10,"[821,2240,8617,9669,10428,11067,11131,11908,12568,16438,16628,17119]",12,0.0168717291305902,-0.0344578151185371,-0.1230166424963,0.00198604901631673,9d844605de4d20ec5638bf793d21e8750ea606984d7229531fdc9910aa1e45ef
20260817,20260809,11,"[8055,8906,10892,11067,12950,13225,14067,14267,14784,15707,16246,18829]",12,0.0470805356046275,-0.0345093021468804,-0.0588748562775204,0.00554206689198812,9d844605de4d20ec5638bf793d21e8750ea606984d7229531fdc9910aa1e45ef
20260817,20260809,12,"[821,1638,12741,14542,14777,16584,17119,17270,18749,21275,22401,23784]",12,0.0485066567103651,-0.00528631189828908,-0.0286876071578973,0.00570994218190511,9d844605de4d20ec5638bf793d21e8750ea606984d7229531fdc9910aa1e45ef
20260817,20260809,13,"[386,6521,7693,12289,13888,16246,17286,18716,20761,21908,21966,24201]",12,0.0148471848272424,0.011108105782632,0.0261599562680228,0.00174773057301839,9d844605de4d20ec5638bf793d21e8750ea606984d7229531fdc9910aa1e45ef
20260817,20260809,14,"[386,6521,6666,6815,8055,14267,18829,21498,21966,22271,23245,23608]",12,0.0182512661520354,-0.0204299388436864,-0.0863981233638698,0.00214844067891439,9d844605de4d20ec5638bf793d21e8750ea606984d7229531fdc9910aa1e45ef
20260817,20260809,15,"[1638,3019,7198,7796,8028,11131,12568,12647,14174,19016,23139,23704]",12,0.041551706936042,-0.153577619925106,-0.343032444422742,0.00489124298095703,9d844605de4d20ec5638bf793d21e8750ea606984d7229531fdc9910aa1e45ef
20260817,20260809,16,"[2087,4083,7693,8271,10892,12568,12741,15707,17270,22271,23003,23245]",12,0.0274391733720405,-0.0439430596153594,-0.254631662384629,0.00322999159495036,9d844605de4d20ec5638bf793d21e8750ea606984d7229531fdc9910aa1e45ef
20260817,20260809,17,"[2087,4083,6815,7698,8906,14388,14784,15336,18242,19014,22271,23704]",12,0.0487099928626432,-0.0263211454860069,-0.0421221469425743,0.00573387781778971,9d844605de4d20ec5638bf793d21e8750ea606984d7229531fdc9910aa1e45ef
20260817,20260809,18,"[1919,6521,8028,10043,11067,12022,12950,16637,18821,19192,22625,24201]",12,0.0386730535741679,-0.0475695289688536,-0.169339098187237,0.00455238342285156,9d844605de4d20ec5638bf793d21e8750ea606984d7229531fdc9910aa1e45ef
20260817,20260809,19,"[5437,7451,10043,10048,11740,12647,18821,18829,19192,20311,23164,24297]",12,0.0249826663322875,-0.0538272131206916,-0.115261359483703,0.00294082482655843,9d844605de4d20ec5638bf793d21e8750ea606984d7229531fdc9910aa1e45ef
20260817,20260809,20,"[1638,2619,6521,12325,12741,12937,14067,14267,16503,19014,21234,24161]",12,0.0260300115735119,0.027572282549093,0.0840250937300508,0.00306411266326904,9d844605de4d20ec5638bf793d21e8750ea606984d7229531fdc9910aa1e45ef
20260817,20260809,21,"[6521,7693,10043,13888,14174,17373,18649,20311,21275,21498,23164,23245]",12,0.021636983895774,-0.0435952085963648,-0.203750307427656,0.00254698912302653,9d844605de4d20ec5638bf793d21e8750ea606984d7229531fdc9910aa1e45ef
20260817,20260809,22,"[386,5336,5909,7263,7693,7768,8028,8617,11740,18242,19192,24161]",12,0.032450675657584,0.0905853494692864,0.225744096265208,0.00381991863250732,9d844605de4d20ec5638bf793d21e8750ea606984d7229531fdc9910aa1e45ef
20260817,20260809,23,"[386,2087,4083,6521,10428,12937,16503,18649,22625,23139,23608,24297]",12,0.0392250952269826,-0.132883312803151,-0.400641616019876,0.00461736679077148,9d844605de4d20ec5638bf793d21e8750ea606984d7229531fdc9910aa1e45ef
20260817,20260809,24,"[2087,6589,7198,7451,8617,14067,14127,14777,16637,20656,21966,23164]",12,0.088293974575541,-0.0265297696363689,-0.0624747397474145,0.0103934907913208,9d844605de4d20ec5638bf793d21e8750ea606984d7229531fdc9910aa1e45ef
20260817,20260809,25,"[821,1064,4083,12937,13558,14697,14784,15336,16246,16637,19192,20761]",12,0.0294146626092334,-0.0261181497572178,-0.0371377346652573,0.00346253554026286,9d844605de4d20ec5638bf793d21e8750ea606984d7229531fdc9910aa1e45ef
20260817,20260809,26,"[1213,2619,13225,13558,14260,14542,14784,16628,17373,19959,21354,23003]",12,0.0359653840555966,0.0807460277610703,0.116735118275798,0.00423365116119385,9d844605de4d20ec5638bf793d21e8750ea606984d7229531fdc9910aa1e45ef
20260817,20260809,27,"[2907,5926,6815,7698,10428,11131,15336,18749,18829,21908,22401,23747]",12,0.0402987030896415,-0.0334716042431594,-0.106802981079761,0.00474374612172445,9d844605de4d20ec5638bf793d21e8750ea606984d7229531fdc9910aa1e45ef
20260817,20260809,28,"[1638,5437,7263,9450,10428,14388,16628,16637,18053,21354,23003,23747]",12,0.0338946472443171,-0.0271104634645919,-0.0943756580619851,0.0039898951848348,9d844605de4d20ec5638bf793d21e8750ea606984d7229531fdc9910aa1e45ef
20260817,20260809,29,"[581,875,1334,5336,7796,8028,14260,15707,16246,17270,18829,20656]",12,0.0341968901842595,0.0700216267492915,0.184451914903156,0.00402547359466553,9d844605de4d20ec5638bf793d21e8750ea606984d7229531fdc9910aa1e45ef
20260817,20260809,30,"[2907,4546,6521,6666,6815,12741,17701,19615,21498,22271,22401,23164]",12,0.00222685425550809,-0.16678218135449,-0.461341243947761,0.000262133280436198,9d844605de4d20ec5638bf793d21e8750ea606984d7229531fdc9910aa1e45ef
20260817,20260809,31,"[6846,11067,13558,14067,18649,18829,19014,20761,21234,21966,22271,23747]",12,0.0336626990124404,0.0126784572281809,0.0620783348837765,0.00396259148915609,9d844605de4d20ec5638bf793d21e8750ea606984d7229531fdc9910aa1e45ef
20260817,20260809,32,"[1496,7198,7693,10892,11067,12289,13225,14260,16438,19959,21275,22625]",12,0.0492601306441867,-0.0614319033750421,-0.151492310079161,0.00579863707224528,9d844605de4d20ec5638bf793d21e8750ea606984d7229531fdc9910aa1e45ef
20260817,20260809,33,"[386,821,8617,10428,11740,13888,14388,18821,18829,20761,22185,23164]",12,0.0183293113715166,-0.0378471476960704,-0.0943176466735717,0.00215762774149577,9d844605de4d20ec5638bf793d21e8750ea606984d7229531fdc9910aa1e45ef
20260817,20260809,34,"[821,875,6846,7263,12325,12647,14784,17701,19615,20311,20656,23003]",12,0.0385233363780421,-0.0180126894467505,-0.0297004406162254,0.00453475952148437,9d844605de4d20ec5638bf793d21e8750ea606984d7229531fdc9910aa1e45ef
20260817,20260809,35,"[5437,8271,11131,12647,12741,13558,14697,16628,17701,18829,23003,24201]",12,0.0140295463807954,-0.0213370108789193,-0.0948606841803627,0.00165148258209229,9d844605de4d20ec5638bf793d21e8750ea606984d7229531fdc9910aa1e45ef
20260817,20260809,36,"[1447,1638,5926,7198,9450,11740,12647,14388,14697,16246,19192,21966]",12,-0.00253614556994338,0.0205437925772979,0.0354591563998203,-0.000298541386922201,9d844605de4d20ec5638bf793d21e8750ea606984d7229531fdc9910aa1e45ef
20260817,20260809,37,"[1334,6863,7698,8028,15707,18242,18649,20311,20761,22401,23608,24201]",12,0.0215453820326321,-0.0220139097496652,-0.0838497292093419,0.00253620624542236,9d844605de4d20ec5638bf793d21e8750ea606984d7229531fdc9910aa1e45ef
20260817,20260809,38,"[386,1334,5437,7198,14067,14260,14542,14784,18242,21234,23164,23704]",12,0.0449422586224406,-0.0248233808127621,-0.0413147461386966,0.00529036045074463,9d844605de4d20ec5638bf793d21e8750ea606984d7229531fdc9910aa1e45ef
20260817,20260809,39,"[1638,2040,8055,9887,12423,14388,16438,17373,19192,22625,23784,24161]",12,0.0265177806926362,-0.0873896186880372,-0.276499223325843,0.00312153021494548,9d844605de4d20ec5638bf793d21e8750ea606984d7229531fdc9910aa1e45ef
20260817,20260809,40,"[386,581,1638,2040,5336,7198,9887,11131,18829,22185,23164,24161]",12,0.0133123405195562,0.0138002995090109,0.0447190240810027,0.00156705697377523,9d844605de4d20ec5638bf793d21e8750ea606984d7229531fdc9910aa1e45ef
20260817,20260809,41,"[1064,1447,5336,10048,11067,11908,12097,12325,14127,16246,18749,19014]",12,0.033335503206477,0.080402464962182,0.121375851088665,0.00392407576243083,9d844605de4d20ec5638bf793d21e8750ea606984d7229531fdc9910aa1e45ef
20260817,20260809,42,"[581,875,6589,9887,10892,14777,15336,16637,17286,19014,22625,23704]",12,0.0737943205197531,-0.0964461501662967,-0.214659149909211,0.00868666966756185,9d844605de4d20ec5638bf793d21e8750ea606984d7229531fdc9910aa1e45ef
20260817,20260809,43,"[1064,1447,2087,2240,7693,8617,8906,12950,17119,17286,19016,23704]",12,0.0308158308489501,0.0208528790922823,0.0331348071512563,0.00362747351328532,9d844605de4d20ec5638bf793d21e8750ea606984d7229531fdc9910aa1e45ef
20260817,20260809,44,"[581,2040,2240,9669,10892,11067,14067,14388,17286,19016,23139,24201]",12,0.0222187718493702,-0.0840759943636612,-0.252179666192452,0.00261547406514486,9d844605de4d20ec5638bf793d21e8750ea606984d7229531fdc9910aa1e45ef
20260817,20260809,45,"[5926,12097,12423,12647,14777,19615,19959,21908,22271,23704,23784,24297]",12,0.0710962108654365,-0.181930416845502,-0.424374947119045,0.00836906274159749,9d844605de4d20ec5638bf793d21e8750ea606984d7229531fdc9910aa1e45ef
20260817,20260809,46,"[1064,1496,2087,2619,5926,12741,16438,18821,21234,23164,23608,24161]",12,0.0420879505080967,0.00892602894634136,0.0245956836595411,0.00495436668395996,9d844605de4d20ec5638bf793d21e8750ea606984d7229531fdc9910aa1e45ef
20260817,20260809,47,"[821,2907,3015,5926,7263,8271,9450,10048,13558,14174,16637,21275]",12,0.0297126387171073,-0.117212659457239,-0.325027407854225,0.00349761168162028,9d844605de4d20ec5638bf793d21e8750ea606984d7229531fdc9910aa1e45ef
20260817,20260809,48,"[386,4083,5437,7451,8906,12568,13225,14388,18053,22185,23245,23747]",12,0.0259844941972367,-0.11226009949411,-0.222867376938076,0.00305875460306803,9d844605de4d20ec5638bf793d21e8750ea606984d7229531fdc9910aa1e45ef
20260817,20260809,49,"[821,1064,5926,7451,8906,12568,13225,15707,16584,19192,20761,23784]",12,0.0284595808601742,-0.0690782029448238,-0.150184010468911,0.00335010846455892,9d844605de4d20ec5638bf793d21e8750ea606984d7229531fdc9910aa1e45ef
20260817,20260809,50,"[581,1919,3019,4083,6666,6846,14174,14260,19016,21498,24161,24297]",12,0.0591600992222092,-0.1668366874461,-0.517731578908251,0.00696400801340739,9d844605de4d20ec5638bf793d21e8750ea606984d7229531fdc9910aa1e45ef
20260817,20260809,51,"[821,2240,6589,6846,12097,13225,14067,14174,14267,14388,15336,19014]",12,0.0297842026726869,-0.096483074592013,-0.225501104052919,0.00350603580474853,9d844605de4d20ec5638bf793d21e8750ea606984d7229531fdc9910aa1e45ef
20260817,20260809,52,"[3019,6521,9450,13888,14260,14535,14697,16628,17270,21966,23164,23747]",12,0.0435435613645864,-0.0954911232765174,-0.319648427102247,0.00512571334838867,9d844605de4d20ec5638bf793d21e8750ea606984d7229531fdc9910aa1e45ef
20260817,20260809,53,"[581,1447,2619,8617,12950,14267,15336,17119,18649,20656,22271,23784]",12,0.0229960779306631,0.156139428444394,0.307972134972313,0.00270697434743245,9d844605de4d20ec5638bf793d21e8750ea606984d7229531fdc9910aa1e45ef
20260817,20260809,54,"[1496,5926,8055,9450,12568,12950,14260,16246,18649,20311,23164,23608]",12,0.0418302662574775,-0.0797153711161639,-0.223471906403137,0.00492403348286947,9d844605de4d20ec5638bf793d21e8750ea606984d7229531fdc9910aa1e45ef
20260817,20260809,55,"[875,8028,9887,12568,13225,16246,18053,19959,21354,21498,21908,22625]",12,0.0483312440033962,-0.032081091122358,-0.0882691756231988,0.00568929354349772,9d844605de4d20ec5638bf793d21e8750ea606984d7229531fdc9910aa1e45ef
20260817,20260809,56,"[1064,6846,6863,9887,12937,13225,13888,14784,16584,16637,23003,23608]",12,0.0212235062641213,-0.102545970963389,-0.148468112204225,0.00249831676483154,9d844605de4d20ec5638bf793d21e8750ea606984d7229531fdc9910aa1e45ef
20260817,20260809,57,"[386,875,2240,5909,7698,8271,10428,15707,19959,21498,22271,23164]",12,0.0238640271881459,-0.0194358381600238,-0.127219612658482,0.00280914465586344,9d844605de4d20ec5638bf793d21e8750ea606984d7229531fdc9910aa1e45ef
20260817,20260809,58,"[1064,6521,7451,7693,10428,13558,14067,16637,17701,22185,22271,23139]",12,0.00197764965849343,-0.0832441497025322,-0.255439798948698,0.000232798258463542,9d844605de4d20ec5638bf793d21e8750ea606984d7229531fdc9910aa1e45ef
20260817,20260809,59,"[581,5437,12568,12647,14697,17373,19615,20656,21234,22625,23245,23747]",12,0.0290790141549318,-0.131457944797817,-0.349805471728566,0.00342302481333415,9d844605de4d20ec5638bf793d21e8750ea606984d7229531fdc9910aa1e45ef
20260817,20260809,60,"[1919,3019,8617,9450,11131,15707,16503,16637,19192,19959,20761,21908]",12,0.0492023393743979,0.00301909882840218,0.012671845931383,0.00579183419545492,9d844605de4d20ec5638bf793d21e8750ea606984d7229531fdc9910aa1e45ef
20260817,20260809,61,"[6846,7198,7693,11067,14260,16664,17270,18053,19959,21498,23003,23245]",12,0.0473035991039059,-0.0307339651082639,-0.126222997875833,0.00556832472483317,9d844605de4d20ec5638bf793d21e8750ea606984d7229531fdc9910aa1e45ef
20260817,20260809,62,"[821,3015,10048,10428,12325,12647,12937,13225,16628,17119,17270,23139]",12,0.0288015350441467,-0.144971609526501,-0.291208834706291,0.00339036146799723,9d844605de4d20ec5638bf793d21e8750ea606984d7229531fdc9910aa1e45ef
20260817,20260809,63,"[821,1638,2619,8055,8617,11908,12325,16503,17270,18649,18716,22271]",12,0.0230051922080247,0.0856985061717678,0.221633690733584,0.00270804723103841,9d844605de4d20ec5638bf793d21e8750ea606984d7229531fdc9910aa1e45ef
20260817,20260809,64,"[1496,2087,4083,12937,13558,14267,16503,18242,22401,23164,23245,23747]",12,0.0277936850048223,-0.0695248501650635,-0.209547674595268,0.0032717227935791,9d844605de4d20ec5638bf793d21e8750ea606984d7229531fdc9910aa1e45ef
20260817,20260809,65,"[6863,7796,8271,8617,10428,11067,12950,13225,15336,21234,21498,23003]",12,0.0525824130174889,-0.0430668385711813,-0.105463977556238,0.00618971824645996,9d844605de4d20ec5638bf793d21e8750ea606984d7229531fdc9910aa1e45ef
20260817,20260809,66,"[1496,1638,2907,3015,4546,10428,12568,12950,13888,17270,18053,20761]",12,0.0227721097549652,-0.107096467291896,-0.312481366431103,0.0026806100209554,9d844605de4d20ec5638bf793d21e8750ea606984d7229531fdc9910aa1e45ef
20260817,20260809,67,"[386,2087,9450,12097,14697,16664,17701,18053,19615,20656,20761,21908]",12,0.03674463451606,-0.128189031380035,-0.449424694836433,0.00432538032531738,9d844605de4d20ec5638bf793d21e8750ea606984d7229531fdc9910aa1e45ef
20260817,20260809,68,"[1447,5336,7768,10048,11908,13225,16628,18649,19016,19959,22271,22625]",12,0.0253853688627039,0.0562396698073528,0.0873955988883418,0.0029882287979126,9d844605de4d20ec5638bf793d21e8750ea606984d7229531fdc9910aa1e45ef
20260817,20260809,69,"[581,1447,2087,2619,8028,11067,12325,12568,12950,17701,19615,23608]",12,0.0436843128123151,0.075032076492904,0.134201262590852,0.00514228185017904,9d844605de4d20ec5638bf793d21e8750ea606984d7229531fdc9910aa1e45ef
20260817,20260809,70,"[2907,5909,7693,8055,8906,9887,14174,16628,16637,18829,20761,21498]",12,0.0246828403636751,0.000336420424447245,0.0040292279153012,0.00290553092956543,9d844605de4d20ec5638bf793d21e8750ea606984d7229531fdc9910aa1e45ef
20260817,20260809,71,"[1064,5909,10043,10892,13225,14267,14542,15336,17119,17286,19615,20656]",12,0.0414477096556884,-0.059452873117931,-0.14017118637294,0.00487900098164876,9d844605de4d20ec5638bf793d21e8750ea606984d7229531fdc9910aa1e45ef
20260817,20260809,72,"[1447,2907,7451,10428,12950,13888,14777,15707,21908,22271,23704,24297]",12,0.0515805716499066,-0.0771795438984579,-0.131911627415924,0.00607178688049316,9d844605de4d20ec5638bf793d21e8750ea606984d7229531fdc9910aa1e45ef
20260817,20260809,73,"[386,1638,7263,8271,9669,12022,14127,14267,16503,17373,22185,22401]",12,0.0564382519388532,-0.00410216261248845,-0.02269837135755,0.00664360682169596,9d844605de4d20ec5638bf793d21e8750ea606984d7229531fdc9910aa1e45ef
20260817,20260809,74,"[5926,7451,10892,11067,12022,12950,18821,19192,21275,21498,21908,22271]",12,0.0215569402865899,-0.0311530021762376,-0.0976399044867379,0.00253756682078044,9d844605de4d20ec5638bf793d21e8750ea606984d7229531fdc9910aa1e45ef
20260817,20260809,75,"[4083,4546,6666,6846,9669,11740,12325,12950,16664,19959,23747,24297]",12,0.0522637373730295,-0.0766975339709001,-0.291109499663255,0.00615220546722412,9d844605de4d20ec5638bf793d21e8750ea606984d7229531fdc9910aa1e45ef
20260817,20260809,76,"[875,1496,5437,7198,9887,16628,17119,18242,18649,23608,23784,24201]",12,0.00540024309330526,-0.0739238061232192,-0.241235523722513,0.000635687510172526,9d844605de4d20ec5638bf793d21e8750ea606984d7229531fdc9910aa1e45ef
20260817,20260809,77,"[1334,10043,11131,14174,14260,14535,17119,19192,20311,21275,21966,23003]",12,0.0405091281243118,-0.0240233969591591,-0.123355064068638,0.0047685162226359,9d844605de4d20ec5638bf793d21e8750ea606984d7229531fdc9910aa1e45ef
20260817,20260809,78,"[1064,2040,2907,7698,11131,12423,17119,18716,18821,19014,22401,23139]",12,0.0194473293945342,-0.0127301264804071,-0.0418705279770444,0.00228923479715983,9d844605de4d20ec5638bf793d21e8750ea606984d7229531fdc9910aa1e45ef
20260817,20260809,79,"[2619,3015,9669,9887,11067,11740,14174,16438,16664,19014,22625,24297]",12,0.0336062310006981,-0.0362536742038289,-0.115994214093181,0.00395594437917074,9d844605de4d20ec5638bf793d21e8750ea606984d7229531fdc9910aa1e45ef
20260817,20260809,80,"[3015,6521,7693,7698,8617,8906,14260,14542,21498,21966,22185,23704]",12,0.0205641726884697,-0.0804056526707247,-0.170582557306017,0.00242070357004801,9d844605de4d20ec5638bf793d21e8750ea606984d7229531fdc9910aa1e45ef
20260817,20260809,81,"[2619,2907,6815,8906,10892,12022,14127,14535,17119,19014,20311,22271]",12,0.0496491415046111,0.00788464994215259,0.0235499709246608,0.00584442933400472,9d844605de4d20ec5638bf793d21e8750ea606984d7229531fdc9910aa1e45ef
20260817,20260809,82,"[1447,1496,2040,2087,6666,7198,12289,13888,15707,16584,17119,17701]",12,0.0336668848287101,0.00824103683018519,0.0156931282805239,0.00396308422088623,9d844605de4d20ec5638bf793d21e8750ea606984d7229531fdc9910aa1e45ef
20260817,20260809,83,"[6815,8271,9450,10892,12647,12950,13558,18649,18821,21234,21966,22625]",12,0.0535188206249318,-0.0278627468444273,-0.0738845930710501,0.00629994710286458,9d844605de4d20ec5638bf793d21e8750ea606984d7229531fdc9910aa1e45ef
20260817,20260809,84,"[2619,3015,4083,7698,9450,11067,12423,12950,17373,18749,22900,23245]",12,0.0579537739785329,-0.0202115383531979,-0.0572317050622214,0.0068220059076945,9d844605de4d20ec5638bf793d21e8750ea606984d7229531fdc9910aa1e45ef
20260817,20260809,85,"[2087,6589,6815,8906,10048,12022,16503,17119,18053,18242,18649,21908]",12,0.0225131292515657,-0.0836700225999208,-0.192382605729922,0.00265012423197428,9d844605de4d20ec5638bf793d21e8750ea606984d7229531fdc9910aa1e45ef
20260817,20260809,86,"[581,8617,9887,11740,12568,12741,13225,14267,14388,16246,16503,21354]",12,0.0146899466644641,0.013592548843677,0.0302169409085906,0.00172922134399414,9d844605de4d20ec5638bf793d21e8750ea606984d7229531fdc9910aa1e45ef
20260817,20260809,87,"[1213,1638,7451,8028,10428,12950,16637,18053,19192,21498,23608,24201]",12,0.0358707981105333,0.00235982315933342,0.0074582184983385,0.0042225170135498,9d844605de4d20ec5638bf793d21e8750ea606984d7229531fdc9910aa1e45ef
20260817,20260809,88,"[386,875,10048,14067,17270,18829,19014,19192,20311,20761,22401,23608]",12,0.00782161628165866,-0.00362578033935961,-0.0309045961621985,0.000920718510945638,9d844605de4d20ec5638bf793d21e8750ea606984d7229531fdc9910aa1e45ef
20260817,20260809,89,"[1213,5909,8617,11740,12741,15707,16246,16438,17270,19959,23139,23704]",12,0.0330081453689162,-0.0710506516636221,-0.158808594482114,0.00388554096221924,9d844605de4d20ec5638bf793d21e8750ea606984d7229531fdc9910aa1e45ef
20260817,20260809,90,"[386,5437,6863,8617,9669,11908,15707,16637,18242,22401,23164,23784]",12,0.00955285638819498,-0.0813098453731602,-0.269605462245977,0.00112451076507568,9d844605de4d20ec5638bf793d21e8750ea606984d7229531fdc9910aa1e45ef
20260817,20260809,91,"[1064,5926,6666,10892,14267,16246,17270,18649,19959,21275,22271,23704]",12,0.0354297886099321,-0.108813266249296,-0.24987177783175,0.00417060375213623,9d844605de4d20ec5638bf793d21e8750ea606984d7229531fdc9910aa1e45ef
20260817,20260809,92,"[7198,8055,8271,9669,10043,12097,14267,15336,17373,18053,21234,21966]",12,0.0507226818541043,-0.00156317113284041,-0.00577157249243953,0.00597080071767171,9d844605de4d20ec5638bf793d21e8750ea606984d7229531fdc9910aa1e45ef
20260817,20260809,93,"[1638,4083,8906,11908,14267,14388,15707,16438,16503,16664,18716,18821]",12,0.00702319208215315,-0.0264612440060505,-0.127882322105631,0.000826732317606608,9d844605de4d20ec5638bf793d21e8750ea606984d7229531fdc9910aa1e45ef
20260817,20260809,94,"[581,3019,4546,5336,5926,9450,14697,16628,20656,22185,23784,24297]",12,0.0381887411291245,0.0335989127002962,0.0795690355869759,0.0044953727722168,9d844605de4d20ec5638bf793d21e8750ea606984d7229531fdc9910aa1e45ef
20260817,20260809,95,"[1447,1496,2240,3015,7451,7693,9450,9887,14174,14697,21354,23139]",12,0.00702479889549541,-0.0569790744333917,-0.112943847129038,0.000826921463012695,9d844605de4d20ec5638bf793d21e8750ea606984d7229531fdc9910aa1e45ef
20260817,20260809,96,"[1447,3019,4083,5926,8028,11067,11131,11908,12950,22185,23139,23784]",12,0.0303171786075245,-0.0110409503170611,-0.0232852035682206,0.00356877485911051,9d844605de4d20ec5638bf793d21e8750ea606984d7229531fdc9910aa1e45ef
20260817,20260809,97,"[386,6589,7451,10892,12022,12741,18829,19615,20761,21498,22401,23245]",12,0.0204769996889939,-0.116060722027374,-0.260230806800296,0.00241044203440348,9d844605de4d20ec5638bf793d21e8750ea606984d7229531fdc9910aa1e45ef
20260817,20260809,98,"[1919,4083,5909,7263,10043,11131,11740,13558,16664,17286,17701,22185]",12,0.0483981630531798,-0.0619787249572826,-0.235030379786361,0.00569717089335124,9d844605de4d20ec5638bf793d21e8750ea606984d7229531fdc9910aa1e45ef
20260817,20260809,99,"[1638,2619,3019,12647,13225,14542,15336,16628,17701,18242,23704,24201]",12,0.034515255268157,-0.081216446192098,-0.143510058299919,0.0040629498163859,9d844605de4d20ec5638bf793d21e8750ea606984d7229531fdc9910aa1e45ef
20260818,20260810,0,"[875,1496,7796,12644,14260,15336,15707,16664,16790,17701,18053,19959]",12,0.0521625848867097,0.0109675091171322,0.0439769011286304,0.00596392472585042,9d844605de4d20ec5638bf793d21e8750ea606984d7229531fdc9910aa1e45ef
20260818,20260810,1,"[821,875,2761,3015,4083,8559,11131,12325,15707,23245,23704,23939]",12,0.0258029684115396,-0.156331125801701,-0.380580001026863,0.00295014063517253,9d844605de4d20ec5638bf793d21e8750ea606984d7229531fdc9910aa1e45ef
20260818,20260810,2,"[821,2040,7693,8271,12022,14260,14388,18829,19448,21677,23747,24368]",12,0.0365897154693027,-0.109554876622523,-0.357175106188181,0.00418342590332031,9d844605de4d20ec5638bf793d21e8750ea606984d7229531fdc9910aa1e45ef
20260818,20260810,3,"[2087,6666,11067,12289,12937,13344,14542,15336,17701,18649,18829,23704]",12,0.0396605593722902,-0.116901314839991,-0.196426526964879,0.00453452587127686,9d844605de4d20ec5638bf793d21e8750ea606984d7229531fdc9910aa1e45ef
20260818,20260810,4,"[930,1064,4083,4841,6589,8028,8055,14174,14697,18649,23084,23747]",12,0.028407095978966,-0.173884189831792,-0.316836689796152,0.00324787934621175,9d844605de4d20ec5638bf793d21e8750ea606984d7229531fdc9910aa1e45ef
20260818,20260810,5,"[581,821,3019,7198,7698,12022,14174,17373,21275,23084,23704,24368]",12,0.0450498874331135,-0.138617237657229,-0.262115396144509,0.00515070597330729,9d844605de4d20ec5638bf793d21e8750ea606984d7229531fdc9910aa1e45ef
20260818,20260810,6,"[8271,8371,12568,13225,13344,15707,17373,20976,21234,23608,24297,24368]",12,0.0884292884992042,-0.0898643342380823,-0.188228200562139,0.0101104195912679,9d844605de4d20ec5638bf793d21e8750ea606984d7229531fdc9910aa1e45ef
20260818,20260810,7,"[6846,7198,7698,10043,11740,12097,12289,16246,16790,17701,22401,23784]",12,0.0149451128688369,0.0215204384605997,0.0618330626010902,0.00170872529347738,9d844605de4d20ec5638bf793d21e8750ea606984d7229531fdc9910aa1e45ef
20260818,20260810,8,"[821,875,4546,12423,13798,13888,14067,14995,16203,23003,23245,23608]",12,0.0169774809507111,-0.134270770416152,-0.433537484725139,0.00194109280904134,9d844605de4d20ec5638bf793d21e8750ea606984d7229531fdc9910aa1e45ef
20260818,20260810,9,"[930,1064,1638,5437,13390,14067,14995,15096,16637,17701,18053,23139]",12,0.00785101622713699,-0.0281514461199413,-0.1244796555899,0.000897633234659831,9d844605de4d20ec5638bf793d21e8750ea606984d7229531fdc9910aa1e45ef
20260818,20260810,10,"[581,10043,11131,12097,12568,13225,13798,14260,18821,18829,22448,23003]",12,0.0350946161298456,-0.0830558127781686,-0.201993628177028,0.00401248613993327,9d844605de4d20ec5638bf793d21e8750ea606984d7229531fdc9910aa1e45ef
20260818,20260810,11,"[821,2907,4546,5868,7198,7698,12097,13798,14127,14174,15707,24201]",12,0.0780740580343107,0.0273945546650162,0.0984252116126356,0.0089264710744222,9d844605de4d20ec5638bf793d21e8750ea606984d7229531fdc9910aa1e45ef
20260818,20260810,12,"[2040,2761,5868,12097,12325,14127,14174,16203,18053,20976,21677,21983]",12,0.127268464934217,-0.109167614967023,-0.360703109956456,0.0145510339736938,9d844605de4d20ec5638bf793d21e8750ea606984d7229531fdc9910aa1e45ef
20260818,20260810,13,"[1638,5868,8028,10892,12937,13344,13798,14260,14995,16584,19192,22550]",12,0.0426347151984926,-0.0324136447437302,-0.122067580913971,0.00487457116444906,9d844605de4d20ec5638bf793d21e8750ea606984d7229531fdc9910aa1e45ef
20260818,20260810,14,"[930,4224,10043,12494,12950,15336,15707,16637,16664,19959,20929,23784]",12,0.0247712767430462,-0.03609894395797,-0.237550982036212,0.00283218383789063,9d844605de4d20ec5638bf793d21e8750ea606984d7229531fdc9910aa1e45ef
20260818,20260810,15,"[821,2040,4841,7768,8559,12741,16203,17373,17954,19959,21966,22625]",12,0.0245242946622176,-0.0682429642674153,-0.277178784571624,0.00280394554138184,9d844605de4d20ec5638bf793d21e8750ea606984d7229531fdc9910aa1e45ef
20260818,20260810,16,"[1638,2040,6886,7698,7768,10892,12289,14542,15096,17270,19016,23245]",12,0.0166463781577867,0.0252266519903343,0.077023921106839,0.00190323670705159,9d844605de4d20ec5638bf793d21e8750ea606984d7229531fdc9910aa1e45ef
20260818,20260810,17,"[1638,6846,12097,13558,13798,14260,14388,18821,20976,21966,23139,23704]",12,0.067624753059625,-0.189909802884137,-0.350924969957346,0.00773176670074463,9d844605de4d20ec5638bf793d21e8750ea606984d7229531fdc9910aa1e45ef
20260818,20260810,18,"[1496,5868,6886,7698,11740,12494,13558,18053,18821,19959,22448,23164]",12,0.0366103737701082,-0.0192643326002272,-0.0481691443709964,0.00418578783671061,9d844605de4d20ec5638bf793d21e8750ea606984d7229531fdc9910aa1e45ef
20260818,20260810,19,"[5336,8371,9450,12644,12741,14777,17701,18821,21275,21498,22448,23688]",12,0.0416374447633738,-0.0155000627555373,-0.0358737532200259,0.00476054986317952,9d844605de4d20ec5638bf793d21e8750ea606984d7229531fdc9910aa1e45ef
20260818,20260810,20,"[1064,1213,9450,11067,12289,12325,16790,17954,19016,21677,23939,24368]",12,0.0261581493854837,-0.025420913925147,-0.0609530560580681,0.0029907496770223,9d844605de4d20ec5638bf793d21e8750ea606984d7229531fdc9910aa1e45ef
20260818,20260810,21,"[25,821,875,1064,8271,12022,12325,13225,13558,15096,22550,24297]",12,0.0455573781941542,-0.0533056607219503,-0.1505858563306,0.00520872910817464,9d844605de4d20ec5638bf793d21e8750ea606984d7229531fdc9910aa1e45ef
20260818,20260810,22,"[4546,7198,9450,11067,13390,14127,15018,17954,21677,22448,22625,23139]",12,0.0577382130074894,-0.0423193719483312,-0.160059144871284,0.00660140514373779,9d844605de4d20ec5638bf793d21e8750ea606984d7229531fdc9910aa1e45ef
20260818,20260810,23,"[2087,2907,5437,6886,10428,10471,11131,12494,14777,20976,23164,24201]",12,0.0937242223053373,-0.108523575095063,-0.398919429503605,0.010715807278951,9d844605de4d20ec5638bf793d21e8750ea606984d7229531fdc9910aa1e45ef
20260818,20260810,24,"[581,930,3015,6846,6886,7768,8271,14127,15707,23139,23704,23939]",12,0.0495625583951497,-0.192416975686066,-0.311881693215452,0.00566665490468343,9d844605de4d20ec5638bf793d21e8750ea606984d7229531fdc9910aa1e45ef
20260818,20260810,25,"[1213,4083,8028,11740,13798,14697,17373,18649,19192,22625,23939,24297]",12,0.0472206077421862,-0.00533900686373394,-0.0165144916498124,0.00539889176686605,9d844605de4d20ec5638bf793d21e8750ea606984d7229531fdc9910aa1e45ef
20260818,20260810,26,"[10471,11067,11908,12097,13344,15018,16664,18053,21275,23003,23245,23608]",12,0.0304029436327002,0.0594549444131965,0.373258287286583,0.00347607135772705,9d844605de4d20ec5638bf793d21e8750ea606984d7229531fdc9910aa1e45ef
20260818,20260810,27,"[25,6666,6863,10892,11131,11908,12325,13888,15707,18829,24297,24368]",12,0.0437854214788274,-0.116131538060804,-0.417559168813699,0.00500613530476888,9d844605de4d20ec5638bf793d21e8750ea606984d7229531fdc9910aa1e45ef
20260818,20260810,28,"[4083,5909,6863,7768,8055,11067,12494,14388,14697,14777,16664,18649]",12,0.0510188434843719,-0.126651992130394,-0.506229918862281,0.0058331569035848,9d844605de4d20ec5638bf793d21e8750ea606984d7229531fdc9910aa1e45ef
20260818,20260810,29,"[5868,6863,7198,7693,8371,10892,14777,14784,15018,21677,22401,23704]",12,0.0771381091098602,-0.0750090751809565,-0.15498650930413,0.00881946086883545,9d844605de4d20ec5638bf793d21e8750ea606984d7229531fdc9910aa1e45ef
20260818,20260810,30,"[930,2761,5926,6589,8271,12097,14388,15336,16790,17270,20976,24297]",12,0.0705534912083499,-0.11411068519413,-0.261210306728583,0.008066619237264,9d844605de4d20ec5638bf793d21e8750ea606984d7229531fdc9910aa1e45ef
20260818,20260810,31,"[821,2907,8371,8559,11131,15096,18649,19959,22550,23139,23688,24368]",12,0.0372889836594231,-0.0435207204519574,-0.302585498872023,0.00426337560017904,9d844605de4d20ec5638bf793d21e8750ea606984d7229531fdc9910aa1e45ef
20260818,20260810,32,"[875,6589,6846,11131,13390,14995,19448,19959,21234,21498,21983,23245]",12,0.0499383837679473,-0.0835653486538335,-0.254916121558815,0.00570962429046631,9d844605de4d20ec5638bf793d21e8750ea606984d7229531fdc9910aa1e45ef
20260818,20260810,33,"[5926,8028,11740,11908,12022,13225,14784,18829,19448,21234,23608,24201]",12,0.0543895385919858,-0.0605837738373795,-0.112096313650562,0.00621853987375895,9d844605de4d20ec5638bf793d21e8750ea606984d7229531fdc9910aa1e45ef
20260818,20260810,34,"[2040,2907,5926,13798,14174,14388,16637,18649,18821,22401,22625,23164]",12,0.0244080743427463,-0.103745830661901,-0.316255443531297,0.00279065767923991,9d844605de4d20ec5638bf793d21e8750ea606984d7229531fdc9910aa1e45ef
20260818,20260810,35,"[2907,5336,7263,13798,14067,16246,16664,16790,19016,21275,21677,23747]",12,0.029303841398523,0.0043981523476344,0.012880615326087,0.00335040728251139,9d844605de4d20ec5638bf793d21e8750ea606984d7229531fdc9910aa1e45ef
20260818,20260810,36,"[7796,10471,11131,14697,16637,16664,16790,17701,18821,19959,21275,22448]",12,0.0291130232041375,-0.0324239529724432,-0.179969422702994,0.00332859039306641,9d844605de4d20ec5638bf793d21e8750ea606984d7229531fdc9910aa1e45ef
20260818,20260810,37,"[581,1064,2040,6589,12950,13390,16203,17954,19448,23003,23608,23704]",12,0.0134471219233451,-0.175650685124603,-0.335186689447704,0.00153745492299398,9d844605de4d20ec5638bf793d21e8750ea606984d7229531fdc9910aa1e45ef
20260818,20260810,38,"[6589,8055,8371,8617,10428,10892,12289,12644,22448,22550,23003,23245]",12,0.0369098635239803,-0.0338374749711182,-0.079941219712962,0.00422002951304118,9d844605de4d20ec5638bf793d21e8750ea606984d7229531fdc9910aa1e45ef
20260818,20260810,39,"[2040,4083,5926,10471,13798,17701,21498,22900,23084,23747,23784,24368]",12,0.0183410956273022,-0.175891923077964,-0.318411459613412,0.00209699948628743,9d844605de4d20ec5638bf793d21e8750ea606984d7229531fdc9910aa1e45ef
20260818,20260810,40,"[2907,5437,6589,6666,10471,11740,12950,14067,15096,16628,21983,23704]",12,0.0177044696332988,-0.149020771096099,-0.303178106478219,0.00202421188354492,9d844605de4d20ec5638bf793d21e8750ea606984d7229531fdc9910aa1e45ef
20260818,20260810,41,"[930,5437,6863,11131,12423,14697,16790,17701,19016,21275,23003,24201]",12,0.00304798909375176,-0.192200250443451,-0.579956862998853,0.00034848690032959,9d844605de4d20ec5638bf793d21e8750ea606984d7229531fdc9910aa1e45ef
20260818,20260810,42,"[5926,6846,7768,10043,12022,12568,13558,16246,16584,16790,23704,23747]",12,0.0106989145244593,-0.150174433774305,-0.342695387072649,0.00122324307759603,9d844605de4d20ec5638bf793d21e8750ea606984d7229531fdc9910aa1e45ef
20260818,20260810,43,"[4083,7198,7263,8028,12423,12741,13558,13888,17373,21234,22900,23747]",12,0.0816979632972895,-0.156355258223886,-0.446649149231889,0.00934080441792806,9d844605de4d20ec5638bf793d21e8750ea606984d7229531fdc9910aa1e45ef
20260818,20260810,44,"[4083,4841,6846,11908,12494,13344,14127,14697,16203,18053,21275,23139]",12,0.0564395899569184,-0.0605356850419988,-0.274852845315156,0.0064529291788737,9d844605de4d20ec5638bf793d21e8750ea606984d7229531fdc9910aa1e45ef
20260818,20260810,45,"[1213,2087,5926,7263,7698,14260,14388,15096,16203,19192,22550,24201]",12,0.0482091894572489,-0.019083909579028,-0.05583962816756,0.00551191965738932,9d844605de4d20ec5638bf793d21e8750ea606984d7229531fdc9910aa1e45ef
20260818,20260810,46,"[2907,4841,7263,8617,10043,12423,12741,13558,14388,14697,17373,24368]",12,0.0381324428966196,-0.124693456975328,-0.407159302965565,0.00435981114705404,9d844605de4d20ec5638bf793d21e8750ea606984d7229531fdc9910aa1e45ef
20260818,20260810,47,"[25,1213,2087,2761,11740,13344,13390,15018,17270,17954,18821,23939]",12,0.0481461858103776,0.016175288873123,0.0455156390645261,0.00550471623738607,9d844605de4d20ec5638bf793d21e8750ea606984d7229531fdc9910aa1e45ef
20260818,20260810,48,"[4841,5336,6886,8028,10043,11131,12022,14174,15707,16246,22401,23784]",12,0.026170730652125,-0.0421322442299511,-0.111904012204954,0.00299218813578288,9d844605de4d20ec5638bf793d21e8750ea606984d7229531fdc9910aa1e45ef
20260818,20260810,49,"[821,1638,2761,5336,12022,13558,18716,21677,22401,23084,23704,23939]",12,0.0160340527760363,-0.20230316675434,-0.320044980727103,0.00183322747548421,9d844605de4d20ec5638bf793d21e8750ea606984d7229531fdc9910aa1e45ef
20260818,20260810,50,"[5926,6666,7263,7698,9450,10428,12022,12423,14260,19016,22550,23003]",12,0.0375866383556193,-0.126883834755781,-0.410076163351332,0.00429740746815999,9d844605de4d20ec5638bf793d21e8750ea606984d7229531fdc9910aa1e45ef
20260818,20260810,51,"[2087,4546,5926,8371,11908,14388,14784,15336,17373,20929,23245,24297]",12,0.0496361970353698,-0.071149787134081,-0.112944117202693,0.0056750742594401,9d844605de4d20ec5638bf793d21e8750ea606984d7229531fdc9910aa1e45ef
20260818,20260810,52,"[875,1496,5437,5909,8028,11908,12741,13390,22448,23608,23704,23939]",12,0.0264438345009305,-0.145836572405283,-0.382329213458821,0.00302341302235921,9d844605de4d20ec5638bf793d21e8750ea606984d7229531fdc9910aa1e45ef
20260818,20260810,53,"[2761,6863,7198,7796,10471,11908,12022,13344,13390,14260,14697,23245]",12,0.0220507064249151,-0.143125428713226,-0.479269617468597,0.00252113183339437,9d844605de4d20ec5638bf793d21e8750ea606984d7229531fdc9910aa1e45ef
20260818,20260810,54,"[5437,6846,8617,14067,14127,14777,17954,19959,21498,22900,23704,24201]",12,0.113399043412237,-0.13835238120832,-0.342934425100683,0.0129652961095174,9d844605de4d20ec5638bf793d21e8750ea606984d7229531fdc9910aa1e45ef
20260818,20260810,55,"[25,6886,10471,12325,12568,14174,14260,16584,16628,16637,18649,18716]",12,0.0385944186665181,-0.00581934014226585,-0.0351497228692352,0.0044126303990682,9d844605de4d20ec5638bf793d21e8750ea606984d7229531fdc9910aa1e45ef
20260818,20260810,56,"[1213,2087,4546,5868,10428,10892,13390,13888,14127,16664,18716,23704]",12,0.0766423654983355,-0.0680848312247086,-0.192414230173824,0.00876278082529704,9d844605de4d20ec5638bf793d21e8750ea606984d7229531fdc9910aa1e45ef
20260818,20260810,57,"[930,2761,5336,6666,8617,13888,14995,16203,18821,19016,20929,23939]",12,0.00621877413031334,-0.0562061477292406,-0.130474033844014,0.000711013476053874,9d844605de4d20ec5638bf793d21e8750ea606984d7229531fdc9910aa1e45ef
20260818,20260810,58,"[821,930,2907,7768,9450,10471,10892,11131,11908,13390,14697,23245]",12,0.0141482112691893,-0.0439780946822881,-0.229761544248983,0.00161761283874512,9d844605de4d20ec5638bf793d21e8750ea606984d7229531fdc9910aa1e45ef
20260818,20260810,59,"[25,3015,4083,7693,8271,9450,11131,16584,21677,22900,23608,24368]",12,0.0353777293841558,-0.133201760124686,-0.405750917779137,0.00404485543568929,9d844605de4d20ec5638bf793d21e8750ea606984d7229531fdc9910aa1e45ef
20260818,20260810,60,"[4841,7768,10428,13344,14127,16203,21234,21275,23084,23688,23784,23939]",12,0.070990971738666,-0.129199413236097,-0.231218695907877,0.00811663786570231,9d844605de4d20ec5638bf793d21e8750ea606984d7229531fdc9910aa1e45ef
20260818,20260810,61,"[2907,6666,8055,11740,12022,12937,13798,14777,18716,19192,20976,23003]",12,0.0838723120158576,-0.0636901432137764,-0.127534016753407,0.00958940505981445,9d844605de4d20ec5638bf793d21e8750ea606984d7229531fdc9910aa1e45ef
20260818,20260810,62,"[2761,2907,8271,12568,14067,16584,16664,16790,20976,23084,23747,23939]",12,0.0509391713969449,-0.120420973141446,-0.222974073492444,0.00582404772440592,9d844605de4d20ec5638bf793d21e8750ea606984d7229531fdc9910aa1e45ef
20260818,20260810,63,"[4546,5868,7263,7796,9450,10428,11131,11908,12741,13798,14995,22550]",12,0.0235377982399684,-0.0733382687811734,-0.298385404022786,0.00269115606943766,9d844605de4d20ec5638bf793d21e8750ea606984d7229531fdc9910aa1e45ef
20260818,20260810,64,"[581,5926,6589,12325,12568,13558,13798,14777,21966,21983,24201,24297]",12,0.050370539850613,-0.0733430150253304,-0.197760382086033,0.00575903415679932,9d844605de4d20ec5638bf793d21e8750ea606984d7229531fdc9910aa1e45ef
20260818,20260810,65,"[821,4841,7796,9450,13225,14784,18821,21234,22900,23084,23747,24368]",12,0.0758339947882138,-0.128403411670401,-0.206013140222865,0.00867035706837972,9d844605de4d20ec5638bf793d21e8750ea606984d7229531fdc9910aa1e45ef
20260818,20260810,66,"[4546,12325,13344,14260,14995,16584,17373,18649,20929,23084,23608,23784]",12,0.0207582280371678,-0.153498098482677,-0.265059525799212,0.00237335840861003,9d844605de4d20ec5638bf793d21e8750ea606984d7229531fdc9910aa1e45ef
20260818,20260810,67,"[2087,3019,5437,10471,10892,11067,12097,12937,14260,16246,17954,22448]",12,0.0538658242528563,-0.101358195667188,-0.294891830956794,0.00615866184234619,9d844605de4d20ec5638bf793d21e8750ea606984d7229531fdc9910aa1e45ef
20260818,20260810,68,"[930,4546,13390,13558,15018,15096,18821,19192,21677,22448,23003,23608]",12,0.023786476358952,-0.00273063226027876,-0.0110087115234584,0.00271958827972412,9d844605de4d20ec5638bf793d21e8750ea606984d7229531fdc9910aa1e45ef
20260818,20260810,69,"[25,581,875,5336,6666,12423,14067,14127,18716,21966,22900,23164]",12,0.0542937680440387,-0.0836887891817715,-0.244659851445168,0.00620759010314941,9d844605de4d20ec5638bf793d21e8750ea606984d7229531fdc9910aa1e45ef
20260818,20260810,70,"[1496,4546,8055,12289,13225,14388,14777,15707,17373,23084,23688,24297]",12,0.0446618144405248,-0.148045900980932,-0.252222288493374,0.00510633627573649,9d844605de4d20ec5638bf793d21e8750ea606984d7229531fdc9910aa1e45ef
20260818,20260810,71,"[3019,4083,7698,8371,12568,12937,15018,17373,18053,18716,19192,21498]",12,0.0354577073145288,0.0349616073894143,0.123994828771585,0.00405399958292643,9d844605de4d20ec5638bf793d21e8750ea606984d7229531fdc9910aa1e45ef
20260818,20260810,72,"[2907,5926,10892,12097,14784,17373,17954,21498,22448,23164,23245,24368]",12,0.0420234880709573,-0.0846043113179103,-0.153055280685965,0.0048046875,9d844605de4d20ec5638bf793d21e8750ea606984d7229531fdc9910aa1e45ef
20260818,20260810,73,"[875,930,2087,3019,10043,13390,16203,16246,21234,21677,23003,24368]",12,0.0481122372433741,0.000976073658284213,0.00346703372165611,0.00550083478291829,9d844605de4d20ec5638bf793d21e8750ea606984d7229531fdc9910aa1e45ef
20260818,20260810,74,"[930,2087,6846,7263,8559,12097,12950,14542,21234,22448,22900,24368]",12,0.07114659019036,-0.0122223533122105,-0.064224862191096,0.00813443024953206,9d844605de4d20ec5638bf793d21e8750ea606984d7229531fdc9910aa1e45ef
20260818,20260810,75,"[1064,2761,2907,4546,5868,6589,7263,10471,14127,16790,18821,19959]",12,0.0687043230511159,-0.0883655475696971,-0.169054581933642,0.0078551975886027,9d844605de4d20ec5638bf793d21e8750ea606984d7229531fdc9910aa1e45ef
20260818,20260810,76,"[2761,4083,5437,7198,7796,12097,12423,12741,12950,13888,24201,24368]",12,0.0345308641686972,-0.200489788970048,-0.569135537040179,0.00394803047180176,9d844605de4d20ec5638bf793d21e8750ea606984d7229531fdc9910aa1e45ef
20260818,20260810,77,"[2761,3015,7263,7698,7768,10892,12022,12097,12423,16628,16664,24297]",12,0.0396966488399155,-0.119256318173122,-0.402310125849168,0.00453865210215251,9d844605de4d20ec5638bf793d21e8750ea606984d7229531fdc9910aa1e45ef
20260818,20260810,78,"[2040,2087,5336,5868,7698,9450,11740,11908,12644,13225,13344,21983]",12,0.0528211064552547,0.0214388946095486,0.0508138085525145,0.0060392157236735,9d844605de4d20ec5638bf793d21e8750ea606984d7229531fdc9910aa1e45ef
20260818,20260810,79,"[2761,2907,5926,6589,6846,7768,7796,14260,14777,19959,21498,22625]",12,0.0500052382555475,-0.0993314762943162,-0.240842323669486,0.0057172679901123,9d844605de4d20ec5638bf793d21e8750ea606984d7229531fdc9910aa1e45ef
20260818,20260810,80,"[930,2087,5868,7198,10043,13225,15096,17701,19192,21677,22448,23164]",12,0.0386357213661771,-0.0705153820095944,-0.193877881322803,0.0044173526763916,9d844605de4d20ec5638bf793d21e8750ea606984d7229531fdc9910aa1e45ef
20260818,20260810,81,"[6666,7198,10471,13225,13558,14174,14995,17373,18649,22625,22900,24297]",12,0.0609412644748515,-0.0975365456122463,-0.304571035155468,0.00696762084960937,9d844605de4d20ec5638bf793d21e8750ea606984d7229531fdc9910aa1e45ef
20260818,20260810,82,"[25,3015,3019,5437,10892,11740,11908,15018,16790,18649,19016,21498]",12,0.0499847745820712,-0.0603302100859113,-0.189429334135919,0.00571492830912272,9d844605de4d20ec5638bf793d21e8750ea606984d7229531fdc9910aa1e45ef
20260818,20260810,83,"[2087,2761,8271,8617,12289,13558,14260,15018,18649,20929,21966,23608]",12,0.0668745203131431,0.0561434948615035,0.141591336162694,0.00764599005381266,9d844605de4d20ec5638bf793d21e8750ea606984d7229531fdc9910aa1e45ef
20260818,20260810,84,"[1496,5926,6589,8055,10043,12289,15018,18716,18829,21275,23704,23939]",12,0.0326494017767584,-0.0113107796098489,-0.0229631523003322,0.00373291651407878,9d844605de4d20ec5638bf793d21e8750ea606984d7229531fdc9910aa1e45ef
20260818,20260810,85,"[1638,2761,2907,7768,10043,12494,12644,12741,13798,17701,23608,23939]",12,0.00693140209639213,-0.0352282810587132,-0.14601762314988,0.000792490641276042,9d844605de4d20ec5638bf793d21e8750ea606984d7229531fdc9910aa1e45ef
20260818,20260810,86,"[581,2040,7768,8055,12950,15096,16246,18649,19959,22401,23164,23784]",12,0.0333368811115067,-0.035721533429168,-0.126743362617881,0.00381151835123698,9d844605de4d20ec5638bf793d21e8750ea606984d7229531fdc9910aa1e45ef
20260818,20260810,87,"[5336,7796,8559,12022,12950,13390,14260,14542,14777,15096,18716,22550]",12,0.0499098291583547,0.0226522584687002,0.0559691794346486,0.00570635954538981,9d844605de4d20ec5638bf793d21e8750ea606984d7229531fdc9910aa1e45ef
20260818,20260810,88,"[25,930,1213,5437,5926,7698,12950,13225,13888,14995,16637,24297]",12,0.0492574800565376,-0.0454831066598455,-0.096699175563288,0.00563177426656087,9d844605de4d20ec5638bf793d21e8750ea606984d7229531fdc9910aa1e45ef
20260818,20260810,89,"[2087,6886,7693,9450,10892,11067,11908,12325,13225,14542,14784,22625]",12,0.0601138758942709,-0.0317777194761736,-0.0498073029700585,0.00687302271525065,9d844605de4d20ec5638bf793d21e8750ea606984d7229531fdc9910aa1e45ef
20260818,20260810,90,"[8028,8271,10043,13390,14542,14995,17701,19192,21498,21966,22448,23139]",12,0.0162100653914462,-0.016033082665847,-0.0982433067919905,0.00185335159301758,9d844605de4d20ec5638bf793d21e8750ea606984d7229531fdc9910aa1e45ef
20260818,20260810,91,"[6846,7198,9450,12937,13390,14174,14697,17373,20929,21966,23003,24201]",12,0.0112995066586458,-0.134315064980575,-0.401502463671907,0.00129191080729167,9d844605de4d20ec5638bf793d21e8750ea606984d7229531fdc9910aa1e45ef
20260818,20260810,92,"[6589,7698,8271,9450,12097,14067,14542,14784,19016,20976,23084,23939]",12,0.0517603319029893,-0.0790691316478529,-0.113459364135758,0.00591793378194173,9d844605de4d20ec5638bf793d21e8750ea606984d7229531fdc9910aa1e45ef
20260818,20260810,93,"[821,5909,6846,8559,14784,16637,18821,19959,22401,22900,23704,23747]",12,0.0444692306982239,-0.120337522632139,-0.196150776982099,0.00508431752522786,9d844605de4d20ec5638bf793d21e8750ea606984d7229531fdc9910aa1e45ef
20260818,20260810,94,"[2040,6666,7198,8617,13390,14777,16584,18649,21677,23747,24201,24368]",12,0.0722996876064542,-0.0524585377317825,-0.209896583115177,0.00826626777648926,9d844605de4d20ec5638bf793d21e8750ea606984d7229531fdc9910aa1e45ef
20260818,20260810,95,"[4224,5336,6846,8028,8271,10428,12494,15707,20929,21275,21677,23084]",12,0.0164614960969435,-0.1208321538489,-0.200769275855828,0.00188209851582845,9d844605de4d20ec5638bf793d21e8750ea606984d7229531fdc9910aa1e45ef
20260818,20260810,96,"[821,7198,7796,8028,8271,12494,16664,19448,21275,21498,22625,24201]",12,0.0221761437386219,-0.101761125806756,-0.330186422133321,0.00253547350565592,9d844605de4d20ec5638bf793d21e8750ea606984d7229531fdc9910aa1e45ef
20260818,20260810,97,"[5437,12325,12423,12568,13390,13798,14777,14995,15707,17954,19448,23784]",12,0.0421078173123345,-0.166121538545703,-0.451186303705795,0.00481432914733887,9d844605de4d20ec5638bf793d21e8750ea606984d7229531fdc9910aa1e45ef
20260818,20260810,98,"[2087,7796,8271,10043,12494,13344,13558,15018,16584,19016,23139,23747]",12,0.0322160779301172,-0.00628464228305739,-0.0268439348901264,0.00368337313334147,9d844605de4d20ec5638bf793d21e8750ea606984d7229531fdc9910aa1e45ef
20260818,20260810,99,"[875,5336,6886,7693,8028,8055,11131,12097,16790,21498,21677,23784]",12,0.0284965411387122,-0.0267797632394045,-0.0902026066557734,0.00325810591379801,9d844605de4d20ec5638bf793d21e8750ea606984d7229531fdc9910aa1e45ef
20260819,20260811,0,"[1638,5437,5868,11067,12097,12647,16628,17119,18829,19959,21275,22746]",12,0.0377490864102427,0.0183217317818715,0.0372260763616009,0.00428884665171305,9d844605de4d20ec5638bf793d21e8750ea606984d7229531fdc9910aa1e45ef
20260819,20260811,1,"[2619,4149,9377,10572,12325,12950,14697,14784,16584,16637,22625,23139]",12,0.0843213680381092,0.0784187971156275,0.100493738094292,0.00958013693491618,9d844605de4d20ec5638bf793d21e8750ea606984d7229531fdc9910aa1e45ef
20260819,20260811,2,"[6589,6846,10572,12647,14260,14777,15096,16628,17701,20761,22401,23003]",12,0.0865593191415447,0.0507450946600464,0.0800261135161513,0.00983440081278483,9d844605de4d20ec5638bf793d21e8750ea606984d7229531fdc9910aa1e45ef
20260819,20260811,3,"[581,6666,8705,11067,11131,13888,14260,16637,18821,21234,23245,23704]",12,0.0395151999897482,-0.0177234537435552,-0.0328572365793214,0.00448950290679932,9d844605de4d20ec5638bf793d21e8750ea606984d7229531fdc9910aa1e45ef
20260819,20260811,4,"[2040,6863,8028,14535,14777,16584,18749,19014,21966,23245,23704,23784]",12,0.0843291883949709,-0.0790048849102745,-0.149706114741379,0.00958102544148763,9d844605de4d20ec5638bf793d21e8750ea606984d7229531fdc9910aa1e45ef
20260819,20260811,5,"[581,1213,1919,4083,6846,8705,10509,11740,15096,20761,22625,23164]",12,0.0339742463197527,0.0411925439154341,0.100748536368047,0.003859969774882,9d844605de4d20ec5638bf793d21e8750ea606984d7229531fdc9910aa1e45ef
20260819,20260811,6,"[1960,7198,7698,10509,12950,14388,14995,16584,17270,18829,19192,22746]",12,0.0263780217250353,0.0536734012255569,0.153677751929465,0.00299692789713542,9d844605de4d20ec5638bf793d21e8750ea606984d7229531fdc9910aa1e45ef
20260819,20260811,7,"[1638,4149,6846,10509,14388,14777,16628,21275,22248,22929,23164,23747]",12,0.0499807680776782,0.0815147688432193,0.137537672781387,0.00567854404449463,9d844605de4d20ec5638bf793d21e8750ea606984d7229531fdc9910aa1e45ef
20260819,20260811,8,"[3015,4149,8271,12950,14121,19192,20311,20761,22401,22448,23003,23784]",12,0.0147347414694946,0.0542461277265594,0.0931429371562209,0.00167408148447673,9d844605de4d20ec5638bf793d21e8750ea606984d7229531fdc9910aa1e45ef
20260819,20260811,9,"[4546,5336,6863,8705,12325,16637,18829,19959,21498,22401,23164,23704]",12,0.0331523953641148,-0.0279536128923629,-0.0460850891510831,0.00376659552256266,9d844605de4d20ec5638bf793d21e8750ea606984d7229531fdc9910aa1e45ef
20260819,20260811,10,"[438,1213,2073,2240,9377,11744,12097,14127,15018,17373,20761,22900]",12,0.0696437053807721,0.0893288717176433,0.290095562003186,0.00791254043579102,9d844605de4d20ec5638bf793d21e8750ea606984d7229531fdc9910aa1e45ef
20260819,20260811,11,"[1496,2040,4841,5437,6589,11908,12647,13225,14777,20324,21354,23608]",12,0.0650200557878237,-0.001017606053198,-0.00147182844895635,0.00738722642262777,9d844605de4d20ec5638bf793d21e8750ea606984d7229531fdc9910aa1e45ef
20260819,20260811,12,"[1334,2992,5078,5868,6589,14260,16628,18716,18829,19959,23139,23747]",12,0.0389426211603412,0.0342683635305169,0.0523792495531238,0.00442444960276286,9d844605de4d20ec5638bf793d21e8750ea606984d7229531fdc9910aa1e45ef
20260819,20260811,13,"[784,2040,8605,11067,11740,14127,17270,17373,18716,18749,18829,21234]",12,0.453179075791625,0.140317852239572,0.258900086599041,0.0514877510070801,9d844605de4d20ec5638bf793d21e8750ea606984d7229531fdc9910aa1e45ef
20260819,20260811,14,"[2992,4149,6846,7195,7698,9377,11740,13758,18829,18913,22248,23784]",12,0.0196705338214766,0.0548232724826669,0.110383975709757,0.00223485946655273,9d844605de4d20ec5638bf793d21e8750ea606984d7229531fdc9910aa1e45ef
20260819,20260811,15,"[581,1960,6666,10509,10572,12423,14260,14542,16628,18913,23139,23784]",12,0.0628038310067608,-0.109472412522657,-0.302797870973851,0.00713543097178141,9d844605de4d20ec5638bf793d21e8750ea606984d7229531fdc9910aa1e45ef
20260819,20260811,16,"[875,2087,4841,8705,10572,12647,13225,14127,18913,19014,19959,24297]",12,0.120497191708452,0.0178293111651094,0.0272004120441357,0.0136902379989624,9d844605de4d20ec5638bf793d21e8750ea606984d7229531fdc9910aa1e45ef
20260819,20260811,17,"[1334,1638,2087,4149,11067,15336,16503,18829,19959,21498,22625,23608]",12,0.0392064008179953,0.0485545450777386,0.085410242582805,0.00445441881815592,9d844605de4d20ec5638bf793d21e8750ea606984d7229531fdc9910aa1e45ef
20260819,20260811,18,"[6589,6666,8605,14784,15096,16503,16584,16637,18053,21908,22746,23245]",12,0.0245594879717176,0.134977918350115,0.165748772165638,0.0027903159459432,9d844605de4d20ec5638bf793d21e8750ea606984d7229531fdc9910aa1e45ef
20260819,20260811,19,"[2087,5909,7195,7768,11131,14127,16503,20311,21354,22448,23608,23704]",12,0.0638583200916552,-0.0712616407092766,-0.128599666742459,0.00725523630777995,9d844605de4d20ec5638bf793d21e8750ea606984d7229531fdc9910aa1e45ef
20260819,20260811,20,"[2040,4083,5078,6666,7195,10892,11908,14777,16503,17119,19014,21275]",12,0.0684386289590976,0.0033068049610437,0.0114671714102968,0.00777562618255615,9d844605de4d20ec5638bf793d21e8750ea606984d7229531fdc9910aa1e45ef
20260819,20260811,21,"[821,1334,10572,13225,13758,14127,14388,14697,16628,18716,18913,22625]",12,0.110670248791153,0.0365482115321905,0.0554631670074287,0.0125737539927165,9d844605de4d20ec5638bf793d21e8750ea606984d7229531fdc9910aa1e45ef
20260819,20260811,22,"[438,2240,3019,5926,7198,8028,8906,11740,14127,21275,22625,22900]",12,0.0716944855460079,-0.0879302859905259,-0.217658371369818,0.008145538965861,9d844605de4d20ec5638bf793d21e8750ea606984d7229531fdc9910aa1e45ef
20260819,20260811,23,"[2087,6863,7698,12097,13888,14121,14127,14535,16628,18821,19615,23784]",12,0.0657713836326562,-0.065848902312474,-0.103953716181464,0.0074725882212321,9d844605de4d20ec5638bf793d21e8750ea606984d7229531fdc9910aa1e45ef
20260819,20260811,24,"[438,2040,4083,6589,11744,14784,15336,17701,21966,22248,22401,23139]",12,0.0310488592673481,0.0492874275400422,0.0595393094734147,0.00352760314941406,9d844605de4d20ec5638bf793d21e8750ea606984d7229531fdc9910aa1e45ef
20260819,20260811,25,"[438,5868,5926,8705,12097,12568,13888,18749,19014,19615,20324,23747]",12,0.0270884990474414,-0.124819315782939,-0.284359847780996,0.00307764848073324,9d844605de4d20ec5638bf793d21e8750ea606984d7229531fdc9910aa1e45ef
20260819,20260811,26,"[581,784,8028,10572,11067,14542,18649,18716,20311,22625,22929,23139]",12,0.427698506468526,0.0439130352636861,0.160007048657285,0.0485927867889404,9d844605de4d20ec5638bf793d21e8750ea606984d7229531fdc9910aa1e45ef
20260819,20260811,27,"[2087,6863,7263,11067,12647,14121,14777,18649,18716,21908,23747,23784]",12,0.0600295349277143,-0.0738298529875506,-0.17258707557008,0.00682023048400879,9d844605de4d20ec5638bf793d21e8750ea606984d7229531fdc9910aa1e45ef
20260819,20260811,28,"[821,1334,5868,6666,9377,10892,13225,16637,18716,18913,19615,23688]",12,0.0253144671817395,-0.0416886922279396,-0.0907172044714212,0.00287609259287516,9d844605de4d20ec5638bf793d21e8750ea606984d7229531fdc9910aa1e45ef
20260819,20260811,29,"[1334,5926,7263,11740,12097,14995,18649,18821,19014,22248,23003,24297]",12,0.0505238841672804,-0.03504150892363,-0.0576070793893871,0.0057402499516805,9d844605de4d20ec5638bf793d21e8750ea606984d7229531fdc9910aa1e45ef
20260819,20260811,30,"[1064,2240,6611,7796,8906,13225,16503,17119,21908,23608,23688,23784]",12,0.0149868115767135,-0.0343387172810462,-0.0698966261422209,0.0017027203241984,9d844605de4d20ec5638bf793d21e8750ea606984d7229531fdc9910aa1e45ef
20260819,20260811,31,"[3015,6589,7698,11908,12325,12423,13225,13758,14260,15096,19959,23164]",12,0.0444257965229322,-0.0141871252773644,-0.0277477572212083,0.00504741827646891,9d844605de4d20ec5638bf793d21e8750ea606984d7229531fdc9910aa1e45ef
20260819,20260811,32,"[875,8605,9377,10572,11908,13888,14535,16628,20311,22248,23139,23704]",12,0.0630021518991981,-0.00649611875973056,-0.016471880629498,0.0071579631169637,9d844605de4d20ec5638bf793d21e8750ea606984d7229531fdc9910aa1e45ef
20260819,20260811,33,"[2619,6611,7198,8271,8705,9377,10572,12950,14260,15018,15096,23003]",12,0.0733889008626931,0.0430594531953668,0.100096419292881,0.00833804925282796,9d844605de4d20ec5638bf793d21e8750ea606984d7229531fdc9910aa1e45ef
20260819,20260811,34,"[875,2619,4224,5336,6611,7198,7698,12289,15336,19959,23245,23784]",12,0.0407941291196038,0.139895770048181,0.247687767104006,0.00463480790456136,9d844605de4d20ec5638bf793d21e8750ea606984d7229531fdc9910aa1e45ef
20260819,20260811,35,"[581,821,5336,7698,9377,13888,15018,17701,18716,18821,22401,24297]",12,0.0294293459017147,0.129764138480898,0.240316988527128,0.00334360281626383,9d844605de4d20ec5638bf793d21e8750ea606984d7229531fdc9910aa1e45ef
20260819,20260811,36,"[1064,2040,3019,4083,6666,8605,14127,14777,19615,20761,23003,23139]",12,0.0886386247229544,-0.0114383626372983,-0.0269018691714908,0.0100706402460734,9d844605de4d20ec5638bf793d21e8750ea606984d7229531fdc9910aa1e45ef
20260819,20260811,37,"[1064,2073,2240,6589,7195,7768,7796,8605,10088,11744,12289,23245]",12,0.00551984290344025,0.187891546697486,0.335175447424852,0.000627134641011556,9d844605de4d20ec5638bf793d21e8750ea606984d7229531fdc9910aa1e45ef
20260819,20260811,38,"[1064,2040,7698,10428,14535,15336,16628,21275,22248,23139,23164,23688]",12,0.0286495066306134,0.00169762432432087,0.00451427780204121,0.00325500170389811,9d844605de4d20ec5638bf793d21e8750ea606984d7229531fdc9910aa1e45ef
20260819,20260811,39,"[875,7195,7698,10428,11740,14388,14542,18913,21275,21908,22401,24297]",12,0.0157294097208631,0.030696387313081,0.0945019586113232,0.00178709030151367,9d844605de4d20ec5638bf793d21e8750ea606984d7229531fdc9910aa1e45ef
20260819,20260811,40,"[1960,4546,6589,10428,11067,11908,12325,15096,18821,23139,23688,23747]",12,0.00666964521069454,0.0246343424137303,0.042591422648045,0.000757768948872884,9d844605de4d20ec5638bf793d21e8750ea606984d7229531fdc9910aa1e45ef
20260819,20260811,41,"[5336,5909,8028,8705,11131,11744,14127,14260,17701,18053,19615,23608]",12,0.0808423584774921,0.00893222025735334,0.0153541453316499,0.00918487071990967,9d844605de4d20ec5638bf793d21e8750ea606984d7229531fdc9910aa1e45ef
20260819,20260811,42,"[821,1064,6611,8271,10892,11740,11744,16584,18829,21354,21908,23704]",12,0.0238729193968549,-0.0244225316165812,-0.0553342378272284,0.00271231174468994,9d844605de4d20ec5638bf793d21e8750ea606984d7229531fdc9910aa1e45ef
20260819,20260811,43,"[875,5868,10428,11067,11744,12423,14542,14777,15018,17119,23608,23784]",12,0.039884015853696,-0.043568839413457,-0.133137308405403,0.00453140576680501,9d844605de4d20ec5638bf793d21e8750ea606984d7229531fdc9910aa1e45ef
20260819,20260811,44,"[1496,5336,7198,8605,12289,14697,15018,15096,17373,18716,19192,23164]",12,0.0105897704639923,0.19428167447627,0.388610521642393,0.00120315233866374,9d844605de4d20ec5638bf793d21e8750ea606984d7229531fdc9910aa1e45ef
20260819,20260811,45,"[821,875,8705,12568,14121,14542,14697,14995,15096,17270,22625,23784]",12,0.015163420136683,0.0209455838717732,0.208690345689032,0.00172278563181559,9d844605de4d20ec5638bf793d21e8750ea606984d7229531fdc9910aa1e45ef
20260819,20260811,46,"[438,2619,6863,7263,7698,10509,10572,11744,12647,16584,19192,19615]",12,0.0802836436438812,0.0602085047698886,0.0981562460602351,0.00912139256795247,9d844605de4d20ec5638bf793d21e8750ea606984d7229531fdc9910aa1e45ef
20260819,20260811,47,"[821,1496,1960,5078,12950,14127,14542,14777,16503,18821,22448,23608]",12,0.0722138048073063,-0.0129266278930798,-0.0302739550004743,0.00820454120635986,9d844605de4d20ec5638bf793d21e8750ea606984d7229531fdc9910aa1e45ef
20260819,20260811,48,"[581,821,8705,11067,11908,16637,18821,19192,21234,22448,22929,23608]",12,0.0304695093239499,0.0415534111783181,0.0819100885963072,0.0034617805480957,9d844605de4d20ec5638bf793d21e8750ea606984d7229531fdc9910aa1e45ef
20260819,20260811,49,"[1496,2992,3019,8028,10892,13758,13888,14784,17373,18829,21234,21275]",12,0.0706249852931124,0.100474046419537,0.127903097328457,0.00802402814229329,9d844605de4d20ec5638bf793d21e8750ea606984d7229531fdc9910aa1e45ef
20260819,20260811,50,"[5926,7198,7768,11744,12289,12423,12647,14127,16637,22448,23139,23704]",12,0.0671840282739336,-0.0162650990401941,-0.023921776463662,0.00763308525085449,9d844605de4d20ec5638bf793d21e8750ea606984d7229531fdc9910aa1e45ef
20260819,20260811,51,"[581,1638,4149,6666,7698,11067,11740,12568,14995,15096,21354,22900]",12,0.0282873219816074,0.0779096333507483,0.143751490967221,0.00321385224660238,9d844605de4d20ec5638bf793d21e8750ea606984d7229531fdc9910aa1e45ef
20260819,20260811,52,"[821,2240,8028,12950,14542,17701,18053,19615,21966,22248,22746,22929]",12,0.033715768836071,-0.0721594939560996,-0.125685333751538,0.00383060296376546,9d844605de4d20ec5638bf793d21e8750ea606984d7229531fdc9910aa1e45ef
20260819,20260811,53,"[821,6863,7768,13225,13888,16503,16584,17119,18716,21234,23164,23784]",12,0.0399231875875296,-0.00816229866031586,-0.0182640272368454,0.00453585624694824,9d844605de4d20ec5638bf793d21e8750ea606984d7229531fdc9910aa1e45ef
20260819,20260811,54,"[784,821,1334,2992,3019,5336,6611,9377,15018,16584,21354,22401]",12,0.461089331782543,0.0968121300545187,0.181631613128131,0.0523864714304606,9d844605de4d20ec5638bf793d21e8750ea606984d7229531fdc9910aa1e45ef
20260819,20260811,55,"[2619,4295,10892,12568,14697,15096,16637,18716,18829,21908,22248,24297]",12,0.0345905715819088,0.0137632904666075,0.0326430954634045,0.00392999331156413,9d844605de4d20ec5638bf793d21e8750ea606984d7229531fdc9910aa1e45ef
20260819,20260811,56,"[2087,2619,4083,8271,8705,14127,18749,21498,22185,22746,23003,23245]",12,0.0510809901618232,0.00871918253065126,0.0154379761619166,0.00580354531606038,9d844605de4d20ec5638bf793d21e8750ea606984d7229531fdc9910aa1e45ef
20260819,20260811,57,"[1334,1638,1960,3019,6611,7195,11908,12950,18829,20761,21908,21966]",12,0.0268464457121599,-0.0592961439765268,-0.203460832205647,0.00305014769236247,9d844605de4d20ec5638bf793d21e8750ea606984d7229531fdc9910aa1e45ef
20260819,20260811,58,"[875,4841,5078,11067,11740,12325,12647,13225,18053,19014,23164,23704]",12,0.0239203451746034,-0.0436935108912839,-0.063246316837688,0.00271770000457764,9d844605de4d20ec5638bf793d21e8750ea606984d7229531fdc9910aa1e45ef
20260819,20260811,59,"[1064,8028,8271,8705,12423,13758,16503,16584,20311,22746,23164,23747]",12,0.0151681207447431,-0.134623570619144,-0.337618963771145,0.00172331968943278,9d844605de4d20ec5638bf793d21e8750ea606984d7229531fdc9910aa1e45ef
20260819,20260811,60,"[2040,3019,5437,10088,11067,11908,12568,14127,17373,22929,23704,23784]",12,0.061563779822735,0.151432675715545,0.236948981901682,0.00699454307556152,9d844605de4d20ec5638bf793d21e8750ea606984d7229531fdc9910aa1e45ef
20260819,20260811,61,"[784,1638,2619,4083,8705,11740,16628,17270,18649,19615,22185,23003]",12,0.445167742737512,-0.0359308217263526,-0.0590389606771694,0.0505775467554728,9d844605de4d20ec5638bf793d21e8750ea606984d7229531fdc9910aa1e45ef
20260819,20260811,62,"[2087,4546,5437,8271,9377,13758,15018,16628,16637,18053,18749,23003]",12,0.0532269996099894,0.025198369111373,0.0897396257230836,0.00604736328125,9d844605de4d20ec5638bf793d21e8750ea606984d7229531fdc9910aa1e45ef
20260819,20260811,63,"[3019,5078,6666,7263,7768,8028,11908,12289,12325,17270,18821,21354]",12,0.0472972664816959,0.0310112851437046,0.058974399848456,0.00537365913391113,9d844605de4d20ec5638bf793d21e8750ea606984d7229531fdc9910aa1e45ef
20260819,20260811,64,"[1064,1638,6846,8705,14697,17701,18649,19014,21498,22185,22746,23784]",12,-3.25265289867892e-05,-0.012491670538604,-0.0379305430836867,-3.69548797607422e-06,9d844605de4d20ec5638bf793d21e8750ea606984d7229531fdc9910aa1e45ef
20260819,20260811,65,"[1334,1638,4546,9377,10428,11908,12325,16584,18749,22401,22929,23784]",12,0.0286991568032474,-0.0289658778000412,-0.172262502624361,0.00326064268747966,9d844605de4d20ec5638bf793d21e8750ea606984d7229531fdc9910aa1e45ef
20260819,20260811,66,"[1213,1334,1960,7698,10088,11744,14127,14777,16637,17270,18913,23688]",12,0.0776652090957773,0.23800754916804,0.485109441362383,0.00882390022277832,9d844605de4d20ec5638bf793d21e8750ea606984d7229531fdc9910aa1e45ef
20260819,20260811,67,"[5437,6846,7198,10428,10509,12289,17701,18649,18821,23608,23784,24297]",12,0.042407808694877,0.0134381041691951,0.0232211380283812,0.00481814543406169,9d844605de4d20ec5638bf793d21e8750ea606984d7229531fdc9910aa1e45ef
20260819,20260811,68,"[1064,1334,1960,2073,6589,8028,8271,11067,11740,11908,13888,22900]",12,0.0205126421594683,0.0324142055376145,0.0555078570849253,0.002330535252889,9d844605de4d20ec5638bf793d21e8750ea606984d7229531fdc9910aa1e45ef
20260819,20260811,69,"[1064,6863,10509,10892,12647,12950,13225,16503,17373,20311,22900,23704]",12,0.0438471320848761,-0.0469726885955933,-0.0699487395128646,0.00498167355855306,9d844605de4d20ec5638bf793d21e8750ea606984d7229531fdc9910aa1e45ef
20260819,20260811,70,"[1064,1213,3019,4546,7768,8906,10572,14542,16584,16637,23608,23784]",12,0.0523002523471073,0.063560197803116,0.197729788493542,0.00594207127888997,9d844605de4d20ec5638bf793d21e8750ea606984d7229531fdc9910aa1e45ef
20260819,20260811,71,"[784,1334,1638,2240,2619,5078,8906,10428,11131,13758,14388,23164]",12,0.414320645879216,0.0389775678298219,0.0880131939229691,0.0470728667577108,9d844605de4d20ec5638bf793d21e8750ea606984d7229531fdc9910aa1e45ef
20260819,20260811,72,"[2992,4295,4546,5437,12423,14777,14784,16637,17119,19192,21234,21498]",12,0.0554762125869021,0.0355184523919676,0.0484981130086747,0.00630290667215983,9d844605de4d20ec5638bf793d21e8750ea606984d7229531fdc9910aa1e45ef
20260819,20260811,73,"[875,1496,6666,7195,7198,10088,10572,12325,14260,15096,22185,24297]",12,0.0740074645096397,0.164984807193791,0.333705780384639,0.00840832710266113,9d844605de4d20ec5638bf793d21e8750ea606984d7229531fdc9910aa1e45ef
20260819,20260811,74,"[438,1064,4546,5336,5926,7195,10509,13225,14542,21966,23164,23747]",12,0.00867238404236456,0.0670672823799493,0.100793855059739,0.000985309282938639,9d844605de4d20ec5638bf793d21e8750ea606984d7229531fdc9910aa1e45ef
20260819,20260811,75,"[1638,4841,5909,10892,12097,14784,16503,16628,18053,18821,19014,23747]",12,0.0279538026478245,0.0266854118419725,0.0306924034714869,0.00317595958709717,9d844605de4d20ec5638bf793d21e8750ea606984d7229531fdc9910aa1e45ef
20260819,20260811,76,"[1638,7198,8605,12289,12423,14121,14127,14388,15096,18829,19192,24297]",12,0.0807507945496562,0.059122480565484,0.147024416463734,0.00917446772257487,9d844605de4d20ec5638bf793d21e8750ea606984d7229531fdc9910aa1e45ef
20260819,20260811,77,"[2073,4224,4841,6863,7198,7796,12423,14995,20324,21354,22185,23608]",12,0.013754678678884,-0.178604691257493,-0.411055997687621,0.00156273206075033,9d844605de4d20ec5638bf793d21e8750ea606984d7229531fdc9910aa1e45ef
20260819,20260811,78,"[438,2240,5868,7195,9377,10572,10892,14260,15096,17373,23003,23704]",12,0.0627117914221569,-0.0593116680189335,-0.106713853678277,0.00712497393290202,9d844605de4d20ec5638bf793d21e8750ea606984d7229531fdc9910aa1e45ef
20260819,20260811,79,"[784,4841,5078,10509,12325,14127,15096,18053,19959,20311,21275,22448]",12,0.430288261711502,0.00756105269429717,0.0276153421429381,0.0488870207468669,9d844605de4d20ec5638bf793d21e8750ea606984d7229531fdc9910aa1e45ef
20260819,20260811,80,"[1960,2040,2619,5437,5926,10428,11067,13225,14777,19959,22248,22625]",12,0.0707379677654124,-0.0328565548822548,-0.0581633409308306,0.00803686459859212,9d844605de4d20ec5638bf793d21e8750ea606984d7229531fdc9910aa1e45ef
20260819,20260811,81,"[1496,2992,7195,8271,8605,8705,10088,14388,17373,18053,18821,19192]",12,0.00795926262792474,0.300874346538665,0.537118142238902,0.000904288291931152,9d844605de4d20ec5638bf793d21e8750ea606984d7229531fdc9910aa1e45ef
20260819,20260811,82,"[4149,5909,7768,10428,10572,11067,12097,17119,18829,22185,22248,22900]",12,0.0624541813125816,0.0616573632123478,0.109445663801881,0.00709570566813151,9d844605de4d20ec5638bf793d21e8750ea606984d7229531fdc9910aa1e45ef
20260819,20260811,83,"[581,875,2992,4083,4841,5078,5868,12647,16584,18053,22625,24297]",12,0.0344844441630297,-0.0279701288123778,-0.0548644551557211,0.00391793568929036,9d844605de4d20ec5638bf793d21e8750ea606984d7229531fdc9910aa1e45ef
20260819,20260811,84,"[581,4546,6611,10088,10572,11067,11740,11908,15096,16503,17373,21275]",12,0.0462487370963063,0.225241920850941,0.421808266103103,0.00525453090667725,9d844605de4d20ec5638bf793d21e8750ea606984d7229531fdc9910aa1e45ef
20260819,20260811,85,"[1213,2073,4295,5926,6589,6666,10892,11131,12423,16628,21234,22185]",12,0.038193098013246,0.000430603038814913,0.0008648003053578,0.00433929284413656,9d844605de4d20ec5638bf793d21e8750ea606984d7229531fdc9910aa1e45ef
20260819,20260811,86,"[1213,4149,4546,7796,9377,12647,14535,14995,17119,21498,22185,23747]",12,0.013421215304721,0.0847271354325795,0.14629639925882,0.00152484575907389,9d844605de4d20ec5638bf793d21e8750ea606984d7229531fdc9910aa1e45ef
20260819,20260811,87,"[821,1960,4149,7195,7198,7796,16628,17119,18053,19192,19959,24297]",12,0.0451808736622888,0.0833525492707574,0.146162680632991,0.00513320604960124,9d844605de4d20ec5638bf793d21e8750ea606984d7229531fdc9910aa1e45ef
20260819,20260811,88,"[875,1064,2992,4149,7796,12289,14388,17701,22401,22448,23688,23784]",12,0.0181191093231888,0.0574363830617701,0.109828276506205,0.00205859502156576,9d844605de4d20ec5638bf793d21e8750ea606984d7229531fdc9910aa1e45ef
20260819,20260811,89,"[3019,4546,6611,8705,11067,11744,12568,14121,14777,17701,18821,18829]",12,0.0469017298993116,-0.00645758848643877,-0.0167933987941871,0.00532872041066488,9d844605de4d20ec5638bf793d21e8750ea606984d7229531fdc9910aa1e45ef
20260819,20260811,90,"[784,4224,5909,6611,7195,7698,11908,12568,12950,14995,21275,23747]",12,0.420020343000572,0.00566923635442455,0.0211782863362275,0.0477204354604085,9d844605de4d20ec5638bf793d21e8750ea606984d7229531fdc9910aa1e45ef
20260819,20260811,91,"[875,2619,4295,5336,5909,16637,19192,21234,21354,22900,23608,24297]",12,0.0690996659574438,0.127132505634374,0.214924878262234,0.00785072962443034,9d844605de4d20ec5638bf793d21e8750ea606984d7229531fdc9910aa1e45ef
20260819,20260811,92,"[1213,1960,2087,6589,8906,9377,12423,14260,14697,18053,18649,19014]",12,0.0334304027550935,-0.042899357680798,-0.093798330251554,0.00379818121592204,9d844605de4d20ec5638bf793d21e8750ea606984d7229531fdc9910aa1e45ef
20260819,20260811,93,"[784,1919,2240,4083,5926,6589,6863,9377,10428,14121,18829,19014]",12,0.439904236862297,0.0282485685069069,0.0460237079232767,0.0499795357386271,9d844605de4d20ec5638bf793d21e8750ea606984d7229531fdc9910aa1e45ef
20260819,20260811,94,"[784,1919,5909,7698,7768,10088,13888,14535,14777,16637,17373,23784]",12,0.450060558101516,0.302360171688895,0.487300610870828,0.0511334419250488,9d844605de4d20ec5638bf793d21e8750ea606984d7229531fdc9910aa1e45ef
20260819,20260811,95,"[1638,6611,7698,12950,14542,14697,16584,16628,18649,18821,18913,23704]",12,0.0137910244519196,0.0217566452536545,0.0390483159723668,0.00156686147054036,9d844605de4d20ec5638bf793d21e8750ea606984d7229531fdc9910aa1e45ef
20260819,20260811,96,"[5909,5926,6666,7195,8906,10892,12325,14784,18053,18649,20311,21234]",12,0.0483948164939972,0.117736030968153,0.144571148337292,0.00549835681915283,9d844605de4d20ec5638bf793d21e8750ea606984d7229531fdc9910aa1e45ef
20260819,20260811,97,"[784,821,3019,4841,5078,8271,10572,11067,12423,12950,13225,18649]",12,0.540043822537832,-0.116081070752166,-0.265977917751486,0.0613568528493245,9d844605de4d20ec5638bf793d21e8750ea606984d7229531fdc9910aa1e45ef
20260819,20260811,98,"[1213,1496,4295,4841,8906,12097,17119,17701,21234,22185,22900,23747]",12,0.0632769695918504,0.0877306912837825,0.267842521099327,0.00718918641408285,9d844605de4d20ec5638bf793d21e8750ea606984d7229531fdc9910aa1e45ef
20260819,20260811,99,"[875,1064,1496,1638,4083,5909,6846,7263,10572,16584,18829,21908]",12,0.0771168887615372,-0.0436862970806276,-0.133594814932325,0.00876160303751628,9d844605de4d20ec5638bf793d21e8750ea606984d7229531fdc9910aa1e45ef
20260820,20260812,0,"[2619,4083,4224,5926,11067,12325,12568,14777,15096,19959,20311,22900]",12,0.0667683461370724,-0.0613930374345754,-0.141749661233225,0.00750076611836751,9d844605de4d20ec5638bf793d21e8750ea606984d7229531fdc9910aa1e45ef
20260820,20260812,1,"[859,1064,8028,11067,12741,14121,14388,14535,14995,15096,16628,24161]",12,0.0329426656369496,-0.000547768399880322,-0.00155415334829883,0.00370078404744466,9d844605de4d20ec5638bf793d21e8750ea606984d7229531fdc9910aa1e45ef
20260820,20260812,2,"[1496,3276,4224,7698,8055,11067,14535,16637,16664,17270,19713,23704]",12,0.0273461397889638,-0.0826823120473528,-0.212168471970499,0.00307206948598226,9d844605de4d20ec5638bf793d21e8750ea606984d7229531fdc9910aa1e45ef
20260820,20260812,3,"[2907,7698,10043,13558,13798,14067,14121,14127,14388,14777,17119,23245]",12,0.0773709479649146,0.0499820169475475,0.162546781405018,0.00869186401367187,9d844605de4d20ec5638bf793d21e8750ea606984d7229531fdc9910aa1e45ef
20260820,20260812,4,"[821,7698,8271,12097,12937,13558,16246,16544,16584,17270,20656,21498]",12,0.0137456734959941,0.0213270770801737,0.0684245100262908,0.00154419104258219,9d844605de4d20ec5638bf793d21e8750ea606984d7229531fdc9910aa1e45ef
20260820,20260812,5,"[1496,1919,5336,7195,7263,8371,12568,14121,14784,19959,21354,21498]",12,0.0617237010414171,0.0517809794071108,0.0831788387941425,0.00693404992421468,9d844605de4d20ec5638bf793d21e8750ea606984d7229531fdc9910aa1e45ef
20260820,20260812,6,"[581,784,3019,7263,12568,13798,14784,16163,19192,21677,22401,22900]",12,0.491268254963418,0.0765121444211263,0.0860636008836264,0.0551891501744588,9d844605de4d20ec5638bf793d21e8750ea606984d7229531fdc9910aa1e45ef
20260820,20260812,7,"[821,875,1919,7195,9450,10892,12644,13225,14174,16584,19713,21966]",12,0.0526198050683497,-0.0870190689480551,-0.255834934865069,0.00591131687164307,9d844605de4d20ec5638bf793d21e8750ea606984d7229531fdc9910aa1e45ef
20260820,20260812,8,"[8271,10043,12644,12741,14267,14542,16523,17270,18053,19959,21275,23784]",12,0.0232035252907568,0.028650975223157,0.133674514881517,0.00260668754577637,9d844605de4d20ec5638bf793d21e8750ea606984d7229531fdc9910aa1e45ef
20260820,20260812,9,"[5437,7768,9450,11067,14174,15336,16523,17701,19014,19713,21566,23688]",12,0.0291503849158141,-0.0649262399986514,-0.356198859951458,0.00327475865681966,9d844605de4d20ec5638bf793d21e8750ea606984d7229531fdc9910aa1e45ef
20260820,20260812,10,"[859,1919,2619,4841,6589,10596,13225,13888,14260,21498,21966,22448]",12,0.0623964392358437,-0.0625237304954237,-0.113542837962866,0.00700962543487549,9d844605de4d20ec5638bf793d21e8750ea606984d7229531fdc9910aa1e45ef
20260820,20260812,11,"[4841,5909,10572,12644,12937,12950,13888,14127,15336,15707,16584,21234]",12,0.114316086100076,-0.0343980248780666,-0.130395056080567,0.0128422864278158,9d844605de4d20ec5638bf793d21e8750ea606984d7229531fdc9910aa1e45ef
20260820,20260812,12,"[581,2040,2619,12423,14267,14388,16637,16729,18821,20656,21275,23245]",12,0.0270078323319323,-0.0996759683897854,-0.259886452628858,0.00303406397501628,9d844605de4d20ec5638bf793d21e8750ea606984d7229531fdc9910aa1e45ef
20260820,20260812,13,"[875,7263,8371,11067,12568,13558,14388,15707,18821,19615,22248,23245]",12,0.0340975885219217,-0.122443003902814,-0.320209462023736,0.00383052825927734,9d844605de4d20ec5638bf793d21e8750ea606984d7229531fdc9910aa1e45ef
20260820,20260812,14,"[859,2619,4841,7451,8371,10596,12741,15707,16544,17701,18821,19014]",12,0.0346091740278121,-0.0522002495225926,-0.0996329967500784,0.00388799985249837,9d844605de4d20ec5638bf793d21e8750ea606984d7229531fdc9910aa1e45ef
20260820,20260812,15,"[1064,2619,10572,12022,12741,13888,16544,16628,16664,19014,20761,23784]",12,0.0603367126255081,0.00876404343755468,0.0250795105238257,0.00677823543548584,9d844605de4d20ec5638bf793d21e8750ea606984d7229531fdc9910aa1e45ef
20260820,20260812,16,"[784,859,1064,2040,10596,12950,15707,18821,19713,23003,23139,23688]",12,0.411421653646737,-0.005808805540903,-0.0138323660454322,0.046219170888265,9d844605de4d20ec5638bf793d21e8750ea606984d7229531fdc9910aa1e45ef
20260820,20260812,17,"[4224,6863,7198,7698,14388,14535,16584,17701,19615,23003,23139,23688]",12,0.0310318814631566,-0.0621947039688289,-0.197905256776188,0.00348612626393636,9d844605de4d20ec5638bf793d21e8750ea606984d7229531fdc9910aa1e45ef
20260820,20260812,18,"[5437,10892,12568,12937,13798,14388,16729,17119,21966,22448,23003,23608]",12,0.0290608100544337,-0.0646717779520176,-0.183917901054477,0.00326469580332438,9d844605de4d20ec5638bf793d21e8750ea606984d7229531fdc9910aa1e45ef
20260820,20260812,19,"[875,1334,4083,4224,6886,8605,12097,14777,16628,16637,23139,23164]",12,0.0492318916727949,0.0412632424072092,0.150762125060398,0.00553071816762288,9d844605de4d20ec5638bf793d21e8750ea606984d7229531fdc9910aa1e45ef
20260820,20260812,20,"[1064,3015,9450,12568,12644,14260,14267,16523,19713,20311,23939,24161]",12,0.0289294543423731,-0.0644095652916585,-0.195117326316497,0.00324993928273519,9d844605de4d20ec5638bf793d21e8750ea606984d7229531fdc9910aa1e45ef
20260820,20260812,21,"[859,1919,6589,6863,7451,7768,12289,16163,18821,21354,21566,22401]",12,0.0349350448550611,-0.0357786357069998,-0.075086194232726,0.00392460823059082,9d844605de4d20ec5638bf793d21e8750ea606984d7229531fdc9910aa1e45ef
20260820,20260812,22,"[2040,6108,7195,9450,10471,12325,12568,14127,16729,17270,21677,22900]",12,0.0448716007818636,0.0177001333400026,0.120230888777714,0.00504088242848714,9d844605de4d20ec5638bf793d21e8750ea606984d7229531fdc9910aa1e45ef
20260820,20260812,23,"[6589,10596,12950,13798,14127,14174,14535,16523,19192,19615,19959,21498]",12,0.0833394408174321,-0.0912353687929317,-0.148802370550184,0.00936236540476481,9d844605de4d20ec5638bf793d21e8750ea606984d7229531fdc9910aa1e45ef
20260820,20260812,24,"[1064,1919,2907,4224,6863,7451,8271,12950,16628,16637,18829,21234]",12,0.043948092591685,-0.112190992582292,-0.299617486341258,0.00493713537851969,9d844605de4d20ec5638bf793d21e8750ea606984d7229531fdc9910aa1e45ef
20260820,20260812,25,"[859,2040,4295,5926,6589,12644,14067,14127,16584,17373,18716,24297]",12,0.0642363530130714,-0.0293562822186193,-0.0552354853916838,0.00721632162729899,9d844605de4d20ec5638bf793d21e8750ea606984d7229531fdc9910aa1e45ef
20260820,20260812,26,"[438,821,12647,16246,17701,20311,21234,21354,21498,22401,23245,23608]",12,0.0341744154840597,0.0297158334870576,0.0926136994962139,0.00383915901184082,9d844605de4d20ec5638bf793d21e8750ea606984d7229531fdc9910aa1e45ef
20260820,20260812,27,"[784,7796,8371,13798,13888,14260,14784,16637,17373,20761,21677,23245]",12,0.509971092688235,-0.00104354356203405,-0.00121442757886713,0.0572902297973633,9d844605de4d20ec5638bf793d21e8750ea606984d7229531fdc9910aa1e45ef
20260820,20260812,28,"[10471,10572,12289,12568,12644,14121,14535,16523,16664,21966,22448,23003]",12,0.0534842711014377,0.0939863502041339,0.29386243842426,0.00600843111673991,9d844605de4d20ec5638bf793d21e8750ea606984d7229531fdc9910aa1e45ef
20260820,20260812,29,"[438,1919,2907,5336,11067,12647,14067,15336,18716,21966,23003,23688]",12,0.0322689511883079,0.0408953308500127,0.0885422051570797,0.00362509886423747,9d844605de4d20ec5638bf793d21e8750ea606984d7229531fdc9910aa1e45ef
20260820,20260812,30,"[6863,8271,11131,12741,14067,16246,19713,20656,20761,21234,21275,23245]",12,0.0255406920301096,-0.045398689016045,-0.129897019974334,0.00286924521128337,9d844605de4d20ec5638bf793d21e8750ea606984d7229531fdc9910aa1e45ef
20260820,20260812,31,"[821,875,3019,5336,12568,14121,14777,16523,16729,17701,21275,23704]",12,0.0603383821617019,-0.0353438969787647,-0.0818804297277273,0.00677842299143473,9d844605de4d20ec5638bf793d21e8750ea606984d7229531fdc9910aa1e45ef
20260820,20260812,32,"[4841,12647,12741,14542,15096,15707,17270,19192,19615,20656,21354,23608]",12,0.00867646641023345,-0.111147635056574,-0.272257396347556,0.00097471555074056,9d844605de4d20ec5638bf793d21e8750ea606984d7229531fdc9910aa1e45ef
20260820,20260812,33,"[581,1496,2619,2907,7198,8371,10596,12289,14067,17373,18821,21966]",12,0.0259032643563983,-0.0295654600998212,-0.0570649171032087,0.00290997664133708,9d844605de4d20ec5638bf793d21e8750ea606984d7229531fdc9910aa1e45ef
20260820,20260812,34,"[3019,5437,6886,7796,8055,11067,11131,12022,18649,18716,23164,24297]",12,0.0585948628767478,0.017694881014196,0.111099378657472,0.00658255577087402,9d844605de4d20ec5638bf793d21e8750ea606984d7229531fdc9910aa1e45ef
20260820,20260812,35,"[2040,3276,4224,6589,7698,12097,18716,20311,21275,22401,22448,23608]",12,0.0180751487103993,0.034251869647138,0.0895594958853248,0.00203056494394938,9d844605de4d20ec5638bf793d21e8750ea606984d7229531fdc9910aa1e45ef
20260820,20260812,36,"[1496,2907,4224,5926,7263,7698,10471,12022,12325,14067,14777,23939]",12,0.0611290914814151,-0.0545288348101589,-0.184014361475865,0.0068672513961792,9d844605de4d20ec5638bf793d21e8750ea606984d7229531fdc9910aa1e45ef
20260820,20260812,37,"[3276,5909,6589,7451,8605,12289,12741,12950,14174,14784,15707,16637]",12,0.0322985500842182,0.0475361286197855,0.0926696637173136,0.00362842400868734,9d844605de4d20ec5638bf793d21e8750ea606984d7229531fdc9910aa1e45ef
20260820,20260812,38,"[438,581,2087,4224,7698,7768,14995,19615,20311,21275,22401,23784]",12,0.0352163758523265,-0.0471949408976438,-0.173731008607101,0.00395621299743652,9d844605de4d20ec5638bf793d21e8750ea606984d7229531fdc9910aa1e45ef
20260820,20260812,39,"[2040,6886,7768,7796,8605,10892,12644,13888,16544,16729,22448,23784]",12,0.0213114880276145,0.0592669189615757,0.208514508038341,0.00239413579305013,9d844605de4d20ec5638bf793d21e8750ea606984d7229531fdc9910aa1e45ef
20260820,20260812,40,"[821,2907,7796,10043,12289,12644,13888,14542,16628,17119,18053,21566]",12,0.0115319250974754,0.0211863639785436,0.0540855334119594,0.00129549821217855,9d844605de4d20ec5638bf793d21e8750ea606984d7229531fdc9910aa1e45ef
20260820,20260812,41,"[1064,1496,1919,2619,5926,12937,14260,14267,15707,16628,21566,23939]",12,0.0506868924656831,-0.0685942409194428,-0.143798058283509,0.00569417317708333,9d844605de4d20ec5638bf793d21e8750ea606984d7229531fdc9910aa1e45ef
20260820,20260812,42,"[581,821,2087,2619,4083,6886,7698,8055,10892,12950,14535,22248]",12,0.0628155352663205,0.0157313494405518,0.0440871456342962,0.00705670674641927,9d844605de4d20ec5638bf793d21e8750ea606984d7229531fdc9910aa1e45ef
20260820,20260812,43,"[3019,4841,6863,7451,10892,14267,14388,16523,18821,18829,19615,21677]",12,0.0408475233534157,-0.137988245038688,-0.346505839215174,0.00458881696065267,9d844605de4d20ec5638bf793d21e8750ea606984d7229531fdc9910aa1e45ef
20260820,20260812,44,"[1496,7451,10892,14174,14260,16584,17119,19192,19713,20761,21354,21677]",12,0.0391898861421591,-0.0509691904554746,-0.206662788851185,0.0044025977452596,9d844605de4d20ec5638bf793d21e8750ea606984d7229531fdc9910aa1e45ef
20260820,20260812,45,"[2087,2907,5909,6108,12022,12097,15707,17701,18821,21498,23003,24297]",12,0.0343355964698195,-0.0616564216953653,-0.185028390730559,0.00385726610819499,9d844605de4d20ec5638bf793d21e8750ea606984d7229531fdc9910aa1e45ef
20260820,20260812,46,"[438,875,2040,4295,6108,7195,8055,9450,12097,12325,15336,22401]",12,0.0258320968389851,0.017521560231828,0.108653689410184,0.0029019816716512,9d844605de4d20ec5638bf793d21e8750ea606984d7229531fdc9910aa1e45ef
20260820,20260812,47,"[581,2040,12568,14121,14388,14542,16163,16628,16729,18829,21677,23608]",12,0.0113073866280225,0.0125001719230014,0.0478394760603538,0.0012702735265096,9d844605de4d20ec5638bf793d21e8750ea606984d7229531fdc9910aa1e45ef
20260820,20260812,48,"[4295,5437,6886,7198,9450,10596,12289,12325,12937,14067,19014,20311]",12,0.0285905809408691,-0.0324316481560773,-0.0755247940867908,0.00321187019348145,9d844605de4d20ec5638bf793d21e8750ea606984d7229531fdc9910aa1e45ef
20260820,20260812,49,"[1334,4841,7263,7768,12423,12950,14535,14784,16163,16523,23164,23784]",12,0.0550651662422272,-0.0840539659444514,-0.162342888106206,0.00618602911631266,9d844605de4d20ec5638bf793d21e8750ea606984d7229531fdc9910aa1e45ef
20260820,20260812,50,"[2087,3015,7263,10043,10892,16246,17701,18716,21566,22550,23139,23939]",12,0.0409297267880421,-0.0649487837722894,-0.194444147652734,0.00459805170694987,9d844605de4d20ec5638bf793d21e8750ea606984d7229531fdc9910aa1e45ef
20260820,20260812,51,"[784,821,1496,1919,2040,7451,8371,9450,16637,20761,21966,23688]",12,0.398999016841262,-0.0640547298484736,-0.179200951550718,0.0448236099878947,9d844605de4d20ec5638bf793d21e8750ea606984d7229531fdc9910aa1e45ef
20260820,20260812,52,"[2907,5926,7195,7263,11067,11131,12741,15336,21498,21566,24161,24297]",12,0.0523022819220697,-0.101098444225748,-0.366886152273598,0.00587564627329508,9d844605de4d20ec5638bf793d21e8750ea606984d7229531fdc9910aa1e45ef
20260820,20260812,53,"[3276,12423,13225,14067,14388,16729,18649,21234,23164,23608,23704,24297]",12,0.055477343601528,-0.195819755295277,-0.511329043210086,0.00623233318328857,9d844605de4d20ec5638bf793d21e8750ea606984d7229531fdc9910aa1e45ef
20260820,20260812,54,"[1496,5437,7198,12423,14121,14260,14777,16523,20311,21275,21566,22248]",12,0.0597778141617191,-0.1760134662557,-0.430332247496985,0.00671544869740804,9d844605de4d20ec5638bf793d21e8750ea606984d7229531fdc9910aa1e45ef
20260820,20260812,55,"[875,1919,2619,4083,8028,8055,10471,13798,17373,18821,22248,23704]",12,0.0449454848327447,-0.0927358308562179,-0.220936151324631,0.00504918257395426,9d844605de4d20ec5638bf793d21e8750ea606984d7229531fdc9910aa1e45ef
20260820,20260812,56,"[2907,4083,7198,7451,9450,12568,17373,19192,22401,22550,23245,24297]",12,0.0258291256305046,-0.0508215012520632,-0.154545347855764,0.00290164788564046,9d844605de4d20ec5638bf793d21e8750ea606984d7229531fdc9910aa1e45ef
20260820,20260812,57,"[3015,5437,5909,8605,9450,12950,13798,14777,16637,16664,16729,20761]",12,0.0610532832193276,0.0416356154545475,0.160407256331576,0.00685873508453369,9d844605de4d20ec5638bf793d21e8750ea606984d7229531fdc9910aa1e45ef
20260820,20260812,58,"[3276,12289,12423,12568,13798,14542,15336,16544,16664,18053,22248,22550]",12,0.0436208069032549,-0.00623779121918316,-0.0224766217501535,0.00490036805470785,9d844605de4d20ec5638bf793d21e8750ea606984d7229531fdc9910aa1e45ef
20260820,20260812,59,"[821,4295,12022,12644,12950,14067,14267,16584,19615,21234,21966,23003]",12,0.047198651263771,-0.0946000033346491,-0.27801911759233,0.00530230363210042,9d844605de4d20ec5638bf793d21e8750ea606984d7229531fdc9910aa1e45ef
20260820,20260812,60,"[2040,4295,6108,6863,8605,10596,18829,19959,21966,22248,22550,23164]",12,0.0415577129233081,-0.026291357639675,-0.0801818562137104,0.00466859976450602,9d844605de4d20ec5638bf793d21e8750ea606984d7229531fdc9910aa1e45ef
20260820,20260812,61,"[581,6863,7263,7796,10043,12741,13888,18716,18821,18829,20761,23139]",12,0.0288475763258183,-0.140152536930542,-0.382324605321011,0.00324074109395345,9d844605de4d20ec5638bf793d21e8750ea606984d7229531fdc9910aa1e45ef
20260820,20260812,62,"[3015,6589,7768,8028,10043,12937,14121,17270,18821,21498,22401,22448]",12,0.0171389067695901,-0.0879636036708282,-0.20652335656729,0.00192538738250732,9d844605de4d20ec5638bf793d21e8750ea606984d7229531fdc9910aa1e45ef
20260820,20260812,63,"[3276,4083,4295,4841,5336,10043,12568,12741,13225,14535,19192,24297]",12,0.0384679956702984,0.0419413899966987,0.0825929657686646,0.0043215004603068,9d844605de4d20ec5638bf793d21e8750ea606984d7229531fdc9910aa1e45ef
20260820,20260812,64,"[5437,6886,7263,10596,11067,14121,14995,19014,21354,21677,23245,23608]",12,0.0575527044279156,0.000172441255659695,0.0022897401826152,0.0064654795328776,9d844605de4d20ec5638bf793d21e8750ea606984d7229531fdc9910aa1e45ef
20260820,20260812,65,"[821,4083,4224,11131,12325,12568,13888,15707,16246,19014,21966,24297]",12,0.0349921486523334,-0.0436071023104478,-0.137939675377724,0.00393102327982585,9d844605de4d20ec5638bf793d21e8750ea606984d7229531fdc9910aa1e45ef
20260820,20260812,66,"[1496,2907,5437,8371,9450,10043,14067,21677,22448,22550,23688,23939]",12,0.0127072927265156,-0.0491300565996306,-0.263789864608895,0.00142753918965658,9d844605de4d20ec5638bf793d21e8750ea606984d7229531fdc9910aa1e45ef
20260820,20260812,67,"[2087,4083,6589,7451,9450,11131,12423,16544,18649,19192,21566,22248]",12,0.0377820992668869,-0.0748633671572859,-0.246082016636347,0.00424444675445557,9d844605de4d20ec5638bf793d21e8750ea606984d7229531fdc9910aa1e45ef
20260820,20260812,68,"[6108,7198,10572,12097,12647,14127,14784,17701,18649,18829,23704,23939]",12,0.112520740450055,-0.0547783828866722,-0.0711496811750645,0.0126405970255534,9d844605de4d20ec5638bf793d21e8750ea606984d7229531fdc9910aa1e45ef
20260820,20260812,69,"[581,4083,6589,7198,11067,12423,15707,16637,18053,19192,20761,22248]",12,0.0304211566343011,-0.0751265176350257,-0.218940641753381,0.0034175173441569,9d844605de4d20ec5638bf793d21e8750ea606984d7229531fdc9910aa1e45ef
20260820,20260812,70,"[859,1334,3015,5336,6589,7198,10892,12741,13888,16664,21275,21677]",12,0.0308273632794173,0.0275067493339603,0.0744657967224101,0.00346315066019694,9d844605de4d20ec5638bf793d21e8750ea606984d7229531fdc9910aa1e45ef
20260820,20260812,71,"[6863,6886,7198,12289,12741,12937,13798,14784,16163,17373,17701,24161]",12,0.0131071890907638,-0.00899292643002576,-0.0160379889841619,0.00147246360778809,9d844605de4d20ec5638bf793d21e8750ea606984d7229531fdc9910aa1e45ef
20260820,20260812,72,"[438,3276,6863,14535,16584,19192,20311,20656,21677,22900,23003,23688]",12,0.0382976463840846,-0.127775151002458,-0.423062437959555,0.00430236339569092,9d844605de4d20ec5638bf793d21e8750ea606984d7229531fdc9910aa1e45ef
20260820,20260812,73,"[6589,16246,16729,17270,18821,21275,21966,22248,22900,23245,23784,24161]",12,0.0344010055022253,-0.00637261616075383,-0.0138213721663092,0.0038646141688029,9d844605de4d20ec5638bf793d21e8750ea606984d7229531fdc9910aa1e45ef
20260820,20260812,74,"[859,1919,6863,7195,7263,7698,12568,14267,16584,17701,21354,23003]",12,0.0560858470983291,-0.00884805871365756,-0.0247315445576442,0.00630069255828857,9d844605de4d20ec5638bf793d21e8750ea606984d7229531fdc9910aa1e45ef
20260820,20260812,75,"[2040,5336,6886,8028,12741,14260,15096,16163,19014,21354,23139,23245]",12,0.0354455833636774,0.0100777222232949,0.0279824746694618,0.00398196220397949,9d844605de4d20ec5638bf793d21e8750ea606984d7229531fdc9910aa1e45ef
20260820,20260812,76,"[4841,5336,10572,12022,12289,12325,14067,14535,14784,16246,19014,20761]",12,0.0710340394094302,0.0718905608171274,0.116050059233803,0.0079799747467041,9d844605de4d20ec5638bf793d21e8750ea606984d7229531fdc9910aa1e45ef
20260820,20260812,77,"[6108,7768,12325,12647,12741,14260,14995,15707,18821,20761,21354,24297]",12,0.0343549942166134,-0.0359110559882705,-0.0998621046772252,0.00385944525400798,9d844605de4d20ec5638bf793d21e8750ea606984d7229531fdc9910aa1e45ef
20260820,20260812,78,"[2907,4083,6589,6886,7198,8605,9450,12741,12950,14388,15707,23939]",12,0.0178164837892563,-0.00101053227071502,-0.00286554886986252,0.00200150648752848,9d844605de4d20ec5638bf793d21e8750ea606984d7229531fdc9910aa1e45ef
20260820,20260812,79,"[2087,5336,6589,6863,13798,14777,15707,19713,20656,20761,21966,23139]",12,0.050598803208543,-0.0204185072373275,-0.040532484044834,0.00568427721659342,9d844605de4d20ec5638bf793d21e8750ea606984d7229531fdc9910aa1e45ef
20260820,20260812,80,"[1496,2087,5909,10892,12937,16628,18829,20311,21234,21677,21966,23164]",12,0.051211296613875,-0.0522474716067702,-0.150794377049815,0.00575308481852214,9d844605de4d20ec5638bf793d21e8750ea606984d7229531fdc9910aa1e45ef
20260820,20260812,81,"[4224,6108,8371,11131,13798,14067,14121,14260,14784,17373,21354,23939]",12,0.0347165902886871,0.00325059361376432,0.00532765499184989,0.0039000670115153,9d844605de4d20ec5638bf793d21e8750ea606984d7229531fdc9910aa1e45ef
20260820,20260812,82,"[784,859,3276,4841,5926,11067,12022,13225,16544,18053,21566,23939]",12,0.419524719266074,-0.0710713188041952,-0.135389556873883,0.0471294705073039,9d844605de4d20ec5638bf793d21e8750ea606984d7229531fdc9910aa1e45ef
20260820,20260812,83,"[438,859,6589,7796,12097,12647,14174,15096,18053,18821,23704,23939]",12,0.0374558322785072,-0.121310765550459,-0.228095902987475,0.00420779387156169,9d844605de4d20ec5638bf793d21e8750ea606984d7229531fdc9910aa1e45ef
20260820,20260812,84,"[821,1496,3019,6589,7698,12325,14535,15336,16628,16664,18821,23688]",12,0.0472425685548348,0.0522226270416523,0.159754870712255,0.00530723730723063,9d844605de4d20ec5638bf793d21e8750ea606984d7229531fdc9910aa1e45ef
20260820,20260812,85,"[438,7195,7768,7796,8605,10596,14121,14267,17119,19615,20656,23688]",12,0.0229430210500783,-0.0140456926921528,-0.0453654064418854,0.00257742245992025,9d844605de4d20ec5638bf793d21e8750ea606984d7229531fdc9910aa1e45ef
20260820,20260812,86,"[784,821,3019,5909,6589,12289,12937,15096,21354,21498,22550,22900]",12,0.418175352008973,0.00185195159303179,0.00378711395955533,0.0469778823852539,9d844605de4d20ec5638bf793d21e8750ea606984d7229531fdc9910aa1e45ef
20260820,20260812,87,"[5336,7796,10043,14267,14542,14777,14784,17119,18053,23003,23245,24297]",12,0.0446533442960551,0.0744113591967748,0.115201617654607,0.00501636346181234,9d844605de4d20ec5638bf793d21e8750ea606984d7229531fdc9910aa1e45ef
20260820,20260812,88,"[581,6589,10892,12644,13798,14388,16628,16664,18716,21498,21677,23688]",12,0.0195729207567945,0.0125267716391833,0.0355441172720718,0.00219882488250732,9d844605de4d20ec5638bf793d21e8750ea606984d7229531fdc9910aa1e45ef
20260820,20260812,89,"[1334,12097,12644,14127,14388,14784,15707,17701,21234,22248,22448,23688]",12,0.107292446373083,0.084323523557311,0.108517339186007,0.0120532496770223,9d844605de4d20ec5638bf793d21e8750ea606984d7229531fdc9910aa1e45ef
20260820,20260812,90,"[1919,7768,8028,13558,14995,15096,16163,16523,18821,19615,22448,24161]",12,0.0454930644070843,-0.127238495489746,-0.364848508430826,0.00511069774627686,9d844605de4d20ec5638bf793d21e8750ea606984d7229531fdc9910aa1e45ef
20260820,20260812,91,"[1496,7198,8055,8605,10043,11067,12950,14260,14267,19014,23245,23704]",12,0.044495417491012,-0.0693581194031508,-0.183857435613815,0.00499862194061279,9d844605de4d20ec5638bf793d21e8750ea606984d7229531fdc9910aa1e45ef
20260820,20260812,92,"[1064,2619,7768,7796,8055,11131,12568,12950,14174,14535,15336,21275]",12,0.0423102068425177,-0.0225936292279543,-0.0637206775040414,0.00475313504536947,9d844605de4d20ec5638bf793d21e8750ea606984d7229531fdc9910aa1e45ef
20260820,20260812,93,"[1064,1334,1496,2087,7263,9450,13225,14174,14535,15096,16246,23784]",12,0.0593065946453277,-0.0638210735868018,-0.173080759934696,0.00666251182556152,9d844605de4d20ec5638bf793d21e8750ea606984d7229531fdc9910aa1e45ef
20260820,20260812,94,"[1334,2040,4841,8055,14127,16523,17270,19014,19192,20761,21566,23784]",12,0.0620722379447885,-0.0243880535262834,-0.144954894534748,0.00697320461273193,9d844605de4d20ec5638bf793d21e8750ea606984d7229531fdc9910aa1e45ef
20260820,20260812,95,"[3276,5909,5926,6108,8371,12568,12741,13798,14127,17373,19713,23939]",12,0.0462291600852041,-0.068952954234246,-0.188993603682209,0.00519339084625244,9d844605de4d20ec5638bf793d21e8750ea606984d7229531fdc9910aa1e45ef
20260820,20260812,96,"[859,2040,7768,8028,12097,12644,12950,13798,14267,15336,16544,17270]",12,0.0394859599929325,0.00511994254551789,0.0144575665804785,0.00443585872650146,9d844605de4d20ec5638bf793d21e8750ea606984d7229531fdc9910aa1e45ef
20260820,20260812,97,"[3015,3276,4841,7195,7451,7796,12647,14067,14995,16544,17119,24161]",12,0.00673195194588122,-0.0700132554366779,-0.187680402934342,0.000756268501281738,9d844605de4d20ec5638bf793d21e8750ea606984d7229531fdc9910aa1e45ef
20260820,20260812,98,"[875,3019,4295,5336,10471,12022,14995,18716,18829,19615,20761,21677]",12,0.0282634791843925,-0.0336774572035386,-0.077980181247835,0.00317512353261312,9d844605de4d20ec5638bf793d21e8750ea606984d7229531fdc9910aa1e45ef
20260820,20260812,99,"[2619,6108,6589,6863,11131,14777,15096,16163,16544,16637,22401,23608]",12,0.0358042789703297,-0.0580081695541386,-0.132005439105864,0.00402225812276204,9d844605de4d20ec5638bf793d21e8750ea606984d7229531fdc9910aa1e45ef
20260821,20260813,0,"[1638,2992,3019,4295,5909,8906,9450,11067,13225,16637,20761,23003]",12,0.0318810642309544,-0.0726610837808084,-0.144988545514252,0.0035534397761027,9d844605de4d20ec5638bf793d21e8750ea606984d7229531fdc9910aa1e45ef
20260821,20260813,1,"[1638,6666,10428,12950,14995,15707,17701,21498,21966,23245,23688,23704]",12,0.0237982227565638,-0.081087828580875,-0.154980563784206,0.00265253225962321,9d844605de4d20ec5638bf793d21e8750ea606984d7229531fdc9910aa1e45ef
20260821,20260813,2,"[2907,3015,4149,7195,8906,14260,17373,18475,18649,18829,23608,23688]",12,0.0242278467965265,0.00323063219383468,0.00605757286581935,0.00270041783650716,9d844605de4d20ec5638bf793d21e8750ea606984d7229531fdc9910aa1e45ef
20260821,20260813,3,"[373,6108,11067,12568,14464,14784,15336,16628,18716,21275,23688,24201]",12,0.0344031785248387,0.0493372151212025,0.0623209586275793,0.00383455276489258,9d844605de4d20ec5638bf793d21e8750ea606984d7229531fdc9910aa1e45ef
20260821,20260813,4,"[784,2619,4295,4546,8271,11131,15018,15707,17119,17373,21275,23003]",12,0.504187304958287,0.0770460855753293,0.205597103562694,0.0561963431040446,9d844605de4d20ec5638bf793d21e8750ea606984d7229531fdc9910aa1e45ef
20260821,20260813,5,"[1638,5336,7263,13888,14464,15018,16637,16645,16664,17701,19192,23608]",12,0.0309717192528184,0.188841742973161,0.429470211436436,0.00345208485921224,9d844605de4d20ec5638bf793d21e8750ea606984d7229531fdc9910aa1e45ef
20260821,20260813,6,"[373,5078,5926,8371,12325,12950,15614,15707,16645,16664,21566,22448]",12,0.0236385772184291,-0.041964035053778,-0.153878863793985,0.00263473828633626,9d844605de4d20ec5638bf793d21e8750ea606984d7229531fdc9910aa1e45ef
20260821,20260813,7,"[1213,1638,2761,2907,7198,8371,11131,13888,14067,18913,22929,24489]",12,0.00962379525373459,-0.000881589150218573,-0.00306641970244556,0.00107266108194987,9d844605de4d20ec5638bf793d21e8750ea606984d7229531fdc9910aa1e45ef
20260821,20260813,8,"[1064,2040,3019,4295,7263,11131,14121,15018,15707,17270,22401,23164]",12,0.0435328070226126,0.0249430383205173,0.0947096103550857,0.00485213438669841,9d844605de4d20ec5638bf793d21e8750ea606984d7229531fdc9910aa1e45ef
20260821,20260813,9,"[438,1638,4224,4295,12423,12568,13344,17701,18716,18829,19014,21966]",12,0.0140342474546056,-0.075336293263103,-0.271805460649734,0.00156424681345622,9d844605de4d20ec5638bf793d21e8750ea606984d7229531fdc9910aa1e45ef
20260821,20260813,10,"[784,1064,2040,4295,5926,10572,11067,14697,17119,18716,22448,24201]",12,0.415159897519971,-0.0359251242806759,-0.10250591543463,0.046273414293925,9d844605de4d20ec5638bf793d21e8750ea606984d7229531fdc9910aa1e45ef
20260821,20260813,11,"[1334,1496,1960,4083,4224,8371,12325,12423,15614,16645,18913,23688]",12,0.0267997157382493,-0.0629262303892347,-0.199539077712562,0.00298707644144694,9d844605de4d20ec5638bf793d21e8750ea606984d7229531fdc9910aa1e45ef
20260821,20260813,12,"[2087,2619,6108,7263,7845,8617,14542,16664,18716,23003,23688,24201]",12,0.0609097853402814,0.0398743396051179,0.113401692958266,0.00678895950317383,9d844605de4d20ec5638bf793d21e8750ea606984d7229531fdc9910aa1e45ef
20260821,20260813,13,"[5909,6589,7198,11740,16584,17373,18649,21566,22929,23245,23688,23704]",12,0.018251527841312,-0.0401804791664571,-0.0765434349078346,0.0020343017578125,9d844605de4d20ec5638bf793d21e8750ea606984d7229531fdc9910aa1e45ef
20260821,20260813,14,"[2619,3015,4149,5078,6863,8617,10572,12568,13225,14542,22401,23608]",12,0.0670894437977972,-0.000153832559070874,-0.000285353513780563,0.00747773965199788,9d844605de4d20ec5638bf793d21e8750ea606984d7229531fdc9910aa1e45ef
20260821,20260813,15,"[581,2907,3015,4546,5437,13225,18475,18829,19014,21498,23139,23608]",12,0.0225532299864603,-0.0981604381816788,-0.177421671402805,0.00251376628875732,9d844605de4d20ec5638bf793d21e8750ea606984d7229531fdc9910aa1e45ef
20260821,20260813,16,"[1496,3015,5336,7198,8028,11740,14542,14784,15018,18475,19959,23608]",12,0.0527749075489052,0.0934397945432516,0.137851661019012,0.00588225205739339,9d844605de4d20ec5638bf793d21e8750ea606984d7229531fdc9910aa1e45ef
20260821,20260813,17,"[1638,3015,4083,4224,5909,7263,13225,15336,18475,20761,21354,24297]",12,0.0756746375162138,-0.0964629207796321,-0.184030626751077,0.00843463897705078,9d844605de4d20ec5638bf793d21e8750ea606984d7229531fdc9910aa1e45ef
20260821,20260813,18,"[4149,4224,5437,5926,6108,12568,12950,16584,17270,23003,23608,24489]",12,0.0251646288461562,0.0208068051858427,0.0439287483993965,0.0028048308690389,9d844605de4d20ec5638bf793d21e8750ea606984d7229531fdc9910aa1e45ef
20260821,20260813,19,"[5336,7796,8028,12022,12741,14127,14697,16584,16645,21566,23164,23784]",12,0.0468877733364771,0.0673061548840003,0.144223895716584,0.00522607644399007,9d844605de4d20ec5638bf793d21e8750ea606984d7229531fdc9910aa1e45ef
20260821,20260813,20,"[581,4224,5336,7263,7845,8617,11131,12289,14260,14464,16637,18053]",12,0.0482255444782737,0.0659303788525237,0.124549333892903,0.00537518342336019,9d844605de4d20ec5638bf793d21e8750ea606984d7229531fdc9910aa1e45ef
20260821,20260813,21,"[3015,4224,8055,8617,10572,11067,12423,14777,14995,15614,16645,17701]",12,0.0980500113926593,-0.0640712225894876,-0.151941775506468,0.0109285815556844,9d844605de4d20ec5638bf793d21e8750ea606984d7229531fdc9910aa1e45ef
20260821,20260813,22,"[821,1213,4295,5336,7263,7698,7845,11067,11131,14995,19959,23164]",12,0.0508822915122678,0.0961954075703536,0.189759389997124,0.00567130247751872,9d844605de4d20ec5638bf793d21e8750ea606984d7229531fdc9910aa1e45ef
20260821,20260813,23,"[373,1960,2619,11067,14535,14542,14995,15018,16584,19959,21566,23608]",12,0.0384651057634934,0.0179751986963207,0.0511659606525099,0.00428729216257731,9d844605de4d20ec5638bf793d21e8750ea606984d7229531fdc9910aa1e45ef
20260821,20260813,24,"[6589,6863,7195,7198,7263,8617,10428,11067,14067,14464,16584,23784]",12,0.0318711532305968,-0.0408186612238241,-0.0895081852313971,0.00355233510335286,9d844605de4d20ec5638bf793d21e8750ea606984d7229531fdc9910aa1e45ef
20260821,20260813,25,"[1638,8271,9450,10043,11740,14121,14464,14777,14995,15336,20761,21566]",12,0.0528249474053871,-0.0068406200348524,-0.0223020240060002,0.00588782946268717,9d844605de4d20ec5638bf793d21e8750ea606984d7229531fdc9910aa1e45ef
20260821,20260813,26,"[875,2087,4149,4224,6589,7195,7845,13798,14067,15336,17119,23003]",12,0.0295058609092777,-0.00745687031464232,-0.0149269469906762,0.00328870137532552,9d844605de4d20ec5638bf793d21e8750ea606984d7229531fdc9910aa1e45ef
20260821,20260813,27,"[373,1334,2761,3015,4149,5078,12568,13390,14535,16645,21966,23245]",12,0.0172451834035607,-0.00476272142274681,-0.00936064093238883,0.00192213535308838,9d844605de4d20ec5638bf793d21e8750ea606984d7229531fdc9910aa1e45ef
20260821,20260813,28,"[875,1213,2992,3019,5078,5909,7796,10892,12741,18649,18829,21966]",12,0.033447857913389,0.0417997831392513,0.112181647936948,0.00372807343800863,9d844605de4d20ec5638bf793d21e8750ea606984d7229531fdc9910aa1e45ef
20260821,20260813,29,"[2619,2907,5926,7198,8617,9450,11067,11131,14067,14697,16645,19959]",12,0.0380703342197523,-0.0370602935623804,-0.0863768690367966,0.00424329121907552,9d844605de4d20ec5638bf793d21e8750ea606984d7229531fdc9910aa1e45ef
20260821,20260813,30,"[1960,2907,6666,12022,12741,12950,13798,18649,18821,21566,22625,24201]",12,0.0198456017304863,-0.0721900645807209,-0.168912324719507,0.00221197605133057,9d844605de4d20ec5638bf793d21e8750ea606984d7229531fdc9910aa1e45ef
20260821,20260813,31,"[438,875,2087,7263,7698,8906,9450,13798,14067,20311,21966,22401]",12,0.0449941020278591,0.0619506767718118,0.261635674760445,0.00501500924428304,9d844605de4d20ec5638bf793d21e8750ea606984d7229531fdc9910aa1e45ef
20260821,20260813,32,"[821,2907,4149,6666,7768,8906,10892,16637,17270,17373,21498,23784]",12,0.00881949261895718,0.00300956419183916,0.006901266426516,0.000983014106750488,9d844605de4d20ec5638bf793d21e8750ea606984d7229531fdc9910aa1e45ef
20260821,20260813,33,"[2761,3015,3019,5909,6108,9450,12423,13344,17701,18475,22185,22929]",12,0.0174290288950866,-0.122682680801466,-0.316922822555802,0.00194262663523356,9d844605de4d20ec5638bf793d21e8750ea606984d7229531fdc9910aa1e45ef
20260821,20260813,34,"[6108,8371,14067,14127,14260,14535,15614,18821,21566,22401,23003,24489]",12,0.0649987788791934,-0.0492598387795131,-0.139091608891671,0.00724471569061279,9d844605de4d20ec5638bf793d21e8750ea606984d7229531fdc9910aa1e45ef
20260821,20260813,35,"[3015,4149,5336,9450,11740,12950,13888,14388,15336,15614,21354,22185]",12,0.0319505980982117,0.0110570480746215,0.0202204378824151,0.0035611899693807,9d844605de4d20ec5638bf793d21e8750ea606984d7229531fdc9910aa1e45ef
20260821,20260813,36,"[581,1064,1213,7195,7198,7796,13344,13390,18913,21566,22401,23784]",12,0.0120379152948012,0.0341199651152597,0.0985399188838958,0.00134173711140951,9d844605de4d20ec5638bf793d21e8750ea606984d7229531fdc9910aa1e45ef
20260821,20260813,37,"[373,1496,2087,7796,7845,11740,14464,18716,18829,18913,22625,24201]",12,0.0396824047743242,0.02867038931975,0.0848675934427502,0.00442297140757243,9d844605de4d20ec5638bf793d21e8750ea606984d7229531fdc9910aa1e45ef
20260821,20260813,38,"[438,1638,1960,2761,3015,4149,12568,15018,18821,18913,22401,23003]",12,0.0153985002189404,0.023821628726481,0.0480233249756076,0.00171630541483561,9d844605de4d20ec5638bf793d21e8750ea606984d7229531fdc9910aa1e45ef
20260821,20260813,39,"[1213,2907,5078,8055,8906,11067,15614,16637,18829,22625,22929,23704]",12,0.0190441654425749,-0.0837817834554212,-0.178041694299863,0.00212264855702718,9d844605de4d20ec5638bf793d21e8750ea606984d7229531fdc9910aa1e45ef
20260821,20260813,40,"[4546,8906,12022,14127,14542,18053,18829,19959,21566,23139,23245,24201]",12,0.0551934340635121,0.0351312875181447,0.254266865428992,0.00615181922912598,9d844605de4d20ec5638bf793d21e8750ea606984d7229531fdc9910aa1e45ef
20260821,20260813,41,"[1334,9450,12325,12568,13344,15707,16645,21275,21566,22625,23139,24201]",12,0.015024263697523,0.0108156700839799,0.0636721125101341,0.0016745932896932,9d844605de4d20ec5638bf793d21e8750ea606984d7229531fdc9910aa1e45ef
20260821,20260813,42,"[581,1064,2087,5336,7796,7845,10043,15707,21966,22185,22900,23608]",12,0.0461963420223192,0.040819320623854,0.070607124220584,0.00514901002248128,9d844605de4d20ec5638bf793d21e8750ea606984d7229531fdc9910aa1e45ef
20260821,20260813,43,"[1496,1638,5078,6666,8371,11067,12423,14127,17701,18829,21275,23164]",12,0.0409454797724183,-0.0803074132661057,-0.313576480395842,0.00456375281016032,9d844605de4d20ec5638bf793d21e8750ea606984d7229531fdc9910aa1e45ef
20260821,20260813,44,"[1496,7195,8271,8371,10428,11067,13225,14260,14542,17119,19959,23608]",12,0.0398523463444851,-0.0359453821408022,-0.0682336713200605,0.00444191296895345,9d844605de4d20ec5638bf793d21e8750ea606984d7229531fdc9910aa1e45ef
20260821,20260813,45,"[2907,4546,5336,6108,7845,8906,10428,12022,17119,19014,20761,23608]",12,0.0112700908455127,0.0329065849444917,0.0668652436473639,0.0012561559677124,9d844605de4d20ec5638bf793d21e8750ea606984d7229531fdc9910aa1e45ef
20260821,20260813,46,"[373,438,5078,5926,7796,11131,14535,16645,17270,21275,21354,22625]",12,0.0229563296225883,-0.0869604371392524,-0.309245261193002,0.00255869547526042,9d844605de4d20ec5638bf793d21e8750ea606984d7229531fdc9910aa1e45ef
20260821,20260813,47,"[784,4083,5926,7198,7263,7845,11740,13390,14260,14777,17701,22185]",12,0.481387697485238,-0.102914241482754,-0.234861485133599,0.0536551157633464,9d844605de4d20ec5638bf793d21e8750ea606984d7229531fdc9910aa1e45ef
20260821,20260813,48,"[2761,2992,7263,8617,11740,12022,15018,16628,18475,19014,21234,23704]",12,0.0502045787338567,-0.0204453606575631,-0.0393963975079078,0.00559576511383057,9d844605de4d20ec5638bf793d21e8750ea606984d7229531fdc9910aa1e45ef
20260821,20260813,49,"[1496,6589,7768,8906,12022,13390,14067,14260,14784,18821,21566,24297]",12,0.0333373538245096,-0.0290830815408894,-0.0376033923594536,0.00371575673421224,9d844605de4d20ec5638bf793d21e8750ea606984d7229531fdc9910aa1e45ef
20260821,20260813,50,"[1064,1213,1496,7845,8371,12568,14388,15096,17373,18716,19192,22900]",12,0.0258098848809501,0.0535500801873084,0.145708450673088,0.00287675062815348,9d844605de4d20ec5638bf793d21e8750ea606984d7229531fdc9910aa1e45ef
20260821,20260813,51,"[373,2761,4149,4295,5078,5909,11067,13225,14535,16628,17119,23704]",12,0.0299407327882787,-0.0548906900440845,-0.099559140426419,0.00333717187245687,9d844605de4d20ec5638bf793d21e8750ea606984d7229531fdc9910aa1e45ef
20260821,20260813,52,"[1960,2761,5437,7698,8028,10428,13225,14777,15096,21966,23608,24201]",12,0.0597969582555225,-0.0272403557088145,-0.0607407409285031,0.00666492462158203,9d844605de4d20ec5638bf793d21e8750ea606984d7229531fdc9910aa1e45ef
20260821,20260813,53,"[875,5926,8028,10572,14260,14697,15018,18821,19192,21234,23688,23704]",12,0.105020310990934,0.0279136981058484,0.0841854803391653,0.011705485979716,9d844605de4d20ec5638bf793d21e8750ea606984d7229531fdc9910aa1e45ef
20260821,20260813,54,"[373,1213,1960,5078,8055,11067,12568,16584,16628,16664,21275,23704]",12,0.0319153748307536,-0.0550308321609327,-0.13709689205676,0.00355726401011149,9d844605de4d20ec5638bf793d21e8750ea606984d7229531fdc9910aa1e45ef
20260821,20260813,55,"[2907,5078,8028,13390,14542,16584,16637,18829,19959,21354,21966,24297]",12,0.0516510143687829,0.0215460518356758,0.146780287293823,0.00575698375701904,9d844605de4d20ec5638bf793d21e8750ea606984d7229531fdc9910aa1e45ef
20260821,20260813,56,"[581,1960,6666,8371,8906,12423,13344,13888,14535,18716,22185,23688]",12,0.0169576075284358,-0.0922335557850306,-0.312227677330972,0.00189008235931396,9d844605de4d20ec5638bf793d21e8750ea606984d7229531fdc9910aa1e45ef
20260821,20260813,57,"[1496,1638,7698,11067,11131,12289,14697,14777,18913,21354,23164,23704]",12,0.0431301922411784,-0.00752486231388612,-0.0176469812264899,0.00480725924173991,9d844605de4d20ec5638bf793d21e8750ea606984d7229531fdc9910aa1e45ef
20260821,20260813,58,"[875,3019,7198,8055,14260,14388,17373,18475,19014,20311,21566,22625]",12,0.039781814246976,-0.0232827729594613,-0.0738896935262963,0.00443405151367187,9d844605de4d20ec5638bf793d21e8750ea606984d7229531fdc9910aa1e45ef
20260821,20260813,59,"[6666,7195,7263,8055,10428,14464,15018,18913,19192,19959,22401,22929]",12,0.0504929531931831,0.06991793413608,0.336272889728811,0.00562790711720784,9d844605de4d20ec5638bf793d21e8750ea606984d7229531fdc9910aa1e45ef
20260821,20260813,60,"[2992,3015,3019,7845,12741,14464,14542,15018,15707,16645,18821,22625]",12,0.0354875132661235,0.00318098625250852,0.00813493047434491,0.00395541191101074,9d844605de4d20ec5638bf793d21e8750ea606984d7229531fdc9910aa1e45ef
20260821,20260813,61,"[821,2907,5336,8028,8906,13798,14121,14697,14777,15707,20311,24297]",12,0.0493824933401643,0.0540214271547683,0.112023901202053,0.00550413608551025,9d844605de4d20ec5638bf793d21e8750ea606984d7229531fdc9910aa1e45ef
20260821,20260813,62,"[1213,1638,4149,12950,14464,16628,16637,17373,17701,18475,21566,22448]",12,0.0163678103143481,0.0605355343849573,0.104675360646341,0.00182434399922689,9d844605de4d20ec5638bf793d21e8750ea606984d7229531fdc9910aa1e45ef
20260821,20260813,63,"[2619,6863,7698,14260,14995,16645,17701,19014,22185,22900,23139,23608]",12,0.0356251692178532,-0.0382805422927823,-0.081155127936619,0.00397075494130452,9d844605de4d20ec5638bf793d21e8750ea606984d7229531fdc9910aa1e45ef
20260821,20260813,64,"[1064,1960,2619,8371,10043,11067,14464,14777,16645,18821,18829,21566]",12,0.0352756032440886,-0.0541039506020203,-0.115682328914861,0.00393179257710775,9d844605de4d20ec5638bf793d21e8750ea606984d7229531fdc9910aa1e45ef
20260821,20260813,65,"[438,581,1213,1960,2761,4546,8271,9450,13888,17373,22401,23245]",12,0.0115973535033646,-0.00341964569219827,-0.0143043169534742,0.00129263242085775,9d844605de4d20ec5638bf793d21e8750ea606984d7229531fdc9910aa1e45ef
20260821,20260813,66,"[5437,10043,10428,10892,12022,14542,18053,21966,22448,23003,23139,23164]",12,0.0210560842547403,0.0218307873825405,0.0862704509650269,0.00234689553578695,9d844605de4d20ec5638bf793d21e8750ea606984d7229531fdc9910aa1e45ef
20260821,20260813,67,"[1496,7845,11067,13344,13390,15018,16645,19014,19959,20311,21234,24201]",12,0.0566478698008853,0.0648472856097594,0.301524617928284,0.00631392955780029,9d844605de4d20ec5638bf793d21e8750ea606984d7229531fdc9910aa1e45ef
20260821,20260813,68,"[1334,4224,6666,8371,12022,12289,13390,14127,18053,18649,18829,23003]",12,0.0690752945399572,0.0851096190393841,0.122970321994932,0.007699081103007,9d844605de4d20ec5638bf793d21e8750ea606984d7229531fdc9910aa1e45ef
20260821,20260813,69,"[438,2992,4083,6863,7195,7768,12423,15018,15707,18649,22401,23688]",12,0.0283468585451547,-0.0377545586933553,-0.099963093144294,0.00315951983133952,9d844605de4d20ec5638bf793d21e8750ea606984d7229531fdc9910aa1e45ef
20260821,20260813,70,"[6666,8271,10428,12741,16628,16645,21354,21498,22625,22900,23688,24201]",12,0.0261277499140025,-0.0550679725192743,-0.284246803728872,0.00291217962900798,9d844605de4d20ec5638bf793d21e8750ea606984d7229531fdc9910aa1e45ef
20260821,20260813,71,"[4546,6108,7698,8906,10428,12289,12741,14388,14784,17373,18649,23608]",12,0.0104875924115221,0.0681442894011751,0.0925827751505922,0.00116893927256266,9d844605de4d20ec5638bf793d21e8750ea606984d7229531fdc9910aa1e45ef
20260821,20260813,72,"[875,1064,4546,5909,6863,7198,8617,13798,13888,14464,15018,19192]",12,0.0157057697508911,0.0405416120016588,0.144223280414379,0.00175055344899495,9d844605de4d20ec5638bf793d21e8750ea606984d7229531fdc9910aa1e45ef
20260821,20260813,73,"[1213,2040,2907,4149,6666,8371,10428,12568,14127,16628,22929,23139]",12,0.0480180694506434,0.0248947666703752,0.0453475545226761,0.00535205841064453,9d844605de4d20ec5638bf793d21e8750ea606984d7229531fdc9910aa1e45ef
20260821,20260813,74,"[1064,2761,5926,8055,8906,10043,12741,13225,14067,14388,16637,23608]",12,0.016990320959832,-0.103625626420649,-0.207296119385302,0.00189372857411702,9d844605de4d20ec5638bf793d21e8750ea606984d7229531fdc9910aa1e45ef
20260821,20260813,75,"[373,821,1213,1334,2040,5926,8271,12741,14260,14535,14542,15707]",12,0.0219996257492182,-0.026883488537568,-0.0692015480798624,0.00245206197102865,9d844605de4d20ec5638bf793d21e8750ea606984d7229531fdc9910aa1e45ef
20260821,20260813,76,"[1960,4546,6863,8371,11067,12289,13798,16645,18649,19959,22401,23688]",12,0.0229533919735614,-0.0269314933719069,-0.0625448968835969,0.00255836804707845,9d844605de4d20ec5638bf793d21e8750ea606984d7229531fdc9910aa1e45ef
20260821,20260813,77,"[821,1960,2907,5437,10043,10428,10572,12325,13798,14464,16664,17701]",12,0.064599101746786,-0.0187318333063311,-0.0832762167383364,0.00720016797383626,9d844605de4d20ec5638bf793d21e8750ea606984d7229531fdc9910aa1e45ef
20260821,20260813,78,"[875,2761,3019,5926,6589,6863,8371,13798,14260,15336,20311,23704]",12,0.0504019716359434,-0.0686430373969956,-0.134087889940899,0.00561776638031006,9d844605de4d20ec5638bf793d21e8750ea606984d7229531fdc9910aa1e45ef
20260821,20260813,79,"[373,875,4083,4149,6589,8055,13344,14067,14121,18649,20311,22401]",12,0.0203642108671852,-0.00012999123860698,-0.000282542184451644,0.00226977984110514,9d844605de4d20ec5638bf793d21e8750ea606984d7229531fdc9910aa1e45ef
20260821,20260813,80,"[3015,5926,7698,7768,10428,12325,15096,17373,18716,21354,23139,23608]",12,0.0103226990343491,-0.0173585629681219,-0.0528502416742828,0.00115056037902832,9d844605de4d20ec5638bf793d21e8750ea606984d7229531fdc9910aa1e45ef
20260821,20260813,81,"[373,1960,6589,8271,8906,10428,14067,14464,15707,18053,21354,21566]",12,0.0125000388596777,-0.0406441255550776,-0.0934979005826853,0.00139324506123861,9d844605de4d20ec5638bf793d21e8750ea606984d7229531fdc9910aa1e45ef
20260821,20260813,82,"[1213,2087,2761,6108,10892,13390,14121,14464,19959,21275,22185,22448]",12,0.0345794517268827,0.056253710710722,0.18652885386438,0.00385420004526774,9d844605de4d20ec5638bf793d21e8750ea606984d7229531fdc9910aa1e45ef
20260821,20260813,83,"[5909,7263,7698,7845,8271,10428,12568,14464,16637,22185,22401,23688]",12,0.045116941390565,-0.0318457492324136,-0.189660257815933,0.00502870082855225,9d844605de4d20ec5638bf793d21e8750ea606984d7229531fdc9910aa1e45ef
20260821,20260813,84,"[1334,2992,6666,7698,10428,13888,14388,15336,16645,23164,23608,23784]",12,0.0229246714631725,-0.00768417975050991,-0.0209337191861703,0.00255516688028971,9d844605de4d20ec5638bf793d21e8750ea606984d7229531fdc9910aa1e45ef
20260821,20260813,85,"[3019,4224,4295,5437,5909,6589,8271,12950,13888,14127,15096,18475]",12,0.0633291817412507,-0.0267468792881701,-0.049916814516396,0.00705862363179525,9d844605de4d20ec5638bf793d21e8750ea606984d7229531fdc9910aa1e45ef
20260821,20260813,86,"[438,784,821,3019,8055,10892,14777,15707,17373,20311,22448,23003]",12,0.426525904032254,0.026173302113471,0.10209277972344,0.0475402609507243,9d844605de4d20ec5638bf793d21e8750ea606984d7229531fdc9910aa1e45ef
20260821,20260813,87,"[581,2619,4295,8617,10043,14777,15614,15707,16645,17701,23164,23245]",12,0.0453851515988041,0.00690833364782522,0.0166302403895774,0.00505859533945719,9d844605de4d20ec5638bf793d21e8750ea606984d7229531fdc9910aa1e45ef
20260821,20260813,88,"[438,875,2040,2087,7845,8271,12325,12741,14127,14542,16628,24489]",12,0.039387384953607,0.00985682498660923,0.0439028911317734,0.00439008871714274,9d844605de4d20ec5638bf793d21e8750ea606984d7229531fdc9910aa1e45ef
20260821,20260813,89,"[3019,4083,5336,7195,12950,13888,14535,14777,14784,17373,21354,24201]",12,0.0590378041489929,0.0685237119491842,0.0911690022857339,0.00658030986785889,9d844605de4d20ec5638bf793d21e8750ea606984d7229531fdc9910aa1e45ef
20260821,20260813,90,"[875,2907,10892,11067,13798,14777,14784,15707,18053,18475,18649,18821]",12,0.0662687701868895,0.0299551935111367,0.038450871547136,0.00738626797993978,9d844605de4d20ec5638bf793d21e8750ea606984d7229531fdc9910aa1e45ef
20260821,20260813,91,"[875,2087,2619,7768,8617,11131,12289,13225,16645,17119,18053,22929]",12,0.0498479823670327,0.0177743016263812,0.0316479324606247,0.00555601914723714,9d844605de4d20ec5638bf793d21e8750ea606984d7229531fdc9910aa1e45ef
20260821,20260813,92,"[2992,5336,5926,12022,12325,12423,14260,14388,18649,21354,22900,23139]",12,0.0384441999699333,0.0172609542909655,0.0399649372306012,0.00428496201833089,9d844605de4d20ec5638bf793d21e8750ea606984d7229531fdc9910aa1e45ef
20260821,20260813,93,"[373,2992,10043,10892,11067,12950,16645,18475,18716,18821,22185,22401]",12,0.0196146397710733,-0.0134330081745209,-0.0341348375977605,0.00218623320261637,9d844605de4d20ec5638bf793d21e8750ea606984d7229531fdc9910aa1e45ef
20260821,20260813,94,"[373,5078,5437,5909,7198,8055,12289,12950,13888,14464,19014,22625]",12,0.0287315194424878,0.00869155613781451,0.0223416542191312,0.00320239384969076,9d844605de4d20ec5638bf793d21e8750ea606984d7229531fdc9910aa1e45ef
20260821,20260813,95,"[2619,5909,7796,12950,13888,14127,14388,19192,21234,22900,23003,24489]",12,0.104623685591011,-0.0182222729156361,-0.0431802165163979,0.011661278406779,9d844605de4d20ec5638bf793d21e8750ea606984d7229531fdc9910aa1e45ef
20260821,20260813,96,"[581,4546,5437,7796,8055,11131,12568,14697,16664,18716,20311,23139]",12,0.0236597539602004,0.0114711981195963,0.0613185257042582,0.00263709863026937,9d844605de4d20ec5638bf793d21e8750ea606984d7229531fdc9910aa1e45ef
20260821,20260813,97,"[1496,2992,3019,5437,7768,13225,13344,13390,14535,15096,21234,23704]",12,0.0713277440615211,-0.0799486962162472,-0.157146982670827,0.00795013745625814,9d844605de4d20ec5638bf793d21e8750ea606984d7229531fdc9910aa1e45ef
20260821,20260813,98,"[4149,4224,6108,7698,11740,14697,14777,14784,16584,17701,19959,23139]",12,0.0849335653524661,0.0776443913769758,0.110587221079173,0.0094666322072347,9d844605de4d20ec5638bf793d21e8750ea606984d7229531fdc9910aa1e45ef
20260821,20260813,99,"[581,784,821,7195,12289,14535,15614,18475,18821,21275,23608,23784]",12,0.418058216274912,0.0480888955178955,0.105403262543638,0.04659645875295,9d844605de4d20ec5638bf793d21e8750ea606984d7229531fdc9910aa1e45ef
