seed,draw_index,accepted_attempt_id,attempt,latent_ids,rank,matched_effect_E,full_effect_E,matched_R_span,attempt_sha256,draw_or_projector_hash,projector_hash,effect_result_hash,source_stage3_results_sha256,source_stage3_draws_sha256
20260806,0,1,1,"[784,1064,2619,2907,6863,11131,16664,17119,17701,17954,18821,22185]",12,1.175813851,4.542413891,0.2588522049,d3c4f7731e0e03c93a2a58cd0ef8bfd290110dc685c73a9736c3146dcd086be2,2dd4b632331b460d7e420c4be6c47ca39fa67014ddb547b93fb163ddbadc32e0,a2c85be6cface61d13aeba58ac0239f76c06ee6d6a42a9b7e6f0623cb85e9a2a,f28c3e4bfa4f3939bd74f1726a2fca44f60aeb402edcd8d8949f7b2207ef74d4,81a917da187a103a1e76d79ce86f672347d01110cd50c4a93a241302237671ac,fe3fa182dd20fda64c9cc9b04980e7c311d737dccaab8ad8e78d7ac07ab040dd
20260806,1,2,2,"[1064,2418,4546,5868,7263,8028,8617,11744,12325,12365,14388,21275]",12,0.6508094501,4.542413891,0.1432739213,864044b4f5e01b46c95cc442d09d051e0cecee9c7210ca021e557cf880cb40a6,26ba02ca1884f596379ea67a991db82c2341065df06ae70d5ef9ac0857c7daac,fb58b422816e71a5f7bc596276879796bd237461703d3712ab37a8b8ed71bc98,30fb8faea4d2df53d8552679cae09cdc7a301aa3671b0170f7dc7b108093cfb7,81a917da187a103a1e76d79ce86f672347d01110cd50c4a93a241302237671ac,fe3fa182dd20fda64c9cc9b04980e7c311d737dccaab8ad8e78d7ac07ab040dd
20260806,2,3,3,"[1064,2040,4546,5115,11414,12097,12289,13225,14388,15018,20311,22625]",12,0.434789923,4.542413891,0.09571781292,bf2336a73d1c5384c6a5028e51edbf3d79339da55daf03f70016bab897ec149c,d729f9829aa9c927eaf3b13c899389d04388fe30469368bf9a8d6ee6eaa19269,d079a2c9268e7e07a773f3c0e367c478c3209556b1ce1726139312697e676278,df133a8ce51749fbca9f2d82869ec6cb036e3eaf2cec27f121ba7c4321bf13d5,81a917da187a103a1e76d79ce86f672347d01110cd50c4a93a241302237671ac,fe3fa182dd20fda64c9cc9b04980e7c311d737dccaab8ad8e78d7ac07ab040dd
20260806,3,4,4,"[821,1064,2907,6846,7263,7698,10892,12423,14542,17119,17373,17954]",12,0.2492527962,4.542413891,0.05487232167,a0f6c38e7e0c9937d93bc7f3198efa6b19da01121ffa90a93517ba409a1f344c,6edc539ccb46b3f2e05b6482833d42be49b584c0bb7e255fa856424f14fa31ee,416c2fdb3ac371d20540ee0e66b56deb2bda774cc59e24c696dfca1dd50353b4,db481a4fb1f738b891efb459b24d43473f3bbfc4ff28579be48f75ad0106356c,81a917da187a103a1e76d79ce86f672347d01110cd50c4a93a241302237671ac,fe3fa182dd20fda64c9cc9b04980e7c311d737dccaab8ad8e78d7ac07ab040dd
20260806,4,5,5,"[5437,11952,12325,12494,13888,14388,14542,15096,16584,17270,20073,22625]",12,0.8680533568,4.542413891,0.1910995734,427d29fb0cd111489e6395ac56983672b73f154952811588dc307e5a13f5f220,8536e8ae1a5e5ae9895ae338d84df14a9b4dc36f4851736801be8bb911df28c9,c62f936b570f34133b246ee09a508254aaf20965a947ef34cdbe6146f9214fb3,2dc71508bc96a08af76a512e1a4a51af9f9ecdb1676f149085aa8e280b86e9a2,81a917da187a103a1e76d79ce86f672347d01110cd50c4a93a241302237671ac,fe3fa182dd20fda64c9cc9b04980e7c311d737dccaab8ad8e78d7ac07ab040dd
20260806,5,6,6,"[1334,4224,5115,7195,10892,13231,13344,20311,20929,23164,23245,23608]",12,0.6482530355,4.542413891,0.1427111336,c08bf29fd09ca7de00557882c66f334f4810a63cd7eca11cf692b01485a215b9,25d89cd5e80db5680f9d42a8ab58e1461b17a1ad268d374c9285f2eb932de860,17aef3ac83a52818e2011633d6285291d6b36bf39af7708bcbc54f1a414b9efc,f746775833bcd9e033d24dc5cb5049b309b6c2f83adfdae7e9048a59f7511462,81a917da187a103a1e76d79ce86f672347d01110cd50c4a93a241302237671ac,fe3fa182dd20fda64c9cc9b04980e7c311d737dccaab8ad8e78d7ac07ab040dd
20260806,6,7,7,"[1638,3015,3019,4546,6846,12423,12494,13390,14127,14388,22248,24297]",12,1.587053533,4.542413891,0.3493854965,6e7e2ca090299a74798d2dc2b6b928c4b7d2532cd475f9eb1c1368a942ac658a,5663b4c2327c881b1e6ce06db7a6015312c098f0d24e432c0c5b527535a2893a,500f486b848d4b0519470739f8c82be9fe35eb1ad3c50c5199dfc892d83829a8,21fa32823b0fcbe5d23d2c059e4dbf921e81e2e8bcbddd140ebe18e08cc6516e,81a917da187a103a1e76d79ce86f672347d01110cd50c4a93a241302237671ac,fe3fa182dd20fda64c9cc9b04980e7c311d737dccaab8ad8e78d7ac07ab040dd
20260806,7,8,8,"[3019,4083,6815,7195,8028,9450,9605,15707,16664,17119,20311,21566]",12,0.8553511127,4.542413891,0.1883032091,0fdc2e327911d2b17d69b8ea196a4d415fb1b56fb223447b544d24246c40a6e2,7fcdb6493e14af0147377cf91886da4c5c44307835fd84d9c562c79d311caca3,bdd7336293432fa9825aeff87435e508ca2ac7122d9da69b70e27336e77d83f8,4394165895e78bc0e1261259cb449fc9dd7da02952004720b62da63cf0d645fe,81a917da187a103a1e76d79ce86f672347d01110cd50c4a93a241302237671ac,fe3fa182dd20fda64c9cc9b04980e7c311d737dccaab8ad8e78d7ac07ab040dd
20260806,8,9,9,"[1334,1447,5868,6846,7698,7768,8028,8906,12289,15096,18061,20311]",12,0.2875088708,4.542413891,0.0632942919,419a2bdbc4f50f4df4a0ae725ea25cc87d88ba2fb4ccc32f2b1837e8f0a71be9,dd162d409649c2fe084cd684369832733a7cdebe29a803fdd778fd25ed6f66e1,7bb6d7e4c53da4374ad175f0dcd46a98da19f770006e253c95660e30bdf230c3,d7223657f5a4ccaaa7669024d0113cf3be79f29018f281442ad920ac01ca3e6e,81a917da187a103a1e76d79ce86f672347d01110cd50c4a93a241302237671ac,fe3fa182dd20fda64c9cc9b04980e7c311d737dccaab8ad8e78d7ac07ab040dd
20260806,9,10,10,"[5115,6589,7195,7768,8271,11740,11952,12494,15336,19959,21566,24201]",12,0.7293337949,4.542413891,0.1605608411,d26db59f1d8def62b3b2b509233217910e1f032a22fd9f944f020cea9353df13,be5a751cca602b73b0c001ca42f3fd9403e977decf482799e6f33c51b0440fcb,fd93fdde0c14ee4f73f328b782128b4c88aee07cdfe0ef3399595a7aeebb6c19,f5d15a340c6d82141311eef462c74693e5ac01edfb90b9eb2f22e089aaa220a6,81a917da187a103a1e76d79ce86f672347d01110cd50c4a93a241302237671ac,fe3fa182dd20fda64c9cc9b04980e7c311d737dccaab8ad8e78d7ac07ab040dd
20260806,10,11,11,"[1064,1334,1447,11288,11744,12365,12494,14260,14995,15707,16664,18649]",12,0.2635344394,4.542413891,0.05801638638,9487db6ce0a22362e83cad5b33b10381fef30f232797fd3cefa5f5722ac424a0,bbd00cb0f1879185f837d85d3fa3595a5806ca101e65050026d377c6eb858c3c,d4f1d56fb6773a340cde1b0ea9fed2d77449ef863c3797650d9cf0c7e7cda48d,92661f96bce470956528758769ab12fb5338ee309747aa4712de0b0968248130,81a917da187a103a1e76d79ce86f672347d01110cd50c4a93a241302237671ac,fe3fa182dd20fda64c9cc9b04980e7c311d737dccaab8ad8e78d7ac07ab040dd
20260806,11,12,12,"[581,784,1064,3019,6846,11288,14784,15096,16637,17373,18821,20073]",12,2.332356807,4.542413891,0.5134619749,4daf49cbf972a489ecfa3507b008c37de0109138691404346dbf907f681d410b,584cf3a8abd2031085cd0ae48ee3b0ea21251fafea1c34c428c8d9f639691549,d1d9276fed7f1c137ac943c9ed42a8b39c91f40ab4d069e885f50917b6876f78,d1a153afb0b33dabc4ac82c4fec74b19c54218e62e419bb3c415e5a8ebd7a98c,81a917da187a103a1e76d79ce86f672347d01110cd50c4a93a241302237671ac,fe3fa182dd20fda64c9cc9b04980e7c311d737dccaab8ad8e78d7ac07ab040dd
20260806,12,13,13,"[875,2087,3019,7768,12365,12741,15018,15707,19014,20324,23139,23704]",12,1.052361315,4.542413891,0.2316744666,a6102f4ec8875bc34edd70fc4e6c7d21269ca3013435406ae9a53037bd48f9de,b1ec390b0626d26fdf16787d321ebef3c059a26e5b758fa8c1e8298ee5a8ce7c,ab45a261ec091a865993519a076ace8337030ce9698ad47a2d34de9056cf0d06,29c0325823058cf2a5e890c84d205a5f71ab6ed2982f80001a33929c5e922bdd,81a917da187a103a1e76d79ce86f672347d01110cd50c4a93a241302237671ac,fe3fa182dd20fda64c9cc9b04980e7c311d737dccaab8ad8e78d7ac07ab040dd
20260806,13,14,14,"[1447,5868,7198,13231,14174,14697,17701,18053,20311,21234,22625,23164]",12,0.2171780856,4.542413891,0.04781116183,cce45f14671d66f044bc986c12f66e811ddbfef57eb310dd79eb5ae16e115a25,96ec0c2ff76ed75309e29add591f431677a61139a1871ec6efb11f91e2cc60d6,c99ee781b4f4214a13323747bb1fd44f783585c17c2bd6c6630b0a3f75bc1f8e,aaad25531302f64bea17a6b336b08ea2a57143cd6049b50df040f7af716bbd5e,81a917da187a103a1e76d79ce86f672347d01110cd50c4a93a241302237671ac,fe3fa182dd20fda64c9cc9b04980e7c311d737dccaab8ad8e78d7ac07ab040dd
20260806,14,15,15,"[581,875,3019,6886,11288,12494,12950,14388,14542,18061,18829,20311]",12,1.010118036,4.542413891,0.2223747242,53d2ec5879d955728a94e4494f394ccda3b0aa0a0d5ce62209d354c64d00c44d,665fba8ddab815bbc475c8b32d7a86e06803dd670bcc36e119a191c553ff7dd6,0be9e900c12cfad52f4a4345a3a83da75dfc530bf8beabcc0515f3d7677436c0,81a2c087d0c5271b0d0b3bb630fe9c1f1a452931dcc77531d016d38c8828fee6,81a917da187a103a1e76d79ce86f672347d01110cd50c4a93a241302237671ac,fe3fa182dd20fda64c9cc9b04980e7c311d737dccaab8ad8e78d7ac07ab040dd
20260806,15,16,16,"[7198,8906,9450,10043,10428,11131,12325,17954,21234,22185,23164,24297]",12,0.7857175271,4.542413891,0.1729735656,8aca291a3441e8af8d0b78cfc57ca4b37fd661ab4a5e541d64d237ba7ee9d312,738392fafd2bed7452e443cf5bfaa0cef47b8a52dc3abda9bef486e449729212,f18b5031e199d7ce4eb19687b4803ef169617dc804225d69b4e4583076d670d1,addc50941573e37c634bbb44a11b7758d72088a2b010ea323858e6e29a60852f,81a917da187a103a1e76d79ce86f672347d01110cd50c4a93a241302237671ac,fe3fa182dd20fda64c9cc9b04980e7c311d737dccaab8ad8e78d7ac07ab040dd
20260806,16,17,17,"[2619,3347,4083,4224,5909,8617,9605,10428,10471,12494,17119,17373]",12,0.2707065423,4.542413891,0.05959530523,e621bf90fa791fa5aff135d3ff992805f0ade9f7aff697348be0ddaf3eda19a7,77fa87247ca240dfa6bbd618dafc73dfeab53cc10f7aaf7af44012aac3d8562c,bc20e4d8fee46ce8c8bb87153345c27834ccf1c19a93b94842784250df4eff33,48695ee1a0a4183ba8504ce7856750de0c4a90e8e8913f9f8823989518df0e20,81a917da187a103a1e76d79ce86f672347d01110cd50c4a93a241302237671ac,fe3fa182dd20fda64c9cc9b04980e7c311d737dccaab8ad8e78d7ac07ab040dd
20260806,17,18,18,"[821,6815,6863,7796,12289,12325,13225,16628,18716,19192,20073,22185]",12,0.4219016012,4.542413891,0.09288048409,90188ac76e95934463970de98c65d4d07b936a039bbf004421183697bf83f8ab,9ddf0227a0dc56d089c91042bb5f671411d40e302342cdc976c80b83be752ba3,5467d1de6f0b8aaf3cbe4b7ebce324ecd65c8d32076d7bc08aea2a49c1f0e669,c62cd6fe9b07be584e19159357630db296f01da0f577930d4ee88ad64586de12,81a917da187a103a1e76d79ce86f672347d01110cd50c4a93a241302237671ac,fe3fa182dd20fda64c9cc9b04980e7c311d737dccaab8ad8e78d7ac07ab040dd
20260806,18,19,19,"[821,5336,6815,11414,12325,13344,15707,17270,18649,19959,20311,22185]",12,1.033758362,4.542413891,0.2275790773,daf021b30d3413c5c33b594c68c19319ca16ee13ae10e72ddc6da3a723ca3031,69fdd087d5d5cb72addbbb2af5b705f05d0947e7b1b23b4815549affb1c9afd2,e8227bf06133b08d6b397f02d5bf91dc0204137fa4833f1d006677da384c4b03,213775ed1ebcfe6a2b6400f2656329f3c3d9048f16b3989af88eafe57f67b729,81a917da187a103a1e76d79ce86f672347d01110cd50c4a93a241302237671ac,fe3fa182dd20fda64c9cc9b04980e7c311d737dccaab8ad8e78d7ac07ab040dd
20260806,19,20,20,"[581,3015,4224,5909,10428,11131,11740,12325,18061,18649,19192,22900]",12,0.8999125497,4.542413891,0.1981132876,17e386c3a13bc5868a6709da229cc78ecea53037ef65362d2f3a80bb0a19b5e4,bbb990745066d7c84cd1e60a3703f22789ff7c9fdd26fad9d1ca375ccdc5cc88,edf36154c0f878f47fc7c59c27388ec634af84a010fe6bb76542c18ac530467a,097aba8187937736fc4b5d52fe216a0942b1b5075f381514416d398b4c8e94e0,81a917da187a103a1e76d79ce86f672347d01110cd50c4a93a241302237671ac,fe3fa182dd20fda64c9cc9b04980e7c311d737dccaab8ad8e78d7ac07ab040dd
20260806,20,21,21,"[875,5336,5926,12365,14121,14260,14542,18053,19192,22625,23139,23704]",12,0.2283443419,4.542413891,0.05026938262,7dbe0c1fa824e6274c690cbc4672bce9130a9218932c484b78e608715d43f53d,3e310ea26266d730c03e1a2d1ab7972ab1c71b1f5763df584b14ef5d9e414760,659fb2652eb119ae8a75d18fce55d10c65e85b014fd18d507caf913ec0e89d94,f92850bfca8c52de46bc0ce9993c494db9394d6baee2aa8c9f2967dd25909a66,81a917da187a103a1e76d79ce86f672347d01110cd50c4a93a241302237671ac,fe3fa182dd20fda64c9cc9b04980e7c311d737dccaab8ad8e78d7ac07ab040dd
20260806,21,22,22,"[875,3347,7195,9605,11744,11952,12022,14174,14388,21966,22900,23688]",12,0.2405057828,4.542413891,0.05294669058,0529571277f1dbe555f80e6c7b8750f171c2c95c06b99c4185a37a8b330abee1,7a098eb209b17924670538d0962babbae392337804239df0ca8cd177e0086318,ca58eb6913bd6527468ae63d4c3043d0225f2ba771f7922f3416d96cf0db7ebe,e1416eed65b0ac639fd9e5963b0c58795641f2a6f216fe88bf4bd1c04c14585e,81a917da187a103a1e76d79ce86f672347d01110cd50c4a93a241302237671ac,fe3fa182dd20fda64c9cc9b04980e7c311d737dccaab8ad8e78d7ac07ab040dd
20260806,22,23,23,"[2040,2619,8028,8605,10043,10471,13888,19014,21966,22185,23139,23164]",12,0.4431884019,4.542413891,0.09756671507,972d796cbaac824493530f44310c990fd5fa247b167fbe4c522a228592c74475,e679b6693d4d049035f5f6d94114f7713040d7ff486d7e4bd3a3bef8061c8c6f,84658d9f4da61a410670d27553c8ba94b30f20d29b8914a428d6c858137206e7,8f40368f45056ed7cd7e25aa3c34f9bb362dd7890201b7ef3c4b3dc7aef5369d,81a917da187a103a1e76d79ce86f672347d01110cd50c4a93a241302237671ac,fe3fa182dd20fda64c9cc9b04980e7c311d737dccaab8ad8e78d7ac07ab040dd
20260806,23,24,24,"[1064,5115,5909,8617,9450,11740,14121,17270,17954,18061,21566,22248]",12,0.4635064157,4.542413891,0.1020396703,d11b2416e77108fbe5371f2329a752d65ef577d738499e13c42594a1c8730ae4,ce93d518a9eb9e2d7110cdd849087f666c5e34fe0e916d5a978c36055f6dc5ae,db79f8a4bd43e1233c0dddce9e1f31ae9009c630c1158adf567e316cb3af19b6,3b3a224bc77356695df769088882faf15e8158b46a9b4d295505f81307b679fa,81a917da187a103a1e76d79ce86f672347d01110cd50c4a93a241302237671ac,fe3fa182dd20fda64c9cc9b04980e7c311d737dccaab8ad8e78d7ac07ab040dd
20260806,24,25,25,"[875,2418,2907,4083,4295,6815,6846,6886,12097,15096,19192,23688]",12,0.1232056284,4.542413891,0.02712338227,2381de5ae0d196e7f466d0dba036d58997944954647bec587e3a26283c782638,12560de1e2f6e6237be674f57a3e2f1c3e75d14cebaa5247982993cbe280ce4c,66e51409271d01fbd17a09db74725878b9003438ca9b820c06314886ea890907,72124e4edd4401fc2d5c33badac88a9fbf64b71944ccd3db3c655f30cdb95bfa,81a917da187a103a1e76d79ce86f672347d01110cd50c4a93a241302237671ac,fe3fa182dd20fda64c9cc9b04980e7c311d737dccaab8ad8e78d7ac07ab040dd
20260806,25,26,26,"[875,1447,1638,2418,3347,7198,11131,12950,13225,14127,20324,23245]",12,1.603179747,4.542413891,0.3529356386,814d77af73517191f24a827a4f130ec0b0265e674aad06de9f6d421aca548d8e,cf88a529c19886a4b9d730a5d1d8b3a9e9cfb4422d1c93a1f667702006e21882,757bf4196ee0fffdc5da01cbea8dca620fd1590a9deec6e5ff1a7d7106742b0b,8d7da5c8fccbf5150dfdfac9cede48b1787a8a40d8b60d24c619baf7dbf4dad1,81a917da187a103a1e76d79ce86f672347d01110cd50c4a93a241302237671ac,fe3fa182dd20fda64c9cc9b04980e7c311d737dccaab8ad8e78d7ac07ab040dd
20260806,26,27,27,"[875,1638,2619,8055,8271,12325,12950,13225,13888,14542,21498,23245]",12,0.7190773265,4.542413891,0.1583029076,1cb4adb1f3d33e9fec46362212be66caa7268b3daac78baa576ff7a5191dbd1c,255004f22ea8ab24417375d0ed31e4861f4694433fcbc0efc4f8068c0fb74dd4,fbe0607ec69f7c3bc96f2238435dd1688b438204b8c690c8d53187a66dff4a50,79ff7ced7755eb8be62deb2904f0a2453e613af4ceca69e074e923d38e6526d0,81a917da187a103a1e76d79ce86f672347d01110cd50c4a93a241302237671ac,fe3fa182dd20fda64c9cc9b04980e7c311d737dccaab8ad8e78d7ac07ab040dd
20260806,27,28,28,"[821,2907,8271,10471,12423,12494,14777,16637,17373,18829,21566,23164]",12,0.336993796,4.542413891,0.07418826292,bf675be747fcd68d80daf9fdbfc66c5754f6f88dc0db45bc29b82d74a101efee,58993df882105455ce56ad08d18dd157efc84c71e0dc320332b5d0fce23ad348,bfb7ffa95caeab51f0aac7ebd6db2c9e706aaf631e311d1ee5702a8f50a61b5d,a366182954a573e737a3a4bfc48d497b1570fdc32efce33c507871091abcb05a,81a917da187a103a1e76d79ce86f672347d01110cd50c4a93a241302237671ac,fe3fa182dd20fda64c9cc9b04980e7c311d737dccaab8ad8e78d7ac07ab040dd
20260806,28,29,29,"[4295,5926,6589,11131,12022,12289,12365,12741,13231,13344,14127,15018]",12,0.9609503587,4.542413891,0.2115505944,cea22596857ebcce2660bef8d11b2e8b34bd4ea3231906fe0c74d7909e9ea198,3430dcc7093d6ccaa5ab348803b282fdd317ba4563fda4fc13dca7a7a1a1db7a,a52e9fcf0274073ca592893221af3b933eff77eaf31e4f2b67e9b69c47811af0,09a260a2b1e784884768f5fa81078479bf6bdbdaf600bb5bc5e80f1f245dfab6,81a917da187a103a1e76d79ce86f672347d01110cd50c4a93a241302237671ac,fe3fa182dd20fda64c9cc9b04980e7c311d737dccaab8ad8e78d7ac07ab040dd
20260806,29,30,30,"[821,1064,4295,5926,6886,8617,10043,12950,15707,20311,20761,23615]",12,0.3911198123,4.542413891,0.08610395743,63dbf55c99d5ac48079f5ce5522c55337ac79f4acfaecf2878840a466539c872,5a434ec04d3d871f4bc955e9adf49a942cfbd61d74ebf14a82440e063e46873e,3a79e05e08d2ba717125fb1e68f8b1bd64082258f23bd70fca267b1f8d5ba048,f7ea224405ae465d15c307fbdab47904d631a2e1e1fa7c5f372d68e1d7de4a7c,81a917da187a103a1e76d79ce86f672347d01110cd50c4a93a241302237671ac,fe3fa182dd20fda64c9cc9b04980e7c311d737dccaab8ad8e78d7ac07ab040dd
20260806,30,31,31,"[7195,7796,11744,12365,14121,14260,14388,17701,18716,19014,23139,23784]",12,0.5177818553,4.542413891,0.1139882599,da3b963a208cba87abf00c436b741ef41232649a7193cd84d2af112a195cc2b2,f90519e2f24b1774c96912f2cf74ac78699c2b8fc1d153453e2fa52f479b01ce,181474b06fe0f38bbecace4a444e7f0689d0d8693a490bcb68a576e8b94df439,5b05e78e7ddde79233fb62d16cac412ded6c17c4724444522eed58f3b678bf2e,81a917da187a103a1e76d79ce86f672347d01110cd50c4a93a241302237671ac,fe3fa182dd20fda64c9cc9b04980e7c311d737dccaab8ad8e78d7ac07ab040dd
20260806,31,32,32,"[1638,5868,8617,9605,11131,12741,12950,14697,15336,15707,21566,23615]",12,0.6074806229,4.542413891,0.1337351984,b63af637f40be22e291e3254562c8c4146709bc1e830c35b1887a1e7b622d27b,7a7ff3b72f2f531a7b4bb8529af2ce567e8cac5bc579415b0ce9f3cbd3b1549c,73dcf11b2a887d41efb9c398d5278284d9aeca1120cbe546602794dd63fd34e3,0ee5baf775cbe99e242389703bc1e33e927bec6f8dd5e331b5e684cf58f66545,81a917da187a103a1e76d79ce86f672347d01110cd50c4a93a241302237671ac,fe3fa182dd20fda64c9cc9b04980e7c311d737dccaab8ad8e78d7ac07ab040dd
20260806,32,33,33,"[784,2418,7263,8605,11131,11952,13888,15018,16637,18829,22625,24297]",12,1.601264685,4.542413891,0.3525140428,d992d824e84e6b8878f4744fa464b382eba21709a904ad6089d8ac46c247fb5f,a1babe125ea1f7e1c7e9244a29f79517ed4d9bb8815f53c4aad9c99147ce7f4f,9922fccd38c7515643487de0138aa1da511a0e500ee63e94760b9ee067e51369,452b4b266ec078c2f93cd4e94c1fc0b05d5545085a92d65151e73354f8c6e658,81a917da187a103a1e76d79ce86f672347d01110cd50c4a93a241302237671ac,fe3fa182dd20fda64c9cc9b04980e7c311d737dccaab8ad8e78d7ac07ab040dd
20260806,33,34,34,"[5336,6886,11288,13344,14260,14542,15018,15096,20324,21234,22625,23608]",12,0.1906247536,4.542413891,0.04196551838,b667d50fd805cc157e404839a387d201a684fbb76c858976ad98c8a67d018f38,4ca31e617cd6ef4dbf93deed895c8e9d871f8d009e457c53f1e49e19f81a885a,b771e41027797449451df27731ead07065a9ca6fe15a543c0245ffa81c2f723e,d0352977d221ead947421f02b21fbd2038ba42c08969cd1ef3b890a5e84e5198,81a917da187a103a1e76d79ce86f672347d01110cd50c4a93a241302237671ac,fe3fa182dd20fda64c9cc9b04980e7c311d737dccaab8ad8e78d7ac07ab040dd
20260806,34,35,35,"[5868,5909,7698,8617,14127,16637,17270,18716,20073,20761,21566,22185]",12,1.079114889,4.542413891,0.2375641926,c4d5292de927921e0176dcde129685aa8eb3a3ddba9398660fda67ad552c02f1,598161dd06e4f62ad0fc97970175dca34c493f7e27ebd8569cf8c264f19f45ed,f676e2073b574d3b10af1476feb2d22ca87473ebcb029ce99bfcc28687f0de36,f7e1e5c868edb43469e8a00f8989a14b73f4473a5a4fce4117be011dc6c99395,81a917da187a103a1e76d79ce86f672347d01110cd50c4a93a241302237671ac,fe3fa182dd20fda64c9cc9b04980e7c311d737dccaab8ad8e78d7ac07ab040dd
20260806,35,36,36,"[1447,2418,3347,5115,7796,10471,12289,13888,14121,14697,18821,22625]",12,0.01745886803,4.542413891,0.003843522067,0b4a2f897cd2dfb22075e7a690976a0445063e0c3079df091928be0fcc16315b,58e521810ba3977ff384d7c287dce576a336b133b702fe12c14c6b20514b5d57,b45b3290c5d697462d965785baaefded36c1f524b04185ba5f7de0350dbbc746,26a179a04304db949c0862afc30760fbb819140c438d990aacc1015e42b9fe68,81a917da187a103a1e76d79ce86f672347d01110cd50c4a93a241302237671ac,fe3fa182dd20fda64c9cc9b04980e7c311d737dccaab8ad8e78d7ac07ab040dd
20260806,36,37,37,"[784,875,5909,10428,10892,14127,14542,16664,20324,23139,23615,24201]",12,2.323414804,4.542413891,0.5114934173,0c6bd71ccf929ece776cd2fc39be1773f9fd19af0ef0e36e55fc5f9b3a967bbe,505a0c2f38891f8249611be3aa02ce0617f3aec85af7ebea3a2431e589cc567b,6b2ec8211da159b4f597cc521c46364e50bab729a70db7876bbb3ee6791f2ec7,34f22882b681009a793cfc6f84e39dcdec2d6f271f7e5a2469feec2354c92618,81a917da187a103a1e76d79ce86f672347d01110cd50c4a93a241302237671ac,fe3fa182dd20fda64c9cc9b04980e7c311d737dccaab8ad8e78d7ac07ab040dd
20260806,37,38,38,"[2418,4083,4224,7198,10471,13344,14127,14542,18716,19014,20761,23784]",12,1.028233193,4.542413891,0.2263627264,371ec55aad8640f4d0622ad398854c1cbf40265c87b33a9760fc0b6f2b245e8b,75ce73697788f8b6336e6c6a23c24e0f90f8e25f18baa727b73d5495a40f2b92,9552d7fb4e2f0cc5793f8f2e50badcb193bc6f8234f733b8dd8ea011d010db7f,1481bc1be10a7f0997ddcd87ae5f564919babe1d6adc1dd72a3b9172012bb4e2,81a917da187a103a1e76d79ce86f672347d01110cd50c4a93a241302237671ac,fe3fa182dd20fda64c9cc9b04980e7c311d737dccaab8ad8e78d7ac07ab040dd
20260806,38,39,39,"[2418,4083,8028,9450,10043,12365,13344,17373,17954,19014,19192,23688]",12,0.1795596488,4.542413891,0.03952956581,ff0e9c7c24ae371714cbe7840c0edcf5166ab3a270b7d5fcd246d302b8de57be,c96d9f844b3c49ac1a2cba5e74b283741fa7e309b36461df9db89f5e136a42b5,cbaf45d45b33cd2814fc9e1d4473f9a87f50e1679c1abb7708e10bd7814b9be2,5221272e247a9f197d57bcf83c62c4580c5b15adcbc546b1dc90559ef6799d3a,81a917da187a103a1e76d79ce86f672347d01110cd50c4a93a241302237671ac,fe3fa182dd20fda64c9cc9b04980e7c311d737dccaab8ad8e78d7ac07ab040dd
20260806,39,40,40,"[1064,1638,5115,8055,9450,10428,11740,14777,15707,16637,18649,19959]",12,0.91289337,4.542413891,0.2009709797,227866fb8233da1bcfab455955de94a577d3dc601cca5eb22a589d5bc0b399f2,c17fc3d0384c1a5c7725b2c274b8cf1ae650adaffac99e22b9e51e64dd51024e,e8ca2f1ff14346ed05d1aaac71d73e130c5bc0bb41068298c5dd5ba2f3877d0d,3151e537bd62b12190dbdd853f23f6500edf5e50da5d269674aafe82bf8b604b,81a917da187a103a1e76d79ce86f672347d01110cd50c4a93a241302237671ac,fe3fa182dd20fda64c9cc9b04980e7c311d737dccaab8ad8e78d7ac07ab040dd
20260806,40,41,41,"[875,1334,2040,5336,8617,10892,11414,14121,14388,14995,18829,23688]",12,0.4209749333,4.542413891,0.0926764807,4cc9305461d5681c9d790963aa3e59c674a9495e622202380f718c71e9fdce7a,e0d4da7b20ba37c7c69499213fe690e4cb8a89a01d1c29f6c591ee9d216910c7,e682595bbc22a8d0da5896b2c02199400eff28d6fbb4e81b61ac5d5e898bcf06,eafa9917c45eded0c3d136b1af3a92207e2f81bf93150644eccbbda8f8d5aa2f,81a917da187a103a1e76d79ce86f672347d01110cd50c4a93a241302237671ac,fe3fa182dd20fda64c9cc9b04980e7c311d737dccaab8ad8e78d7ac07ab040dd
20260806,41,42,42,"[784,1064,6846,9450,11952,12365,14127,14542,14995,15707,22448,22900]",12,2.453036871,4.542413891,0.540029361,58ee6f32fe0c759ec5a07f54570d73c4fd9f5bcf8179d3d86cd788f954c30ee6,21d98f74a8aa1790a5e5c26ba96dcb7af4ae20d598da2b8cfa78582c34472bb4,ae6b58894f198fd1c1db7fbadc753e6d36778a211e78b27108aa1109b9587774,ee77581722274a3db3ceffa8c30f3b84190c5ab62bcb3a4d83e6fec2244d1913,81a917da187a103a1e76d79ce86f672347d01110cd50c4a93a241302237671ac,fe3fa182dd20fda64c9cc9b04980e7c311d737dccaab8ad8e78d7ac07ab040dd
20260806,42,43,43,"[5868,5909,6589,8271,11952,14777,16584,18821,19959,21275,23139,24201]",12,0.8590340201,4.542413891,0.1891139911,262f3a41e1486b4bb9e143e86938043141aead11506d8ef7f0a6b098646ba75b,52918f6386d4b9df244a80fc63831539a3b8813f7fa96fc3299a9e2332129c6f,400bd6d9a58937b7f91c2870c955035807c7c809f1495a2eb74754811a059cd2,c5c17f4423e2ba528e3e82b1c0426f1c9990ccdc4e772a4bc175a758171b3e14,81a917da187a103a1e76d79ce86f672347d01110cd50c4a93a241302237671ac,fe3fa182dd20fda64c9cc9b04980e7c311d737dccaab8ad8e78d7ac07ab040dd
20260806,43,44,44,"[875,5115,6886,12097,13888,14697,17373,19959,20073,22185,23608,23784]",12,1.083747193,4.542413891,0.2385839818,d28423c590beb0dbdbd6e31c4dc0404240d93bdc0c62dccb97d0023168abd529,44fc8c638c7e0da51262a5954e113fa0faab66a83ab8d633b2f179bb3297e756,9485d1e73254511d8ed34f6d4b94236440929504e534bb335484744b85804398,8ac88de1bf9530924c92b85900ee2fe6907c7eed3a816be37e37bd8b0a927b71,81a917da187a103a1e76d79ce86f672347d01110cd50c4a93a241302237671ac,fe3fa182dd20fda64c9cc9b04980e7c311d737dccaab8ad8e78d7ac07ab040dd
20260806,44,45,45,"[581,3015,6815,7768,12365,14127,14535,16637,21234,23608,24201,24297]",12,1.385603725,4.542413891,0.3050368721,ef147f59e7eb2d92617927b062398f6d65041aa4de80ee97196e575118f23e95,866d8ccefa7cec1a1b27b4bad4695e4f40c27a9fb6a4f7f5b6ff052c2bf91e5c,e0926118fa95427563fedd727b870d59e198d53136f3c92a6c1044e955690d49,ee322133410dec854b431f1d7401ce11bff08f10f79a64f9c08172a199ba1834,81a917da187a103a1e76d79ce86f672347d01110cd50c4a93a241302237671ac,fe3fa182dd20fda64c9cc9b04980e7c311d737dccaab8ad8e78d7ac07ab040dd
20260806,45,46,46,"[1638,6589,6815,7195,7198,11744,12097,12325,14260,17954,18821,21234]",12,0.5930713701,4.542413891,0.1305630408,f687b84d31f6f03c633b037dedab9df026e215c4c59e3f9a924eb5071cc53dfb,2917265ad50e83a5aabf9a7d1e36f1cd4343018e32c9ba1c4bf5e1612b1cc897,6c6172a6267747dc01317293aeffc15877d01da71122cb6a56ea1941ec9bc9c0,4eee15353f3efb0760db5995d167e95e5801394e297f3337a956063470edcf46,81a917da187a103a1e76d79ce86f672347d01110cd50c4a93a241302237671ac,fe3fa182dd20fda64c9cc9b04980e7c311d737dccaab8ad8e78d7ac07ab040dd
20260806,46,47,47,"[1064,1334,4083,9605,10892,11740,11952,12423,13390,20929,23784,24297]",12,0.9460781097,4.542413891,0.2082765095,a76ef0d6c071b94ad89fb4f9cfb20fc30c3311e29a91f75cedff1defe2a2d22e,7aac9b503cce24ea0388b5c0a75541f7ccfaa2426cac6588f359096a246686a5,70d64ef14c171a43eca3e6ba5415a5b773db994822d5886e9fdc9f3319c44111,3b91b0746547c880a7f191abbcdef7499aa7dc7b34a5140f3333bf39bc98251f,81a917da187a103a1e76d79ce86f672347d01110cd50c4a93a241302237671ac,fe3fa182dd20fda64c9cc9b04980e7c311d737dccaab8ad8e78d7ac07ab040dd
20260806,47,48,48,"[2907,3347,5909,8055,11952,13344,13888,18061,20311,21966,23608,23615]",12,0.3685390902,4.542413891,0.08113287318,8fb464b93a256deb1d08761d503d3eb0442fa1b5156b2dc30c1868c68d9e51a9,21d12fd919a7e90f67f7ef720363e3e8d73a18b9ff3daf41c46e5db29cb02899,a8f5a1ba68d76017f92b6cc281f35ffceb5ea6a991143cfe32f17b42bdd1ee97,f95ff79137aae899e64d200df8d488da681d2d3651c61a84e41673e0270b59c1,81a917da187a103a1e76d79ce86f672347d01110cd50c4a93a241302237671ac,fe3fa182dd20fda64c9cc9b04980e7c311d737dccaab8ad8e78d7ac07ab040dd
20260806,48,49,49,"[1447,3015,3019,7698,7796,10892,12289,14174,16584,21234,22900,23784]",12,1.564994896,4.542413891,0.344529348,dbfd8638ac38231b40e1ad9e5c20a3a89c547846708a685f2abf65eeed9ff2da,9d20c3f53a795734a9e5638b8740b27f234e156a28338e86e08b063e1def4d54,debb0e3bfb3ed1b3c166b80d2931a337c1755a554364853c11f02583b3c68d61,4c8b0b985b69567d6241d21e887b0067865e3748c8f4c1da4995902c81863ce1,81a917da187a103a1e76d79ce86f672347d01110cd50c4a93a241302237671ac,fe3fa182dd20fda64c9cc9b04980e7c311d737dccaab8ad8e78d7ac07ab040dd
20260806,49,50,50,"[784,2418,2619,2907,3015,6886,7198,12022,13888,15707,16584,18716]",12,1.277188131,4.542413891,0.2811694754,07986e2237e02c57ebe280bcff7dd71aa35316903e2c1c2c21426ca1c80d64af,c1a3089b5c6287de220329a9519e1468350292090d34d4a31125bf174927240d,0f81a0cc4248afb9a99c72135ea97e094075dc0c264bfab08f5eea5c84c09f67,16022c7a3ee27f38115e6dd4e6c4abb62735d8533d85da27f1cd260424c30729,81a917da187a103a1e76d79ce86f672347d01110cd50c4a93a241302237671ac,fe3fa182dd20fda64c9cc9b04980e7c311d737dccaab8ad8e78d7ac07ab040dd
20260806,50,51,51,"[581,821,6863,8271,12289,13225,14260,14777,16584,19959,20311,22448]",12,1.167295974,4.542413891,0.2569770175,b9d5c167fe23aed0edad726444e9e0fe0bb07e1955459422eef349ee7294f216,1dc8dd2e72e1e576740770f2a08db8e71c95e28558fce0cfe7170371ffd5df6c,b1df841f844559bec0c5670a56d130109fc3864759fa48a7ab115184be4d4f5b,128a58074473bf05c308f2ca79f62634f1cf3004da2c85beabca9793d0008a48,81a917da187a103a1e76d79ce86f672347d01110cd50c4a93a241302237671ac,fe3fa182dd20fda64c9cc9b04980e7c311d737dccaab8ad8e78d7ac07ab040dd
20260806,51,52,52,"[2418,5336,7768,11744,12325,12423,13390,13888,20761,22448,23245,23608]",12,0.6049091498,4.542413891,0.1331690956,898990531ec07f59acb34e86a51a9838e9bdf98b7512a551cebac40d4104afbb,ec717ecd0d6b70383d5c237a79979bec96cf5cf043c2820ab07ac890c4d84e3a,bd2a24ac884b0ca80463cb99b3b2a5f199da508278e0e5d18cd391c3867bca40,fda455f3c4a35ebc5d9325dde7f43a771fafe59459df96bc7f802bf5a43479a3,81a917da187a103a1e76d79ce86f672347d01110cd50c4a93a241302237671ac,fe3fa182dd20fda64c9cc9b04980e7c311d737dccaab8ad8e78d7ac07ab040dd
20260806,52,53,53,"[2418,7195,8617,11744,13888,14127,15707,17954,19959,21234,22185,24201]",12,1.668433817,4.542413891,0.3673011437,6d273125948167f11441cb2a49e88abbde2d33abe864b2608cbd2bd1d9f24f63,c3fd613517c1a6b97a7d0e99758caea9dedcbfc29d36467b8a1376e63dab9122,bd3bb558afba8a5ee3c0d799cc6ccda27f6dac43fe5c81371ad2767cc73a8085,6708d91025aa75ef46f1ebbdfcb1469c7dbcd15bd1258bcb4cd1ca649ce9a9db,81a917da187a103a1e76d79ce86f672347d01110cd50c4a93a241302237671ac,fe3fa182dd20fda64c9cc9b04980e7c311d737dccaab8ad8e78d7ac07ab040dd
20260806,53,54,54,"[1334,1638,2907,6863,7263,11740,12022,14542,14697,14777,20929,23704]",12,0.9167611758,4.542413891,0.2018224666,54594b2fb5b087ce782f259d4c94f5cc257e27f831f68e6c19426d4ce63ceb2b,bd5c180f9b52fe4d5ba815388ec7894e54b2d6887457e07372b276e392993e38,12ca73fe1ac7c585b8ed5926413cd51923ad6ba9e1df70918852e145d7684e6f,36e5636616c1199a50c7a77bc0ca39c0a68284ace14fa88e7b7ff2d3f5772084,81a917da187a103a1e76d79ce86f672347d01110cd50c4a93a241302237671ac,fe3fa182dd20fda64c9cc9b04980e7c311d737dccaab8ad8e78d7ac07ab040dd
20260806,54,55,55,"[581,2040,3019,10043,11740,11744,12022,13225,14697,22185,23164,23615]",12,1.147089186,4.542413891,0.2525285483,734f26ecd4c0010e774e4f3483e9125287d30a61d3801114a7e30c71929b3e14,84dbf58e6060509468b7976eab957ec60abb8551d561808f8ab879c83ced63a8,8dff2b8fab01d9eaf8518cf744f6e6bbd02091a95132ddac1562ffaf17ee4258,09c3553415e41d88d5d00d4bac541674cfe93e987cba3ba0256e3f13a84d419e,81a917da187a103a1e76d79ce86f672347d01110cd50c4a93a241302237671ac,fe3fa182dd20fda64c9cc9b04980e7c311d737dccaab8ad8e78d7ac07ab040dd
20260806,55,56,56,"[5909,6589,7195,11288,12097,14121,14260,14535,21234,22448,23245,24297]",12,0.5533155632,4.542413891,0.1218109086,963b5cd683868f78079f3fef702c043c8b76e1aa9344b7e3c9dc03d20f635976,f265c42b32bcde1092769e643fe33217079372357ee9f5ca0f065271301986a9,094f9a90960fd9eff517246d22fd3ec94c6ab7f6dc8cd5ad1ed7ffc8863c59b2,f70a0e49b1e9048b53bdb6c3da297a5af37f095188287f2250e80673a841e3f6,81a917da187a103a1e76d79ce86f672347d01110cd50c4a93a241302237671ac,fe3fa182dd20fda64c9cc9b04980e7c311d737dccaab8ad8e78d7ac07ab040dd
20260806,56,57,57,"[581,3019,7263,8271,12097,12325,14777,16628,19014,23615,23688,23784]",12,1.386212079,4.542413891,0.3051707995,f8bef9d5779bd24a03b54b6941862ed10fd9cbb73c30d0db51023b20384826b6,cb63f5850d78544e5b17f628010576acab02d1edbecfd8c89beecde6931228f5,b17357a273f85fe68ac14ba08ea15eec2fc9b0513ed5f9f3081c23c6d416b951,35cfbe5d77b988e2f60a644c5ec6f9d9582a02874220b3a7024c56f7072bb0e4,81a917da187a103a1e76d79ce86f672347d01110cd50c4a93a241302237671ac,fe3fa182dd20fda64c9cc9b04980e7c311d737dccaab8ad8e78d7ac07ab040dd
20260806,57,58,58,"[1638,6815,7198,7768,8055,9605,11067,11131,11288,12022,17270,24201]",12,0.6882573557,4.542413891,0.1515179753,cccd38d8edc5637fbd110fb26b90a0eeb92dec343940d02979dba532b1892ec1,04d918aa3e54789e682335a341c18b0f7b9f343c22097c9eeb3c66347136c4b2,7e517bb17a6c8ba046cf12602ce1df0dd24a60037b1895b11377c3e7e1b73f19,9304668f4adbe7e69bbdab48aa1f98daf2e1e8c9b355f8b137231ed52775f12c,81a917da187a103a1e76d79ce86f672347d01110cd50c4a93a241302237671ac,fe3fa182dd20fda64c9cc9b04980e7c311d737dccaab8ad8e78d7ac07ab040dd
20260806,58,59,59,"[784,2040,10043,11131,12365,15336,15707,17701,18649,20311,22448,23615]",12,1.61318234,4.542413891,0.3551376819,aea3bb5e30d3fe3988da84351f1a1b2def5cde96a528879128e72c19cc6c85da,2e892bebb9671a44327b02acf74eeac603b8fb083c15d8b83fb7ac973cbca4ff,12a3c709e07023190aac5ce92fe1d9f988803e2582c6e038397ea0dd2776187f,1d6bc586aef8d1cf8065e865a52f52bc63c739db4a1ed75042ac891acba50044,81a917da187a103a1e76d79ce86f672347d01110cd50c4a93a241302237671ac,fe3fa182dd20fda64c9cc9b04980e7c311d737dccaab8ad8e78d7ac07ab040dd
20260806,59,60,60,"[875,2040,3347,14127,17119,17954,18649,19014,21275,21566,22185,22248]",12,1.163119071,4.542413891,0.2560574838,1050e315c6f9ee4e5bef5034857aecb4e67bf1010569444fb8111ed5c43a3234,0077b4b9585411cea4c27de9af368a2a05e308de3c3996aeb14479ae70716bca,22d1c2e98c7c35f6ebe4bd73c16f12282f97cdf7b6948e7d6484f37d3dbedac1,57119bb5d117efd6eb0dded3afcf7bdc3bcba386a8cfd55dcd1762c67229709e,81a917da187a103a1e76d79ce86f672347d01110cd50c4a93a241302237671ac,fe3fa182dd20fda64c9cc9b04980e7c311d737dccaab8ad8e78d7ac07ab040dd
20260806,60,61,61,"[1638,7195,7768,9450,9605,12325,14995,15018,15336,18821,23139,23615]",12,0.6216772366,4.542413891,0.1368605441,a0c102ca9e49c31fd9702a252d9ac164b335e55ed10b065b3f9aa254f8f09b9c,e8e25469011df681626674b6db4704b45adf355349353e475afe578769056a7b,15d2bbfaaf15e7c06482b999d68965bdc93ba87f4c1e87b1c084e498c69ff8ff,e88aa2b07bbcaec28c1c4f085c86d1f4b7e4d61728033d89b12e65c51a7163db,81a917da187a103a1e76d79ce86f672347d01110cd50c4a93a241302237671ac,fe3fa182dd20fda64c9cc9b04980e7c311d737dccaab8ad8e78d7ac07ab040dd
20260806,61,62,62,"[1638,4546,7195,8617,11740,14121,14697,20324,20761,21234,21275,24297]",12,0.4714012098,4.542413891,0.1037776876,2ef6163dfe7d7839f01c02e1567f90063d4612dcc998519a2f3c6920c1100d2a,e86e5ee2a0745ee501a17610defe27b4354847584c0e8cbf52597bfd2ecc8344,7acb1b495ca6d6f25d2595d9f3ace866e9e71e5e3ed26716281d89e57a9798d5,3b63483df2248aefe55f0439e492f0a484aae2ba3b6b5ab41862a772d925cb66,81a917da187a103a1e76d79ce86f672347d01110cd50c4a93a241302237671ac,fe3fa182dd20fda64c9cc9b04980e7c311d737dccaab8ad8e78d7ac07ab040dd
20260806,62,63,63,"[2619,2907,4083,5115,6589,7263,11740,11744,12494,15018,19014,23608]",12,0.1701270056,4.542413891,0.03745299518,64d4a3b1aaf64fed6225d9898685bcbd4d545d6eb77c9e40c771c3af7105c89e,5876a418f5705487635a2b79944a163e8225c406d77abff88e55fcc7e54d09ad,f30874f4735f3370c1f3ae48193a1103979eec0ae184c7cde4da0c8512370ec2,5e89dcd7c528b652feeaefbca84e2b8bfc132d54eadc07d49c3516413bf226ca,81a917da187a103a1e76d79ce86f672347d01110cd50c4a93a241302237671ac,fe3fa182dd20fda64c9cc9b04980e7c311d737dccaab8ad8e78d7ac07ab040dd
20260806,63,64,64,"[2619,3347,5336,7195,12325,13231,14260,14697,17373,20324,21566,23615]",12,0.5106930526,4.542413891,0.1124276794,905f8eea07df92482ec05cacae5a9927243a2513970f36add04a60513e5ae51b,4ea75f7f3ca81a2afedced00a79b185c270f10509876602cfd85711904d4d6a9,f82ab85ddbd2669d4eb85456581f2dcfab370a8478b475c7e0fb467630346a14,e3153905d1c5720527ad7342ef0467c55caa7a21a3cc3919d2f9a605b118b598,81a917da187a103a1e76d79ce86f672347d01110cd50c4a93a241302237671ac,fe3fa182dd20fda64c9cc9b04980e7c311d737dccaab8ad8e78d7ac07ab040dd
20260806,64,65,65,"[821,2907,6815,7768,8906,15018,18821,20311,20324,20929,22900,23688]",12,0.7614818446,4.542413891,0.1676381463,3c8208390c8400381fba32f5a98c3277aa4600e8db275fdcfde3cbe2e38c5101,c0b36aa2e8156d80821ada1efa3b1f0dd71c7c43400eedac60475e6f0528ede4,3f7233a13bac2a796fd46466afdedd4b5a1f660c4e61e1f9a1dcfde700bcbc68,3734519e7973c94301887d9ae31eb3c737a429a83e91bd3281e84d79173844bc,81a917da187a103a1e76d79ce86f672347d01110cd50c4a93a241302237671ac,fe3fa182dd20fda64c9cc9b04980e7c311d737dccaab8ad8e78d7ac07ab040dd
20260806,65,66,66,"[875,1064,5336,5926,6589,12494,14697,14777,17954,18649,20073,22448]",12,0.6557785002,4.542413891,0.144367844,f437dbd0fb8184c6a4e39665e40918ebab26547a9f9649276dc19da509f56209,1bff65be5e0566541fbb9f04c446464b91cbe819a18c2435f499711b6937f8c7,209b053c3b667741273c36a28490df06b934a87f659590d82ad3897cfc8d40cf,e7ecd46d39b88a6d1bcae729f41f1de761b518f2aeb979701f1aa4e707a918c3,81a917da187a103a1e76d79ce86f672347d01110cd50c4a93a241302237671ac,fe3fa182dd20fda64c9cc9b04980e7c311d737dccaab8ad8e78d7ac07ab040dd
20260806,66,67,67,"[4083,7195,8906,11414,11744,12289,12325,12365,13231,14542,14784,17270]",12,0.5475197728,4.542413891,0.1205349812,4c112419cfc7b8bfbb9ebfa1e5b642f0f07c0689b6899ac4c6d0a6c3e86da4ee,4bfa4658d9447505c7447c733bd84dd08a650381bc2a742e537d93e8ef6898c2,024abd6e0fd500095d37d038778339d78d06eddd387aff0fb5410122bcf1a11d,79c199c3f15f853e7dc28d7c68d616f53e3bd133c994685d0c2fa97bb9c61b5e,81a917da187a103a1e76d79ce86f672347d01110cd50c4a93a241302237671ac,fe3fa182dd20fda64c9cc9b04980e7c311d737dccaab8ad8e78d7ac07ab040dd
20260806,67,68,68,"[1334,2040,10892,11288,12022,13225,14542,15707,18061,19192,21966,24201]",12,0.4409951735,4.542413891,0.09708388183,ea3c2e1981b0fdb714d0dec6c9298c82942eec4b34d0a4435edaae944c0bfecd,d85f8e452ec4b9cbe16d2af31b0bd4f85a860979c328493281141502c6f0eb16,59f15b0e392f1e8db72371efbad57c1aadc8f554cfe33faa960d92a40f8add31,f63177b5a5e27660fdccda43817ad3a932594071fb017b1ef873444394e92665,81a917da187a103a1e76d79ce86f672347d01110cd50c4a93a241302237671ac,fe3fa182dd20fda64c9cc9b04980e7c311d737dccaab8ad8e78d7ac07ab040dd
20260806,68,69,69,"[5909,7698,8271,9605,11744,13390,14127,15018,18061,20761,22900,23608]",12,1.062336315,4.542413891,0.2338704354,0ce5f9c260b578b420b9fb23ec9f818cc1ec12f54fc49f995787a61a1887a15f,fa9987aaa7b5e5e209ec93301f3cd766dec80171abdd95e0930963b8d0e6980d,b455ad67aaaea31565a9be783d53daa3daa2d6c1836366d56c51dc8bb997d12a,98993658eb21f60b5a4aa35dadd77f126555e2f2b8024ce1ae6d99bfb04924d5,81a917da187a103a1e76d79ce86f672347d01110cd50c4a93a241302237671ac,fe3fa182dd20fda64c9cc9b04980e7c311d737dccaab8ad8e78d7ac07ab040dd
20260806,69,70,70,"[1638,4224,6815,11131,11740,16637,18649,19959,21275,21966,22625,23164]",12,0.6118274323,4.542413891,0.1346921366,4aa9b50a7f0626ee92532590245c19ba7a1ecb43f47b7097881594a0ed9fce8b,2d9939fe7726be2e0270f436352244ba4cb3fa2a6232685e5ba3eabfe64f81b4,84799f44bd6bd03ac452fc168a061fc6d512984b7e2c57c7f68c9ff30691dd32,60b04ecb8e25451f10828c58d4c74af5f78344b0df4b44088d07a3116e99d1cf,81a917da187a103a1e76d79ce86f672347d01110cd50c4a93a241302237671ac,fe3fa182dd20fda64c9cc9b04980e7c311d737dccaab8ad8e78d7ac07ab040dd
20260806,70,71,71,"[2907,3347,4224,5336,5868,6863,7198,14777,16637,17119,17701,21498]",12,0.3695402463,4.542413891,0.08135327497,99e1538d30347b7ec8b7c3ec0b87a65a6b545a57b6aa8be47a4bbcdb79ed7e3d,c9af5facb9ea59b6b6e04c2916a52f8d1bc04fd415d685fb306ce6d2d018f51a,98f54c34c3105bea50e68feb81766de5eb657df606b22e59af89b0481e74cb9d,02b94b3cac9f89646145b8193f495352a6153137c901e0f970c92f13ec0c4d3f,81a917da187a103a1e76d79ce86f672347d01110cd50c4a93a241302237671ac,fe3fa182dd20fda64c9cc9b04980e7c311d737dccaab8ad8e78d7ac07ab040dd
20260806,71,72,72,"[821,1638,2619,2907,3015,7768,11288,11744,12097,16584,18061,18829]",12,0.2463634586,4.542413891,0.05423624191,318a5f5481cdf8c30bfe39d5e9edbae1407cf61387b205c6bfc5ce0288f79917,a84904dafc681d8c392c7a2a4f1e8f3152530aa210881457e11f078388a173f1,11e7ae45dc7ff1acf13364c178f1b69d0e32fb4f2e9a669c64fb585625fc4ab0,664e6c8077b1a2df0644ddb36629493f105a913c9a3370f47a0a8136e7312feb,81a917da187a103a1e76d79ce86f672347d01110cd50c4a93a241302237671ac,fe3fa182dd20fda64c9cc9b04980e7c311d737dccaab8ad8e78d7ac07ab040dd
20260806,72,73,73,"[1064,5115,8605,8617,11740,12022,15336,15707,17270,18821,20073,22900]",12,0.6720258013,4.542413891,0.147944643,bbd9ceb43cf677d3ac5bcaa9e495d19593f737df7cbbe81ca96efa6f64167960,9b4ad5722967f3968825b75d19bb5aaf87950f1bf626eaf1e3b3c216a6f52946,697975f83a0ddeab76fef9c089dd849a22edf60fd4834cdd053ff5c623884046,05938ad962c5cda1b85449c65a16875f049238d70b73a5543428e0fb886e1516,81a917da187a103a1e76d79ce86f672347d01110cd50c4a93a241302237671ac,fe3fa182dd20fda64c9cc9b04980e7c311d737dccaab8ad8e78d7ac07ab040dd
20260806,73,74,74,"[3019,3347,5437,6886,11740,12741,14127,14535,17701,19959,22248,23615]",12,1.567675757,4.542413891,0.3451195323,afbd2e8216b1bd574e62aa88ad07bb1abde754323d281af8eabe39043cdcf902,cab0395dfbaed54f38af6f1329d07671ecad4669bb6d8d69def1b8d7320fa65c,0956949f620fba054c55f64d2850e1e679483974815356aa4a74fb117c6aeb7f,768331b352012133627b7bdb459a7a2ca735fe9052a3c4e25d00cfdf43e9d385,81a917da187a103a1e76d79ce86f672347d01110cd50c4a93a241302237671ac,fe3fa182dd20fda64c9cc9b04980e7c311d737dccaab8ad8e78d7ac07ab040dd
20260806,74,75,75,"[4224,6886,7195,7698,8028,11131,11740,12097,12289,14784,17270,21234]",12,0.8338913298,4.542413891,0.1835788965,265c31405c5ba75a89bfe612e17ddf8b884e1fb6cce969857be2277a3d181bc6,3a2b531cc0174c62535c48e19dcb0bd79fe54c9c34d22080e1a70925bf6b0ede,a9704a3b9ddaed6cb0be7d7fd525554386ad74553b31622cc075b6f68ed3886b,1f13e6247a26c18b398d17e07476658fb4df91ddd3107b0210ec4e1d9baf4865,81a917da187a103a1e76d79ce86f672347d01110cd50c4a93a241302237671ac,fe3fa182dd20fda64c9cc9b04980e7c311d737dccaab8ad8e78d7ac07ab040dd
20260806,75,76,76,"[2418,11952,14127,14260,14542,14697,18649,19959,20311,23615,23704,23784]",12,1.581656138,4.542413891,0.3481972748,6c04e6fec5845967daaf3c0b09677f84c4b3451f18aee965a9863f32a233fab6,25668c09e3b96f8fd5511c9385db41cd2e8595b0d870da45873049148f87c477,e6d9411fa099921d569f613010fd39deb84e6ea19e7b10abf60e0799c33b2862,cf763b70d7adaea30c8fc385f190e953e17d93fad6edcf91c041dc9a1cd972c0,81a917da187a103a1e76d79ce86f672347d01110cd50c4a93a241302237671ac,fe3fa182dd20fda64c9cc9b04980e7c311d737dccaab8ad8e78d7ac07ab040dd
20260806,76,77,77,"[2087,7698,12365,14127,16584,17270,19014,20324,21566,21966,22448,22625]",12,1.192626613,4.542413891,0.2625534884,83ed8af26aac579b6d3c42b58b237be128540e265ddeb4f5ff139640bab3b21c,cd297a2804ec3ac83b07f0e554845e830f9ba020a07d24a1118a40e26d387d3d,89afd0aa8e82c1bb6fe5e299d76e10eab8331d7b9fde2a5c87b6dd1e89348f6f,82bf90f0f5ff2203e680de763d05571a091a07ebb569b3ef6965b4d942a4dd64,81a917da187a103a1e76d79ce86f672347d01110cd50c4a93a241302237671ac,fe3fa182dd20fda64c9cc9b04980e7c311d737dccaab8ad8e78d7ac07ab040dd
20260806,77,78,78,"[581,821,3015,8605,8617,11131,14260,14697,16637,20311,23784,24297]",12,0.8582608541,4.542413891,0.1889437807,0d0239bcd5f4ab3324a5115fa7ffc282041e6c4ce9a1daf776ca089bc6fe977f,484e5db3a52320f6c9229ce5b24cf2cd978849ae0a68c3208a53db1bead0cd31,c2b9c1acd20680a506483b3edce2fa73995c3bb54f58ea260db332fc75df3334,c3e8b37ef49053779b267b12a8046b3a75df9a7e7a218c3e2feef740181adb29,81a917da187a103a1e76d79ce86f672347d01110cd50c4a93a241302237671ac,fe3fa182dd20fda64c9cc9b04980e7c311d737dccaab8ad8e78d7ac07ab040dd
20260806,78,79,79,"[2619,3019,7796,9605,10043,12950,14127,14697,15096,18829,20073,21498]",12,1.494382366,4.542413891,0.3289841924,4a5af73480658a6f0eeae2e92627e2a1389422ef9e90e26adac261a858b609fa,6839234a5ddf9ecbe625602fae87cf20487bc92a90f29051fc4a48705fb26da1,8068f0905eba0ee4eec0c5a3db605f14f7e1157ac14a7f73bdf4694de5b9bfc3,c4c568d442f2a6deb257afa47faa70f180c10c4f753fa3efa2812ab35bd04a73,81a917da187a103a1e76d79ce86f672347d01110cd50c4a93a241302237671ac,fe3fa182dd20fda64c9cc9b04980e7c311d737dccaab8ad8e78d7ac07ab040dd
20260806,79,80,80,"[3347,6846,7698,7768,8028,13344,14127,14542,17701,18829,23139,23164]",12,1.043072281,4.542413891,0.2296295111,be3c8463894c1edd0d34cc006086945aafe4400ec77916730e33781ec69d4ece,d89ebce955c7b5ee93d9cced1042c370b6eb0a4822f7d041c23ebcaf083bebb2,b23bb43a1123cefcada6e4e8403f81e500436d9ae7b3e2eaa1ea35f752e09171,ce4e7a7b2374d3d566c89431d0a8a0bcffd8ba61b6a89e8b9d32ee0fc9aba6b9,81a917da187a103a1e76d79ce86f672347d01110cd50c4a93a241302237671ac,fe3fa182dd20fda64c9cc9b04980e7c311d737dccaab8ad8e78d7ac07ab040dd
20260806,80,81,81,"[1334,2040,2087,2619,3019,4224,7195,8055,12494,15096,21566,22625]",12,1.165659513,4.542413891,0.2566167552,f3aaf20f4b6051c84c55e62c1fb9bd586212a0773956e2a80fa9240897fe066c,80da7a660741c51a86e37d7ec763c60566af6edb847851e7466db867b230f758,9e35f337c55290791d5c72eabd859e4d13aa934088093fe8232f3faad59018fe,bf4721dfc6e2d48ca3aa86e6941d37a4d8c81a20ec239ed34b0cff602d2a6f1b,81a917da187a103a1e76d79ce86f672347d01110cd50c4a93a241302237671ac,fe3fa182dd20fda64c9cc9b04980e7c311d737dccaab8ad8e78d7ac07ab040dd
20260806,81,82,82,"[2040,3019,6846,7195,7698,9605,13231,14777,21498,22185,23245,24297]",12,1.379249252,4.542413891,0.3036379521,d1da13ddf2055d00121360a28efb63446aab3cf72eb2d23e91669f7730667ff3,fd1daf82ebe77dee2ee247292695c406be023ade1e01b725b3da32c70ce77b9b,aca242c2d42baf4431e2bde9bad7662306695ece6d4a0642a350206ae02a529f,b80fe42741967fefd79113737fc11b88055850f199d4112fc6ed1d4801b60489,81a917da187a103a1e76d79ce86f672347d01110cd50c4a93a241302237671ac,fe3fa182dd20fda64c9cc9b04980e7c311d737dccaab8ad8e78d7ac07ab040dd
20260806,82,83,83,"[821,7698,8028,9605,11744,12022,12365,12741,16664,19192,20324,20929]",12,0.5087753757,4.542413891,0.1120055081,6d58e94ddcafc229f1cb048562348962a1c3f99083f49086ceed91e2ec5a9a5e,6d3f937b03156880588528a3f6a950f19e21a9e7f256ccdeeae288a5da9801f5,59e5b6f54031fe213f66bf44641fdcbd9d1228a90cb78d5d22f17121ade866f6,83cc31f468a45084433352911b6b07d6226daef56320da13ceb4e5574191ee33,81a917da187a103a1e76d79ce86f672347d01110cd50c4a93a241302237671ac,fe3fa182dd20fda64c9cc9b04980e7c311d737dccaab8ad8e78d7ac07ab040dd
20260806,83,84,84,"[784,1638,2418,7198,8617,12097,12325,14121,15336,18649,19014,22900]",12,1.89853183,4.542413891,0.417956592,9f6cb28b0f36b10a2157da3af8381479f9b938291a9051a5d476a6687d2e4531,e6664ee7ab642a7e170c38893f5f867377e38fdd379c3f16de0eb68910a47745,2bfc33facf850f4bf783ac809bfc07ecf898d70f4946e549f15a3e3346eeb4ba,f30d02222463af5438abac645789e2b8ff16c2835d6571b0f3dee3b9b43b1588,81a917da187a103a1e76d79ce86f672347d01110cd50c4a93a241302237671ac,fe3fa182dd20fda64c9cc9b04980e7c311d737dccaab8ad8e78d7ac07ab040dd
20260806,84,85,85,"[2040,3019,4546,5868,6589,7195,11131,12741,15096,15336,22625,23615]",12,0.8608863513,4.542413891,0.1895217767,c02d3255f3fc3dc4daaa2e592cb9d1e40f88d7f23197ca52dd6a507a0c5749fe,b35baff556a3efb909f3cf160d91ad095fd60d6a9d265b908f1cb9e6726b7731,6a9bd16bcb0a678bc1b4df7071beaa8a48ebb6272debd45cdecab65f6b45713a,c3d40e2f7f917f26b7092d3345782b0582b4237d92ef571059906b05f5250f57,81a917da187a103a1e76d79ce86f672347d01110cd50c4a93a241302237671ac,fe3fa182dd20fda64c9cc9b04980e7c311d737dccaab8ad8e78d7ac07ab040dd
20260806,85,86,86,"[821,1334,5909,7768,8028,11740,12097,12325,14174,14697,18829,21275]",12,0.6335196018,4.542413891,0.1394676084,31999e71f113d82f98637ffa9529eb8f2522e8360c7b49071c79da0048cd9230,e2693b7382c09603978b9d7a1f6986513fa68b585d4c61f83b56a5c6de810a3e,c84e6fc36e1a94340cbce70c0c12d3db1eb1f3f92eaff9de52e5350620baf15b,a2def9d0b6d66e1f696835260c1572d043509e3a04514b856bc8ec4d0e50e1fe,81a917da187a103a1e76d79ce86f672347d01110cd50c4a93a241302237671ac,fe3fa182dd20fda64c9cc9b04980e7c311d737dccaab8ad8e78d7ac07ab040dd
20260806,86,87,87,"[821,2040,4083,5868,13888,14127,14260,16664,20929,22248,23615,23688]",12,1.457869614,4.542413891,0.32094601,e6c8958782f8d6f32366f8ccab584cb027db4565e158a317b06178aaeb01f7bb,0a2cdf56561c934c6eb8d740b5a0e12c1875111bdc3aa2d90e762b14e0420818,bb8afc1280261e15898b83609928f00d4c76c6dc3149ea4a26bed4d730f75066,0e4f00504eecefa5ffe510a779f7bc2fa37e50e2ed9710aad19d73c09991c95c,81a917da187a103a1e76d79ce86f672347d01110cd50c4a93a241302237671ac,fe3fa182dd20fda64c9cc9b04980e7c311d737dccaab8ad8e78d7ac07ab040dd
20260806,87,88,88,"[6589,7195,7796,9605,12022,13231,14697,16584,18053,19192,21566,23784]",12,0.6288167731,4.542413891,0.1384322935,ec52c91b61309b3315c42d151a3ae0152e8bd306722893e8ecf977e590f784c1,e6ecbd67a90142c122fce628ab2501bb26b73539fef923caa1b4cc7b742f73d7,618999119f07cf459d1065887afb75435f29a13a10726c25ee79849a3a7125fe,73eb321c5fefedca19065a2555fb3bcb606b657dd89f58f869f0716c3d7648d7,81a917da187a103a1e76d79ce86f672347d01110cd50c4a93a241302237671ac,fe3fa182dd20fda64c9cc9b04980e7c311d737dccaab8ad8e78d7ac07ab040dd
20260806,88,89,89,"[1064,2087,4224,7198,11740,13344,14121,14697,16637,17270,23608,23784]",12,1.218127004,4.542413891,0.2681673299,1a98276c84e6debdd3d8b1df8c82e7615737858e63642682fd90e24c77347bee,ac0a1107c6f8f8993b636d50382ef0ac0d1394b20a8717615017478567f65c27,fc3bdc505e125d6db0b88d2596a3013337b847a83240aed64374396c0c165058,7252e1a999f196c2c2b58bc3a803de36c091799ed2436de187e9ab4091c75a03,81a917da187a103a1e76d79ce86f672347d01110cd50c4a93a241302237671ac,fe3fa182dd20fda64c9cc9b04980e7c311d737dccaab8ad8e78d7ac07ab040dd
20260806,89,90,90,"[2040,6589,6815,9605,11288,12494,14260,14542,17701,18061,18821,22448]",12,0.3268887297,4.542413891,0.0719636602,e6735fbc89f19fc555a9778a06c673d1072591eb0da66fcc435998b6fbf04be4,007cb49e2c1889259d0165b44ece0e1a822c7cf35cf32c9280659dc5fae06985,922129e52808af50fec708864b3ff575b665c6ea1136ed8d459346ab7f11ecdf,a8e1e2eb4c2300bbeaae6caae756f556469fc0b08629497e84fefd0716a86224,81a917da187a103a1e76d79ce86f672347d01110cd50c4a93a241302237671ac,fe3fa182dd20fda64c9cc9b04980e7c311d737dccaab8ad8e78d7ac07ab040dd
20260806,90,91,91,"[4083,9605,11131,14121,16628,16637,17954,18061,18829,19959,22900,23784]",12,1.216459147,4.542413891,0.2678001557,e4ab25a64ce34ec83daa128ce208ea83799b81c21ce1ed79f882c8498f4d3b52,34fd8679232e6cb76a0c8beed3ace63614e19636ec785d2e250adffd242823e6,a5f37316e44b0c1cc8e0c5cf16bfa108cf0697bc2574d98dac0a1ab02def9fa9,9c3d0f15315a29b8fa49e137646be81a43e2438c0374e154055e9c5a80a55e59,81a917da187a103a1e76d79ce86f672347d01110cd50c4a93a241302237671ac,fe3fa182dd20fda64c9cc9b04980e7c311d737dccaab8ad8e78d7ac07ab040dd
20260806,91,92,92,"[581,1334,4083,4295,7698,11288,16637,16664,17954,20311,21275,23784]",12,0.5182382631,4.542413891,0.1140887369,940a7f6b9bc70a54d874e32c91948736dc548c6205fbc35aba190335242986c1,5a1402a98fe1906bac2d3fa5019253380806eb0fb33ed714536164c540be1cd6,3c8b30e5f42a1607dc63e4c71213fe0755e6f4dec480437efb591a84f7e2946d,6f1529cf0a8c8271be795e044e4713810e9fdc28143f4d84308117c5d210cd67,81a917da187a103a1e76d79ce86f672347d01110cd50c4a93a241302237671ac,fe3fa182dd20fda64c9cc9b04980e7c311d737dccaab8ad8e78d7ac07ab040dd
20260806,92,93,93,"[2040,2418,6846,7198,8617,8906,11288,14121,14260,16628,20311,21566]",12,0.3752766736,4.542413891,0.08261613376,b4cd9c23206a5831610ba5c2895edb15a207975a257fd0c2bbe404057d254948,5cbd2af9e9749f3facf4cd9ef86fb80f74a99021bcc18b4d878563c25a4e6999,753f009542437df8b6d160e58f39f3de8977f207a6d038226140cbcf29ede6c2,9ed15ca9b72e647d785cbb49017b4709824421fc400c57d3e3fa831747510826,81a917da187a103a1e76d79ce86f672347d01110cd50c4a93a241302237671ac,fe3fa182dd20fda64c9cc9b04980e7c311d737dccaab8ad8e78d7ac07ab040dd
20260806,93,94,94,"[3019,4295,5868,11067,12325,12741,14127,16664,18649,19014,20073,22248]",12,1.314555219,4.542413891,0.2893957377,eea7ca9e8afbad592cb00f58d80a58b522e13bcd1250ec530d30df7fde5ef63b,15518dd9691edbf94e97a176f4cc841b426b8b22f675c841c6f88ce942805eab,3f73705ea627b1b278e29c39bf207b9315116988a12b1a7c7c8064f38625a2b6,ce3c47671207ffda7e94ef2a68f46b6237c02026d7cfe0d5730f1ecc8a319f2b,81a917da187a103a1e76d79ce86f672347d01110cd50c4a93a241302237671ac,fe3fa182dd20fda64c9cc9b04980e7c311d737dccaab8ad8e78d7ac07ab040dd
20260806,94,95,95,"[784,1334,2418,4295,5437,12022,12423,14174,14388,16584,20761,22900]",12,1.541775061,4.542413891,0.3394175648,b6a660928880f7af674767b16e3bc2a5bb5b7d3082327b0bf2e4c0b470572dcd,9f194aa763be2ab0aebe42ba2fb49e419ebba4c2b112f2597b4010c01ce27d3e,55c018e2b9a5efd0ffb34c22b97414a8557c18d083712e968a3a48361d832e79,5b139c8e8298df817d0013fb79b41fb9010878fffc1476111beb8ed9dc52ddea,81a917da187a103a1e76d79ce86f672347d01110cd50c4a93a241302237671ac,fe3fa182dd20fda64c9cc9b04980e7c311d737dccaab8ad8e78d7ac07ab040dd
20260806,95,96,96,"[5909,7796,8028,9450,11288,12950,14784,15096,19014,20311,22900,23608]",12,0.6732205868,4.542413891,0.1482076717,66135bffe57f611c1cafefb1897abcc4c67a506012ebc67d4e27c6c2d38a4bb5,3336e2379606a87a76adf2fbf811dc0c4ac6cdb7f1896f007e0e3ceff8087594,cf40230e9d139cce463827388c911c1df72438299027529ec269dddcb0cea0ed,3faf322d62396232ffab1a80c08564ef382033c75da6f766936811ee8073e5a7,81a917da187a103a1e76d79ce86f672347d01110cd50c4a93a241302237671ac,fe3fa182dd20fda64c9cc9b04980e7c311d737dccaab8ad8e78d7ac07ab040dd
20260806,96,97,97,"[6846,6886,7263,10043,11067,11744,12494,14784,18053,18649,22248,23139]",12,0.5053902547,4.542413891,0.1112602829,19963941b9caf8ae9a87df637b573176b45e970e401c4c9f77c94a3321debd17,09818e81ccdef64920512d24f32308ae90fe46e39f465addd954850539e41e50,392413f89aaeafb4acfa6780186d366bb4767ad58f4907ca9732b35123b9887c,13ca3d78874c15c3f19719bb0fcad18a1d45ffdf7dc132ea90ee06fd20b5f6a5,81a917da187a103a1e76d79ce86f672347d01110cd50c4a93a241302237671ac,fe3fa182dd20fda64c9cc9b04980e7c311d737dccaab8ad8e78d7ac07ab040dd
20260806,97,98,98,"[875,6846,6863,10428,10892,11288,14260,14542,14697,15336,17373,21566]",12,0.4906972504,4.542413891,0.1080256582,ba704ece03f3f50f024eeb108894cc691b5a27cb451e7ce7acfcf5900fc8f5e0,d3626259e6693e27b7b73024f28ea423bb9d724de481bfebcaef5838b045e4ee,fd2196c737eff4780cf50c896ce49e0e6f863629d1a877f99b5bf178dfd5a0c5,bbfcbb4d230d1564aa5ccc5c0a85acfe069c04dc10d34b73cc60c0e1f7b050a8,81a917da187a103a1e76d79ce86f672347d01110cd50c4a93a241302237671ac,fe3fa182dd20fda64c9cc9b04980e7c311d737dccaab8ad8e78d7ac07ab040dd
20260806,98,99,99,"[821,2907,3347,4295,5909,12289,13390,14697,14777,18829,19192,22185]",12,0.283456138,4.542413891,0.06240209386,2e871d34a43d4ccc28869e57e1e0799605ff3f667ecee426a0b585a7d2c60594,0e3a8c89c388030655dd666fc156c87a48a43754d9d4286b3ae3626c393ae870,4da334f757b60a3671b73cd284c8906b7f6dc0c0f2deb206ad34e4f7f69c2014,ed3f9b84e1146628109fecf4154f909025fe959e0180b0ea503e486a13a5626a,81a917da187a103a1e76d79ce86f672347d01110cd50c4a93a241302237671ac,fe3fa182dd20fda64c9cc9b04980e7c311d737dccaab8ad8e78d7ac07ab040dd
20260806,99,100,100,"[2087,2418,5437,7768,9450,12097,13390,14260,14995,17270,18053,22625]",12,0.8529653438,4.542413891,0.1877779886,6f5de73b3d730120e7d9a9ebb282e27e3e45ac01a0a76062efe58d86d76bd466,df011c0ca64d2f9f477eefa7b8065b8a7aec4c5cb50f57aa2ea49f9322b42573,2c2e7f83d90999e7fcc6ab64b36085e7c20295448843d6129b57beb010111fd3,774a2bfc1822a34a5e886896c7f6b9018435292a8658472ec25a8cfe5f58aca8,81a917da187a103a1e76d79ce86f672347d01110cd50c4a93a241302237671ac,fe3fa182dd20fda64c9cc9b04980e7c311d737dccaab8ad8e78d7ac07ab040dd
20260807,0,1,1,"[1496,2040,5437,10892,11067,12289,14127,14388,16664,21498,24201,24368]",12,0.9531756258,4.440827579,0.214639188,512f32c9ae2480c2ebda58244556413c9a0928b5ef7186d4590223678886ae0f,cbf71b72c860057429cff83e9f5a30ec0990dfbf006898888751639af0a94816,d8309e656c8ead313ce5d07eee5cdd991386eda495c8df6704c98c0443d872d1,b644af270d324c0984c30898bf48f66f4efef1a91926c4975686e477c40cff15,81a917da187a103a1e76d79ce86f672347d01110cd50c4a93a241302237671ac,fe3fa182dd20fda64c9cc9b04980e7c311d737dccaab8ad8e78d7ac07ab040dd
20260807,1,2,2,"[1064,1801,2918,4546,5336,5397,7698,7796,10088,15213,22448,23164]",12,0.5655023988,4.440827579,0.1273416697,3265beca9a395930163d7047abb870fc5ec909ba16ce5ed5b9640ca4d49a18d2,acad95e928411360524e7113357fdedb515829d7fef0c4cd334033a2b3e6010c,5c93a048da0eb7f43c1a48dd62c04c9780c2148265ba1eac7008db775e6aba65,fe0a24119300498c4d4c0f000c015ecf9b42cccf90027b7d8ac3ac850e5d1e15,81a917da187a103a1e76d79ce86f672347d01110cd50c4a93a241302237671ac,fe3fa182dd20fda64c9cc9b04980e7c311d737dccaab8ad8e78d7ac07ab040dd
20260807,2,3,3,"[1312,3015,5115,8605,10892,12950,14995,16664,17270,17286,18649,22448]",12,0.7676420196,4.440827579,0.172860127,f4e82bf93a1430092f6651f2900df9879758c2835800aa18807c11e26b393757,597e031f5b5edfcf7ee4972d2446b949ceed7e428ba674ab267c7126a3dfc6b5,24f840c7e3540d9c3fb7c7bdda0f06020a1488af8df83a71686eb03bb044e662,3b3be436fb17518b03fc523b2ec8dcabde5755eb97f48f459d7405fab731f3ca,81a917da187a103a1e76d79ce86f672347d01110cd50c4a93a241302237671ac,fe3fa182dd20fda64c9cc9b04980e7c311d737dccaab8ad8e78d7ac07ab040dd
20260807,3,4,4,"[5336,7198,12644,14260,16503,17119,18821,21354,21498,22900,23784,24201]",12,0.7496950308,4.440827579,0.1688187657,9467bc110a78f65dfac97e3c233318ea6c600107fa5c697208399092e0970486,97eba6f5794df9a8aad6042504212055e4d9c42dba9c89a6ec2c2835f19981a8,8bb9dc4763a737185446825ac1bdbbc6053584155ca36703cfbb532464eaf7ec,88df4f08e76ae895edfe867771abdba485d29b36221617313672a5885102fb64,81a917da187a103a1e76d79ce86f672347d01110cd50c4a93a241302237671ac,fe3fa182dd20fda64c9cc9b04980e7c311d737dccaab8ad8e78d7ac07ab040dd
20260807,4,5,5,"[2907,3015,3701,5078,7768,8028,12647,12950,13231,18829,21275,22625]",12,0.645868187,4.440827579,0.1454386993,8d73206e82be1432f234d65801a45b7c3b0f43539cba627957ce6b41eca304e2,9b5050d4f8de3313a930b8b8c577459a2a490ee73b8b13444eb4e7935a7d01c0,27c6dabbaf868044efc9094ea9940dc793ac705267890bfc72258908af559bae,58809c65e5293c767a49ed3c376881ba4017705e26887a1e305e2ca9efff8278,81a917da187a103a1e76d79ce86f672347d01110cd50c4a93a241302237671ac,fe3fa182dd20fda64c9cc9b04980e7c311d737dccaab8ad8e78d7ac07ab040dd
20260807,5,6,6,"[784,875,4546,6589,8028,8605,12022,13798,15707,17270,18716,21498]",12,1.567344508,4.440827579,0.3529397348,6c8acba124263102b35e9ef2fac7c5ddb0dc613ce56c33a1783a5d32752c8711,02138ca616a504e13a3c93fd4e7606f0372276b832e75303006a111c82e0b1c7,7decb4989bda7d2940ddb6959b1b7e40a6b3da138ed744d5901a124a3af736ac,43cd6c11818b0d51902f7867b5b35ee749c868d7a3fe3b9db24e33ec95b7aa06,81a917da187a103a1e76d79ce86f672347d01110cd50c4a93a241302237671ac,fe3fa182dd20fda64c9cc9b04980e7c311d737dccaab8ad8e78d7ac07ab040dd
20260807,6,7,7,"[1312,1801,2040,4083,4546,15018,15213,16653,19192,22185,22448,22900]",12,0.876908385,4.440827579,0.1974650826,fd49ca41282e0d237db8d9db62a3f0444905a69a39decf0d9934e38daf492250,72fdc30ed3cdce6bc5f44d7fc341fa46c6f419eda3af9bbf03ef0c4f3974698a,9df0501a714d0c7567443a7383b7001821a2ff22906a2373313858fb87d45412,2845a777299fb59ace138a13c080ea14954fedeb70cf485341330daf86c94acf,81a917da187a103a1e76d79ce86f672347d01110cd50c4a93a241302237671ac,fe3fa182dd20fda64c9cc9b04980e7c311d737dccaab8ad8e78d7ac07ab040dd
20260807,7,8,8,"[1064,10892,14127,14388,15213,16653,16664,17701,18053,20929,21498,22625]",12,1.044614822,4.440827579,0.2352297637,a1440ebf30a90b565b2d976743490d27b7b63b915669e92e03c8161b50575ce4,4969b88343df87d2c536ef2d6231c6b012d52ee93e175e310b6e1fa12525590d,ab94f01ff6a2e57ec95357b3528fdb0e11897a96933dd8b9309f4eec1b356148,03840b85b8d97a9f629cf849f3789dd419a2410b181ce8b54c8924a61bed40c8,81a917da187a103a1e76d79ce86f672347d01110cd50c4a93a241302237671ac,fe3fa182dd20fda64c9cc9b04980e7c311d737dccaab8ad8e78d7ac07ab040dd
20260807,8,9,9,"[784,1334,7698,7768,8271,8605,13798,16628,17119,19192,19959,20761]",12,2.016954541,4.440827579,0.4541843846,1fb6d4247d3cc1333de701bb36d252e26cc01def51880f72753691e24b13b3ef,263de576d5d102dee80d82465bc12d4940d17d71203bb83fe895b786b7a86aa2,de37cf82a8c2c4d2f0a06fd34739549fadca5813da66a7bd4235c1247c4a1bae,c246b554fa78ce8cfd78deecece3ba48eab7d11d53bfc1b5e5bf3d0f9a6d4373,81a917da187a103a1e76d79ce86f672347d01110cd50c4a93a241302237671ac,fe3fa182dd20fda64c9cc9b04980e7c311d737dccaab8ad8e78d7ac07ab040dd
20260807,9,10,10,"[2087,2619,5115,6589,6815,7796,8371,12097,12644,13225,15018,23704]",12,0.6217060073,4.440827579,0.1399977811,5713d33fbc4342f8b82fbd360c92df144fb35a9272d767340c6d3874ff79e993,22cb6737e93d21d8b305401df3ee12629f57b826583a51f63fd0544c53b7f0f1,670f21c307e31440846d308229d240c4ab4d6de9142b55627f5ce3dda1eefafa,b344f6839576a16af6338709f3ab7ad3a263a54745afe50895d045230b2c9d87,81a917da187a103a1e76d79ce86f672347d01110cd50c4a93a241302237671ac,fe3fa182dd20fda64c9cc9b04980e7c311d737dccaab8ad8e78d7ac07ab040dd
20260807,10,11,11,"[3015,7796,8330,11067,13225,14260,16246,19014,19192,20929,21966,23139]",12,0.4583287017,4.440827579,0.1032079479,ecf5bd09409c220d9d3687dc2cf2ab21b7e6b47a4aa2b9a17b8a7e90576d9b92,c566bf80ecb856abcf40c727ad18897789e40e6f93c1bfb54b368193cd631541,7e0e84c7b6cd2aaa09cb339e1ce46759bcad1239b198158ac1ebbc24f5f70ad9,a81352501ca44e2cb9f27a75ef875d3775bb616a3ee7f0371f241e3251a2387b,81a917da187a103a1e76d79ce86f672347d01110cd50c4a93a241302237671ac,fe3fa182dd20fda64c9cc9b04980e7c311d737dccaab8ad8e78d7ac07ab040dd
20260807,11,12,12,"[6815,7263,8906,10088,11131,16246,16664,17286,17701,18821,21566,22900]",12,0.4635033607,4.440827579,0.1043731945,d3ac308e335448f0a56513a78cfa438dc15f69b470958443927778514a2aa0e7,a947b673014c4f6eaf4fc5a1db087590010f3fbbdc31665c668462d43ceffa08,e9d4e4a9e31600c4243ce6d75f60b9bcf07f0e121a5006caec30404c4f0fffee,6bcc4c18f7a63cdb79d913d4e01fb6431072d2e0fe5c1b9f7d4dde06386e5f7b,81a917da187a103a1e76d79ce86f672347d01110cd50c4a93a241302237671ac,fe3fa182dd20fda64c9cc9b04980e7c311d737dccaab8ad8e78d7ac07ab040dd
20260807,12,13,13,"[821,2918,11067,12950,13390,14067,15018,15213,15707,17286,22448,23939]",12,0.4610717106,4.440827579,0.1038256276,3f1a813bf674d48e1fba47c98d74b0bb01e7d6fb0b3870a771f92bcd511ac172,1c7f839ea9343c4c45e73e279f66f283790a583028404522f130e421481956d6,0115f5821e826edd31a27fe8318a0c28323b431e7bab7a52e36514603fb30523,d06f775f61dffd7a014069e2e18f2b00fd4af17e2eac46a17b2cca0ad787fc30,81a917da187a103a1e76d79ce86f672347d01110cd50c4a93a241302237671ac,fe3fa182dd20fda64c9cc9b04980e7c311d737dccaab8ad8e78d7ac07ab040dd
20260807,13,14,14,"[784,1312,1496,3701,7796,12022,14127,14260,14777,18829,22625,23139]",12,2.215432073,4.440827579,0.4988782009,80b1966388a7175cb41bddd541679cfcd93e3615eb64c8e9955a5112babd36f6,40d3115ed54d3ed5e8491579fe3da037783f0e94564fd73617a443ea51cd9a6e,4abe2a6c25a6969203d5e14598277a63b9ab6882fa2c82aff876d00c5649bcd0,1d738db1876b4dd36151c791941cea28f3a74f74a0d06b3858ce4e23d1be0fcd,81a917da187a103a1e76d79ce86f672347d01110cd50c4a93a241302237671ac,fe3fa182dd20fda64c9cc9b04980e7c311d737dccaab8ad8e78d7ac07ab040dd
20260807,14,15,15,"[1496,6863,12950,14777,16628,16637,19014,19192,20929,22487,23139,23164]",12,0.9567518743,4.440827579,0.2154444993,a843269a5d1b8c88453bffac686ce3fbd99c08d254a55845a6670104c5ba7640,9805f21ae049e364a47f0a13da18bf53ed8b93e71e63d52ceed9b17de0379301,e422aa47decbe62a2d69189dab15e28b24204324a56b789267c379305b0c64e3,abcc5cf5dab98dfb877d240268ef0bbcfd174f980a3c9d5e4257bf369adc83a1,81a917da187a103a1e76d79ce86f672347d01110cd50c4a93a241302237671ac,fe3fa182dd20fda64c9cc9b04980e7c311d737dccaab8ad8e78d7ac07ab040dd
20260807,15,16,16,"[5078,6589,6815,8330,12647,13344,13390,15018,16628,17270,19014,19959]",12,0.9151833439,4.440827579,0.2060839624,028edc4217b4e948173522f355ff5683a9f8194946fd71d1fdf56f0e0ce3a997,e7c19eb4b3d8a9c795485e1873526693f4e25ae78b0a39c234f7ab9f94b6906f,b3562e2308e9a619e767fa92e7bbe4bfba5d14e63bc52a77fba3a4996ff12950,df1117e0774949bd97ef032b7350c8b34c6a28c4cf6c17d2bd7bb3a0722eba62,81a917da187a103a1e76d79ce86f672347d01110cd50c4a93a241302237671ac,fe3fa182dd20fda64c9cc9b04980e7c311d737dccaab8ad8e78d7ac07ab040dd
20260807,16,17,17,"[581,1312,4083,6589,6863,7263,8028,13390,16503,16653,23245,23939]",12,0.6757707787,4.440827579,0.1521722622,f412db16a65c2a0f21c5ff48f0df2cbe4eb5734d9b919937367924e3cbf69cc7,830c93d41c928cc7e51e85ae9b73e904b14551bbadaee0e85ab0aef13611364d,336143e77c6cfe16247522c47bcb7723733eb6ae7737899d13520ee10973c0bc,f8d21bb46930ed76f834ff24858781467bd2a7db2c897614b76391f678772104,81a917da187a103a1e76d79ce86f672347d01110cd50c4a93a241302237671ac,fe3fa182dd20fda64c9cc9b04980e7c311d737dccaab8ad8e78d7ac07ab040dd
20260807,17,18,18,"[581,7768,8028,10088,10892,12950,14995,16628,18649,22448,22487,23939]",12,0.7941749684,4.440827579,0.1788349028,b47f87b0a92f9c95cd3bbd60e4f24d27c5a360e8893d307a9c04d90d10d92ca1,781a5c848e9c411a9c0f167fe41f1c387ad031c693bae64245876671e91c12aa,2645953526a6d8e04f918d9313f862a05e947919a4abd03c6016d7f260bd06c9,6675501f4a9d55c53f7d28f51e8f84c8c46586384bb5fdd347321eb0fd36e1d1,81a917da187a103a1e76d79ce86f672347d01110cd50c4a93a241302237671ac,fe3fa182dd20fda64c9cc9b04980e7c311d737dccaab8ad8e78d7ac07ab040dd
20260807,18,19,19,"[784,5397,7198,7698,8028,12647,16628,17270,18053,21234,22900,23784]",12,2.489232663,4.440827579,0.5605335082,bc093980de521a78bf65a8344061ce1da9a10dcb8569652e88b7b0bc7cf94c0e,457f9102fab9bf7bc582dc4f01de7cfe8f0a6a9572a8c2403e67c6e97cc5c2ca,192f38c7ed93747cf0a661136bbc33821e500a0562cccf8eb79a6468f3cedc51,6d11be1d9912fa34ed2ab9e26a0d14511c77e5b1e275fde5b1eccec94985aec3,81a917da187a103a1e76d79ce86f672347d01110cd50c4a93a241302237671ac,fe3fa182dd20fda64c9cc9b04980e7c311d737dccaab8ad8e78d7ac07ab040dd
20260807,19,20,20,"[1312,2040,2918,7263,10088,11131,12950,16628,18716,22185,22448,23245]",12,0.6521893597,4.440827579,0.1468621215,bdcec395a42fbab6e0a2c7d8277dcff5776795b1c121b3d815d261d4322b6988,ffc7b44330165808e3b6adb19831ce684555fff4689176de4e0bbdd0000105b3,d60b64fab807c638a053803749edb9e3eb72570da295a3ffab4fd1f681324c9d,9fb60b255a1483ae03b95f74814e508df5fc785b7841119952f3c1c68b02b331,81a917da187a103a1e76d79ce86f672347d01110cd50c4a93a241302237671ac,fe3fa182dd20fda64c9cc9b04980e7c311d737dccaab8ad8e78d7ac07ab040dd
20260807,20,21,21,"[2619,4224,5115,5437,5926,13225,18649,19959,20929,21354,22185,22487]",12,0.7771134837,4.440827579,0.1749929422,d7e1bf0e6355a1817e86d9585d599ff79a2695a79547130e67f62013651230c3,d2469ef677fad8f0f221fccc19869d9322b4f3926abef260897c90278c12fe72,04bc2f06bdbb0dcf23cc536bed595ac0c69f68ffe84a8ec9bf37bc0dbbc3e58a,9d20977864526ed558d6c13ba2127e20b5b3f5305126c780353a6201056c50be,81a917da187a103a1e76d79ce86f672347d01110cd50c4a93a241302237671ac,fe3fa182dd20fda64c9cc9b04980e7c311d737dccaab8ad8e78d7ac07ab040dd
20260807,21,22,22,"[581,821,1312,3019,4083,7198,13225,14995,22401,22448,23245,24297]",12,1.367476242,4.440827579,0.3079327485,d8ad32892d0927546ccdca46d7142f1d7e2d90246489d5ec49e54df25f3d77c2,00c347727b572e2312bff2c6e8d2201256bcc3724c576f84bb66198a80b72528,423637c680f69a693e4bf5c1f7f74ad396f92c5979ea12532d31a879eb24e169,1811d41f375d9f1baa443ad24856aad4f84087eca568604de0e0ecddcb891359,81a917da187a103a1e76d79ce86f672347d01110cd50c4a93a241302237671ac,fe3fa182dd20fda64c9cc9b04980e7c311d737dccaab8ad8e78d7ac07ab040dd
20260807,22,23,23,"[1801,2040,5397,7698,8371,10572,13225,14067,14542,15213,23784,24201]",12,1.340187491,4.440827579,0.3017877787,4c6738f1333f80318f061983a136d19a789a6709b3276d0d5d589218994ea968,5db55442606ae36f426869aa454c3904d2e49db00b759e174159acf8281cce67,09a774cf811808e4844cfb017a03f9cb47912372f088ef5ee9300e82c0688f6c,f1aad7462d8e4bef47a46e1e00fe87607446dc0f8f28352342115e33d80e5a97,81a917da187a103a1e76d79ce86f672347d01110cd50c4a93a241302237671ac,fe3fa182dd20fda64c9cc9b04980e7c311d737dccaab8ad8e78d7ac07ab040dd
20260807,23,24,24,"[821,1213,1496,5336,5926,10572,13888,18829,21498,21966,22625,24297]",12,0.7351877085,4.440827579,0.1655519597,ca883906256c5d2ee35b8e9230f66af26bb738f36e48cb284e107bd6d2f9f81a,aeb1fc3ebe107822e3178b8f0740b940ee7c52b5ba9822c1fa3c7f41749ef9a7,41bb12f20471d772d9fda59f4c30de673b286ac925dbf10891153341db1626e9,e1afdedde91ade9b6dd4845137ce4a54b93699a97f37fd129bacb139b55cc352,81a917da187a103a1e76d79ce86f672347d01110cd50c4a93a241302237671ac,fe3fa182dd20fda64c9cc9b04980e7c311d737dccaab8ad8e78d7ac07ab040dd
20260807,24,25,25,"[875,2040,5909,7263,7698,8271,8906,11067,22401,23164,23608,23784]",12,0.828114392,4.440827579,0.1864774926,64ed4d4a3f58f85c325366ec036ca49e023e970fa53513f3ab62580544a1e263,f8862a29eb22fef09eb601db7415c310f57a28fbd1372d42329d58c0eaf0b9c4,b5db0db77b4ccb6e555b0587e8caebdcec71b2bbc16a358694898bfe1e6ce83f,5e5db07f58bf8bbe3cdb1521c86e3a12ec6bc91f1d8022fbc9c116eb7a031aff,81a917da187a103a1e76d79ce86f672347d01110cd50c4a93a241302237671ac,fe3fa182dd20fda64c9cc9b04980e7c311d737dccaab8ad8e78d7ac07ab040dd
20260807,25,26,26,"[581,1960,2918,5397,6589,8906,10572,16246,17270,17373,23139,23784]",12,1.047040849,4.440827579,0.2357760643,7e7e89bca2085e185f45349c57c72a36161c6bddd0d7f8eb8430299f7f2cbf66,9f7efc91e5b22b3e49cb3d616b8945eaca60dc5f575c9c54ec1ad81c5a2ef1fe,c35282c14cca7bb0a26048b7b2f134ab8c7a03d5457435a63c19ad845798386d,581327d8dfff3866807e6c34a35f007b29f119903b61cb50cb812e980ecbc0cd,81a917da187a103a1e76d79ce86f672347d01110cd50c4a93a241302237671ac,fe3fa182dd20fda64c9cc9b04980e7c311d737dccaab8ad8e78d7ac07ab040dd
20260807,26,27,27,"[2619,3019,5336,5397,9450,12022,12644,14260,14388,14777,15018,24297]",12,1.269508818,4.440827579,0.2858721252,b6a196e25c713085aed13ccc43b1de796c878f4697f41c9cc5a3e8daf632dcd9,f9576b2c2dd08a8bee7cad254c7805d0fef9df451dcc9eb8f45e1c87abb0310a,1b08644de0eb74ef340c3a10baefe7c8cbbc3372573f503a7c74fdfa65b8b028,a9ea4c8e06358ce3cb7cc9c94c3818690a179f0a15ae20e77210f2852f092a3d,81a917da187a103a1e76d79ce86f672347d01110cd50c4a93a241302237671ac,fe3fa182dd20fda64c9cc9b04980e7c311d737dccaab8ad8e78d7ac07ab040dd
20260807,27,28,28,"[3019,4083,5909,13344,14784,15336,18716,19014,19959,22401,22900,24297]",12,1.507061421,4.440827579,0.3393649931,175bb8582e2589a8418afa2ab59358da41d99cde053c03d44392e586d0f81bf4,b558fa27387ab2a0e65e56b762d97ac79e7099deebb0e3650a762edf5df7b4da,3baef633959d3052f5ca8a5362b47b124a4c035cd5d3fe1f8c76e89ebf1fe230,a9de90373841ec21ee858e5b2426c562f55443c87b2d0902a69ee04d366b2c32,81a917da187a103a1e76d79ce86f672347d01110cd50c4a93a241302237671ac,fe3fa182dd20fda64c9cc9b04980e7c311d737dccaab8ad8e78d7ac07ab040dd
20260807,28,29,29,"[1801,2087,5078,7263,10596,13344,14127,14777,15018,15707,17701,22900]",12,1.474677356,4.440827579,0.332072644,22598b66bc69977909e8ef230590e85f40ebfc266577840658ad75984bab1b31,8e95adcc993d73aa199fcb41f8120998c853911450c71e8fb8629449984b2e89,5de6517a085d8910858a68fbc0d0be438c1f5cf1ccf4c382d7675f9dba1a768d,fe80fd9f6ff63b0fd9dab47fde381cf7487d7e0e09d7edcfbc1e13e4567a8dee,81a917da187a103a1e76d79ce86f672347d01110cd50c4a93a241302237671ac,fe3fa182dd20fda64c9cc9b04980e7c311d737dccaab8ad8e78d7ac07ab040dd
20260807,29,30,30,"[821,4546,6815,8028,10088,11740,13231,14777,16584,17373,18829,23704]",12,0.488828222,4.440827579,0.1100759291,31e51cd62e3c1b8753ac8189b9a9a32d1686a45abee645aa9ff0d488ffdaf5ee,0aca97dc0bf555d418f36e94d1855ba6ac20318e0c7af5dbf42b839ab9c69d3a,2985981ef65879f66519714a5a4dfd6eda45c0311b43eefb3c702929494871a0,4f38b0f96f3685a8a87a65018148663b9a3e7664ad78facb05deda3f42bc2787,81a917da187a103a1e76d79ce86f672347d01110cd50c4a93a241302237671ac,fe3fa182dd20fda64c9cc9b04980e7c311d737dccaab8ad8e78d7ac07ab040dd
20260807,30,31,31,"[3701,4083,5926,7768,11740,14260,16584,18821,19192,22487,23164,24201]",12,0.3455515099,4.440827579,0.07781241304,fbfbb2738b7eb745df410707ca489c1d18bba7454f6b1e043a9fa5cd096624f9,9f0751aaeadf8edf4821d74fdaa26edb222ef739da6fa049fd9808ed1582acdb,58bfb14348b214ab58071e75f85cd8e48f370b1bdf8feaf1e04a5e512b585f41,f68584cfb64af5746f78356915b15ac5bad842b12a0f789ed9ed9a3391e46ab6,81a917da187a103a1e76d79ce86f672347d01110cd50c4a93a241302237671ac,fe3fa182dd20fda64c9cc9b04980e7c311d737dccaab8ad8e78d7ac07ab040dd
20260807,31,32,32,"[1801,3848,4546,5078,12289,14067,14777,14784,16503,19959,22401,22448]",12,1.241988055,4.440827579,0.2796749103,3a06c672c7c34871ce35ae42a50dde9d9b7ef8b75a039c481c55dd3ba1eb2ef9,4db61887ead09d7a941179f4190adcaf44c0daa28f81cef0fcbc3950eab73ff4,acd817af0944b4da084fe11da8321ea6e09f50a11ce8a29dec9544cd8387f48c,9d5665ca693246bb987aa30281cdf6a394208e04edbbabc64e509c981418d111,81a917da187a103a1e76d79ce86f672347d01110cd50c4a93a241302237671ac,fe3fa182dd20fda64c9cc9b04980e7c311d737dccaab8ad8e78d7ac07ab040dd
20260807,32,33,33,"[3015,8330,12022,13390,14777,16246,18649,19959,21275,22401,23164,23939]",12,0.7739978218,4.440827579,0.1742913473,fc231da30dff3315b4d22993729b107dfc79d27ee22cec06a59a84638c43843c,523b155ed24a194d85f3425adc86984d4c7f2ad932b3da503469baf8b3486147,8e66850493d1d49bb0e3e3459faaba8717eb08acf51b21ba7bb673f1fc474219,c5ff6464b36f9987f9a7d318ec77b1122b7a873cc5e8a533ba1529c12250103b,81a917da187a103a1e76d79ce86f672347d01110cd50c4a93a241302237671ac,fe3fa182dd20fda64c9cc9b04980e7c311d737dccaab8ad8e78d7ac07ab040dd
20260807,33,34,34,"[8271,8330,11740,14127,14784,15018,16246,17701,19014,23245,23939,24201]",12,1.257206446,4.440827579,0.2831018372,ff28fcc98692e88dc989efb36b0b7507449330c36b768772c5d5cc0463be6c2f,924049e4819157ab1e680491d1a31358e5a6901a92443bab4bcc15fa2374d162,c761a4a6dffa85980aa9a0b9f05722415395f9745db1ba1ed3cc5fdb5b10ea44,bf7415ee21d05abf90e7df800847fa74a9838aec2e32cfac5f6c68fc01e1cb1c,81a917da187a103a1e76d79ce86f672347d01110cd50c4a93a241302237671ac,fe3fa182dd20fda64c9cc9b04980e7c311d737dccaab8ad8e78d7ac07ab040dd
20260807,34,35,35,"[821,1312,3015,8605,14260,14388,14995,17373,18716,19014,21234,22401]",12,0.2248763911,4.440827579,0.05063839725,0bc1a696829578aaaf9618e197d0df8d26d295d5738da4acfba049b683359e36,c9dcde00d7ebb14794a99bbc745042c9e73ae03a4d3fe8057902b9032a52d351,11c3ea1ff1ace994c423663e2bc45a367c90fb114bfca34853ffd16e96a1a367,370a7cf68b4b35120570b2f83c95c4d3ae91e11f52434df54aec0ec10a2b39c2,81a917da187a103a1e76d79ce86f672347d01110cd50c4a93a241302237671ac,fe3fa182dd20fda64c9cc9b04980e7c311d737dccaab8ad8e78d7ac07ab040dd
20260807,35,36,36,"[2907,4224,6815,7768,8371,12644,14127,15096,16664,17119,18053,18821]",12,1.323736118,4.440827579,0.298083205,da2cf4e9d0800abf598d8540e139a71d027c7930c65c40f7b016f4d5dbeeb594,41cc0f39bbab230ad60ee3e8035fb0b68b76235e944d6124fdd5984ca291282d,62a45723d7cb0cc7f39fa6c97cca8bef00272124ea707a43a291c6613f26a53b,caa045e2659f7f8b8ee4faf95fb5033ef235739d1faa56775497b9e35e203922,81a917da187a103a1e76d79ce86f672347d01110cd50c4a93a241302237671ac,fe3fa182dd20fda64c9cc9b04980e7c311d737dccaab8ad8e78d7ac07ab040dd
20260807,36,37,37,"[2040,3701,5926,6815,7198,12644,14260,14777,16653,19014,21234,23784]",12,1.07339419,4.440827579,0.2417103955,4172438963246519c586ce93016fc2ec4c5d710f427eba75fac75f580a23039a,559509b5c4801a298d43622d7226de3444e66e508b51d0d700caaedd849ac632,bceecd976417eaa16e1cf4a884e28aad2cc3e2c31ec6945d161d3826c029f76c,f8beb75a0fa7fb372095c11a252fcb3245b3190a981fe607c22bd0c893c38694,81a917da187a103a1e76d79ce86f672347d01110cd50c4a93a241302237671ac,fe3fa182dd20fda64c9cc9b04980e7c311d737dccaab8ad8e78d7ac07ab040dd
20260807,37,38,38,"[1064,1334,5078,5926,10892,12022,12325,13390,15336,20929,22185,24297]",12,0.9034955088,4.440827579,0.2034520577,a2ee1dabf19abded2fb49bd72fb746e9d8971c32fba7d6b4596c5f5e89818dae,a40e9c17440a628aba5765d7425c8dabd43cc9a62f6571f449ae79f7c9cc2dd5,b8b1496e26a5c4f038dbb9fe854febf14c7f2cffa32cd292e2df18ef4f1e966e,0b4407cba6f1721d0b0bc60aa32eeadffad7998fdbe295d83cfbf5193ba36daa,81a917da187a103a1e76d79ce86f672347d01110cd50c4a93a241302237671ac,fe3fa182dd20fda64c9cc9b04980e7c311d737dccaab8ad8e78d7ac07ab040dd
20260807,38,39,39,"[8271,8605,12067,12325,17119,17270,18829,21234,21498,22448,24297,24368]",12,0.9134622971,4.440827579,0.2056964115,7c55723cea3f00cc5a66db7ff728e7203c0385fb9cf43e0cba899d9956e5cd82,06d1c1a111087cec54aea2cf38d54c25ad548021eb234396227aee3b490c71a9,0ea29620b9db44191945e129776f413670782a2f89971104cc8e8e3792686390,bb9c7a609ff6015afad1d370c48f4f6e0e506c742471a4e0713ef4a93a8cb9a2,81a917da187a103a1e76d79ce86f672347d01110cd50c4a93a241302237671ac,fe3fa182dd20fda64c9cc9b04980e7c311d737dccaab8ad8e78d7ac07ab040dd
20260807,39,40,40,"[1496,1801,3015,4224,6815,7698,12647,13231,14542,18649,19722,23608]",12,0.6694942967,4.440827579,0.1507589035,4ab7e043d1d4c7eaccfea9b11c07f3c834b1277309319d6aec5984d6dd14d5fd,806503284e3e2454131d16424b6915fb8e9c1656258d4e6b7da3ad1278af4725,1632116c29d46d09b65a06fef688042e1c78b0750e54ebbf520c382188104700,054cbcb6e6993edd9b884b00a243a2786a0c93e165c450445eb071884ed4c177,81a917da187a103a1e76d79ce86f672347d01110cd50c4a93a241302237671ac,fe3fa182dd20fda64c9cc9b04980e7c311d737dccaab8ad8e78d7ac07ab040dd
20260807,40,41,41,"[581,3019,5397,11067,14127,14995,16628,18829,19014,21498,22448,24201]",12,1.229381345,4.440827579,0.2768360904,4fe1eb3e6c60e228deab5d50d93e75a53e8afe5ac8238f15b9bffe9eaf7aefa3,0f4d9805fd90cbe8347c04db3f494fc3e8a5e000e634afcf326ad4b3c53541e6,9c521e9875255d08c06a1e4d3467200fe530bd4c545f5f5c025b55b3acd0e9e5,3401517504e8f8ca5168d3c7d575c1fc750fa0174245eda47daad0e8337ff630,81a917da187a103a1e76d79ce86f672347d01110cd50c4a93a241302237671ac,fe3fa182dd20fda64c9cc9b04980e7c311d737dccaab8ad8e78d7ac07ab040dd
20260807,41,42,42,"[2918,7263,7698,7768,8028,8605,10596,11740,14388,14784,20929,23245]",12,1.092289063,4.440827579,0.2459652044,c1a3d475910958480ba0b3413258ade5ab745bc7b40ce470025a83c1635bb78b,ca0fa471bc571dd238e2cfe03e088cdb631826a3086eea550f5f9612b1f5fcc7,f10d8afce92e4689de5a8e276153d443c2834fb56a81e1319e62de40ae25563c,73d92e785c47c5f9e94be0231b63f6b831e24eaa512b412b7784767be0a55a29,81a917da187a103a1e76d79ce86f672347d01110cd50c4a93a241302237671ac,fe3fa182dd20fda64c9cc9b04980e7c311d737dccaab8ad8e78d7ac07ab040dd
20260807,42,43,43,"[581,1801,4224,8330,8906,11131,12022,12067,14260,18716,19722,23704]",12,0.7006799682,4.440827579,0.1577813945,dacc642626474aea106ecc32266fe5c9ffcf94afc7a605d82fb0da11c265874c,d7e7ef74a209324f8975de5f26f626b761e8570ed6eb0bae574c2972ff23c6b7,777d666fe6b8f6587148eed56fb45458d962fe348be3e413b314b44412e9d487,27dc9d9def7ca6c934bbe7ac979f75ed473cb59805fb8652c365e00e634ff78f,81a917da187a103a1e76d79ce86f672347d01110cd50c4a93a241302237671ac,fe3fa182dd20fda64c9cc9b04980e7c311d737dccaab8ad8e78d7ac07ab040dd
20260807,43,44,44,"[1064,1801,7796,14127,14995,15018,15213,16584,18821,20761,21234,24368]",12,1.613518,4.440827579,0.3633372318,62f3fe5cf0030375712ba506888ea3a681b77148b9daf7e62a4ac5964728bdef,1c8faea8a6cec3be8d60b799caf998a0931710c59d9386a76273549edc320379,25ba280a6519dd914f9d03ded03c937183efa312cae7ed03e38332da4d5ae833,7a495c23f8478ac78c93601c451463d3c1e9bb67acb17381ce78f1596c0f1d93,81a917da187a103a1e76d79ce86f672347d01110cd50c4a93a241302237671ac,fe3fa182dd20fda64c9cc9b04980e7c311d737dccaab8ad8e78d7ac07ab040dd
20260807,44,45,45,"[3019,5397,7198,8605,12097,13344,13798,14777,18821,19192,20929,23939]",12,1.351471213,4.440827579,0.3043286839,cfe4fe415af5b4a65b7f0ea19f9f94d4c34a37add1f4577371d1100cb819050e,74ba20133ff45de85597b7703dd0927077d4a8fda257e191e3f3091e8715e0c6,49fd9c5ee42f5f3ee93641539e6ef568d0eb5a36a5e8398b53775b117272e240,74991fbb673756187b14d6922cbd09aeb017806f52597e01cde404334d1c7c6f,81a917da187a103a1e76d79ce86f672347d01110cd50c4a93a241302237671ac,fe3fa182dd20fda64c9cc9b04980e7c311d737dccaab8ad8e78d7ac07ab040dd
20260807,45,46,46,"[784,4224,6589,12067,14388,14995,15018,18821,23139,23164,23939,24297]",12,1.833386544,4.440827579,0.4128479457,785008504c14589bc9410546d5c958020e16ad21ff4ee013318739f2bb3c1e42,c3b1e1abc271d287f6a5b454c19d426a8a940669fd0f001a81cd107cfa2f6510,3d0283d3daece25a1745ad48b0fce40547d3364f4eda9529e4cbfdfd93b7277a,8ce99b5dfe88bb38c179c42f427efbf7425aebd18a5eed318ca08f2fd869d84c,81a917da187a103a1e76d79ce86f672347d01110cd50c4a93a241302237671ac,fe3fa182dd20fda64c9cc9b04980e7c311d737dccaab8ad8e78d7ac07ab040dd
20260807,46,47,47,"[821,2907,2918,4224,5078,6589,8371,11131,12289,14067,16584,20761]",12,0.3224574375,4.440827579,0.07261201471,400574f46cb9425b188bfaca853c434bf047a6789f09e4bbd124e395c001217d,1ec8575435ca04b1d3d44f14e04b77efd3fa3fc54f65af1332f6c04965b11ba7,d523fbad67a4114fb5d68e70db447d2eb2576244d342d10a8f9d96fa5f0b36e9,0205d83a9a673cdbc255dd70d44c8f4603a1189a1c71701d94e5dca6373b2b86,81a917da187a103a1e76d79ce86f672347d01110cd50c4a93a241302237671ac,fe3fa182dd20fda64c9cc9b04980e7c311d737dccaab8ad8e78d7ac07ab040dd
20260807,47,48,48,"[1312,3701,5115,12325,13231,13888,14260,15096,15213,15707,21966,24368]",12,0.4992514992,4.440827579,0.1124230766,fb7d6ff6c3933e6efaf915cb3bb4cd2712bc49d93237659c1e297b1c78aa6884,dadb16f60b3bcf1abb8affefa30195e11c43a5fe8d64923efa5de4c9112560a3,9082eb6190aca1cd33e1c5ab328d4bbe209b24ce8c98652e72d886ed3d110991,ddc888dd5f939ff04b6bcd6fc1566e3365b0e03cd0e91a5fab8cb72925888a15,81a917da187a103a1e76d79ce86f672347d01110cd50c4a93a241302237671ac,fe3fa182dd20fda64c9cc9b04980e7c311d737dccaab8ad8e78d7ac07ab040dd
20260807,48,49,49,"[1334,5926,6863,10892,14388,16584,17373,18649,18821,19959,22448,22900]",12,0.7686928018,4.440827579,0.1730967456,de7a5f6d7048dd456ef448e1601b7f88061e5e03b5cfd74cc8e08d8890de98a5,4863700201c667b893e3569ef78a3046011256b9f74872f74fc99e0e9afdaedf,018504ece76f87ae5f064ca76956664eaf32fd0ff2d216dfcd37c7cd47228a33,354506cf0f4d65ef9f3fa503c48c9d4c7f545fb83474b3be928c955c02b25aa6,81a917da187a103a1e76d79ce86f672347d01110cd50c4a93a241302237671ac,fe3fa182dd20fda64c9cc9b04980e7c311d737dccaab8ad8e78d7ac07ab040dd
20260807,49,50,50,"[784,1496,3019,3701,5078,8330,9450,14067,14777,18716,18829,22185]",12,2.351739036,4.440827579,0.5295722462,d2849f202bc7be9af0574568b7c1ae852693be17141cf93e402258d92a465faa,c33fbc63cc128f621b1ad3dbf6f3040bc226afaae9edaffe20603639b12268bb,435cf31fc86d31cece40bb37e69aa8612fe3a592f28c6034552a9503b85ef907,d8966e86def4f5960f2b708904ec177429594603ee4dde0089ae30742e4372df,81a917da187a103a1e76d79ce86f672347d01110cd50c4a93a241302237671ac,fe3fa182dd20fda64c9cc9b04980e7c311d737dccaab8ad8e78d7ac07ab040dd
20260807,50,51,51,"[2040,2918,3848,4224,14542,15213,21354,22401,22487,23245,24201,24297]",12,0.5723869928,4.440827579,0.128891965,bf242034bb36b4c82f73e5cfde7d00ff23e8e49749fb0dbb5c238be59813ef5d,2e4f9d7bfdfa61732159805b08887c7e5dd7cbd9350df70a38aed93d3515a26d,49cb91814d8b1d8fffd426b659b2d3afb9cd8449c0a758528f07672da744c529,a919d2699bda96c5b80bacb8b0d017a87f6bb2406e8624d4d9097d91517bd3d0,81a917da187a103a1e76d79ce86f672347d01110cd50c4a93a241302237671ac,fe3fa182dd20fda64c9cc9b04980e7c311d737dccaab8ad8e78d7ac07ab040dd
20260807,51,52,52,"[2087,4083,5078,5336,5437,7796,12022,12289,13231,16584,19959,21966]",12,1.17894798,4.440827579,0.2654793411,c966f8de56876c2020a6a6aa0324757c92abe3e2a9eccca5d9f3227e9c35ecac,54a33ba8d1b240e83ef9cf85637f96d21aed5f8c7a57dcbd5525310bca3d9150,558278596f0688ac8d2adefef56486366a5d6e6eb17c7b4daccd32d941bb1098,2f33d27a822f5a821164f45683ad2e5f886416b2bf51fbf0f6ce65df92dc94bd,81a917da187a103a1e76d79ce86f672347d01110cd50c4a93a241302237671ac,fe3fa182dd20fda64c9cc9b04980e7c311d737dccaab8ad8e78d7ac07ab040dd
20260807,52,53,53,"[1213,3701,4083,4224,5397,6589,13390,16503,18053,21498,22401,22900]",12,0.3684954437,4.440827579,0.08297900269,6333fe8042d67f809d4c133fa76875f031780eaedcbf29be72784bf8f6a8aa87,a837f52a695137431c297151a77f291a462ee8d3394f2e8aa1f7a9fe2796f0d9,8c4eaa9c8ee0c4d8c62ece4aa13262e220ed3777648cc3d3334d1d5176be46d4,46102f326942a995e30540b31ebc407b4186ecf5fb1685095eed67ee40b95cd5,81a917da187a103a1e76d79ce86f672347d01110cd50c4a93a241302237671ac,fe3fa182dd20fda64c9cc9b04980e7c311d737dccaab8ad8e78d7ac07ab040dd
20260807,53,54,54,"[1213,8028,12022,12289,12325,13798,14995,15018,15707,16246,23139,23939]",12,0.4516623274,4.440827579,0.1017067921,2284ee6b6a5131d74f6c851ff3df34054ec4ea73de27963ec9727e30d458b5c8,e7a5e86bed04e76c8e89f5cc82c0e995556a99334d17dd2c3167240b2af58ba0,04303554e77e67c90f35335307d56db07f1d6b6f3412dbaefba51cac2912a4ca,ea04da7e229db2edd9c542dd8cc452fdcc76a6dccc2eb9a8fe537c5176d9abef,81a917da187a103a1e76d79ce86f672347d01110cd50c4a93a241302237671ac,fe3fa182dd20fda64c9cc9b04980e7c311d737dccaab8ad8e78d7ac07ab040dd
20260807,54,55,55,"[1801,2087,6863,8271,8371,12423,13231,14127,14388,14784,22625,24297]",12,1.368504184,4.440827579,0.3081642238,6d7a0b779d848c643143b6a910b1067ac39ce96ebbaac53df1fadcb3dc53432c,d7fd1e20d8027d2072ade7db4451613c8580a15d75a7998d6f82b565441b0e5c,05dbf355ae1180da0946d6140922c92c7fae0f040da74426c167113f4f80017e,0b40ac3f862cc97ccd90248920976bf2bb2110b1aae9c9c1857b53066884c4ce,81a917da187a103a1e76d79ce86f672347d01110cd50c4a93a241302237671ac,fe3fa182dd20fda64c9cc9b04980e7c311d737dccaab8ad8e78d7ac07ab040dd
20260807,55,56,56,"[1801,2087,5115,5926,8371,10892,13390,16503,16584,17119,18649,23939]",12,0.9856318506,4.440827579,0.2219477863,d58c21b3c24ac1b944272593a4ce74cc3d61753b62c7b4cc2ee195daebdd4589,1950d2bc0c71aa2468f64f842181c131429d3b7d69a6aafbe2b50be0c4e59257,eb13ae3ebba0f515517d154d891129a9630e47bcb92eeb7db667114e542c77ca,9253db4f5ecb11412a3eafeb083662eb0433e2e33b1dfaccee7d61755f03302b,81a917da187a103a1e76d79ce86f672347d01110cd50c4a93a241302237671ac,fe3fa182dd20fda64c9cc9b04980e7c311d737dccaab8ad8e78d7ac07ab040dd
20260807,56,57,57,"[1496,2918,5078,8028,12644,13231,14535,14542,16628,18821,23139,23164]",12,0.3203254366,4.440827579,0.0721319238,ec82c70c7aea3c2f3c97143b4a115329bbf9fb9366995abe6986589383b32ea3,9871005792839b962f79b715ca96fa9d406144b9a5814e46ba2ac8532c77c40a,c7248576a93f49ee584716df0118e037971fb77e8ca645aa2f5153ce59f813f4,23c5e5f7d3971792199b60d13ece1e042906b2fcadd8c28aa5a50b7cad8d1cba,81a917da187a103a1e76d79ce86f672347d01110cd50c4a93a241302237671ac,fe3fa182dd20fda64c9cc9b04980e7c311d737dccaab8ad8e78d7ac07ab040dd
20260807,57,58,58,"[2918,5926,8028,10572,10596,11131,14067,14995,17286,23608,23688,23939]",12,0.8035059834,4.440827579,0.1809360911,67660b3290914e7d6b568d73cb4f6de474e16985dbb0c38083ae5fe5b8add24b,879f74d082f1e926a0c08fd1ea04349200cf77b881b0af3b91c9728cdbfe99f8,65d879edb59896c0b24877a0e8c8a4c0d1719c76798589ef4e8782119101417b,d89d347fc566a93814f4fccfd094b36d3d7647ae1d57438ddf922d62280b424c,81a917da187a103a1e76d79ce86f672347d01110cd50c4a93a241302237671ac,fe3fa182dd20fda64c9cc9b04980e7c311d737dccaab8ad8e78d7ac07ab040dd
20260807,58,59,59,"[3019,4224,5437,5909,6589,13888,15336,18821,18829,19014,21354,23164]",12,0.9333464845,4.440827579,0.2101739975,d16860e1fbcc325032fedce5bdf3e7b942e703809453a20df8c555f624404046,36c4b0433ac3fae53c2aa1a7ebd26de4371de74148f71aae8216993e6c7e8e41,b3fe22a940f78e1cd31928a51df8f4d7ae14431841693ded16f0b320665e83b3,a15f9ea502f731f927b702bee23e3e7175293dd414243c34ad0c8424d57db0f1,81a917da187a103a1e76d79ce86f672347d01110cd50c4a93a241302237671ac,fe3fa182dd20fda64c9cc9b04980e7c311d737dccaab8ad8e78d7ac07ab040dd
20260807,59,60,60,"[581,3848,6589,7263,8330,12423,14777,19014,23139,23164,23245,23784]",12,1.021639558,4.440827579,0.2300561191,24930ffcdfd2275cd05ed4114c844bc001c46564fe7ec3524bd3a48b776524a0,86eccba90f46dd51d9a4ee0e26d1173011715f7bbb945d515d2600270e777eb3,d9dede762c55aaf3c8ca7aa0ea3e83393b7cb0dffd8ecc39bca9a07242649e86,b67bc3f25bb47bc2f6b5663005d5a2924d822e7199e565609618f9abfc472d2c,81a917da187a103a1e76d79ce86f672347d01110cd50c4a93a241302237671ac,fe3fa182dd20fda64c9cc9b04980e7c311d737dccaab8ad8e78d7ac07ab040dd
20260807,60,61,61,"[581,2907,6589,12289,14777,16628,18053,19192,20761,23164,23245,24297]",12,0.7063873355,4.440827579,0.159066598,7377023c42583d3a3bfb0c2f8c9581c7f849888b8c9673abb4ad7dee47ee5877,e29305d6840ae273cd63f77a9df3584859edb51e9e4a6924d1336dae4b4f9df8,16b59dc351b724a5a90ca85bb8d9e5c3ae121331e92323796dd31bfa16974a39,4a4b3f676653dd8e390f02c7fe6463a3662f39ed0d5a849f16ed1308cf7ae845,81a917da187a103a1e76d79ce86f672347d01110cd50c4a93a241302237671ac,fe3fa182dd20fda64c9cc9b04980e7c311d737dccaab8ad8e78d7ac07ab040dd
20260807,61,62,62,"[784,821,5336,8271,8371,12423,13231,21234,21498,22185,23164,23245]",12,1.556405902,4.440827579,0.3504765439,4dc9af0d1660453ecfc9edce5f8114b596e8089829db866853a791e6af31dcff,d3164567d656832a765a6a3acd5997480db602203a8e07df048e20fc2399da72,3ab5fb222d58c2bda94d000426cd4cb9a873214f0d4aeb0a7932654cf1e4aba1,0ce9681d5519c695f8f8f29ec8a3643d5cf042847df76bf4c2facc78f6423053,81a917da187a103a1e76d79ce86f672347d01110cd50c4a93a241302237671ac,fe3fa182dd20fda64c9cc9b04980e7c311d737dccaab8ad8e78d7ac07ab040dd
20260807,62,63,63,"[1960,3701,4546,7698,8605,12022,12647,13390,14127,14542,14777,23688]",12,1.30075116,4.440827579,0.2929073774,c083bc839e90a3b4dd01a67de1ca32e2def8faaefda4f9ac0505bb96085f5289,1906fe3c7eb914f3f4a032689a08072a9ef283cf8b9932c3be53172e16a6bceb,ee4ab42a68effbe7cb841f9abf55f75d15ab0287a2e26d98d970919cf9c0c97b,04e8742887231a099d64904df75744d0c490de00dcf662b2c467e9173d1ab858,81a917da187a103a1e76d79ce86f672347d01110cd50c4a93a241302237671ac,fe3fa182dd20fda64c9cc9b04980e7c311d737dccaab8ad8e78d7ac07ab040dd
20260807,63,64,64,"[1960,5397,5437,7198,7263,8028,8271,10596,15213,20929,21354,23608]",12,1.090777733,4.440827579,0.245624878,ba6a7e93ab9b69c2e11ae64e173ac380e9801e237ce967fa1789fcfa7bec67d5,ab82fc1a8acfe1ebc0e86759bec37ccb1ec07eed40ed90ca5fcde9a0dacd10d7,092246ee90c282c16ba7687bb5eb041f1fcb212862db6fe8c107dbd77f547602,6d7ab2b0e6dcfa61ce78d8ce0c711e392a9f26a4723cdcc6ff24163ac73245f9,81a917da187a103a1e76d79ce86f672347d01110cd50c4a93a241302237671ac,fe3fa182dd20fda64c9cc9b04980e7c311d737dccaab8ad8e78d7ac07ab040dd
20260807,64,65,65,"[2918,5909,7198,8371,12325,13225,14127,17373,19014,21966,22401,23608]",12,1.348012543,4.440827579,0.3035498493,3bf51659c2aae223df140ad2a9d3fd511ed1fdade89c0853813b65629ef62343,a51b940c29d2116c819a659b27d9f5165c227321f651a3663748d6d42219f6d0,c856c39bb5832cc7f8330973dfc0f96742bbced20b9cb62428f69fae2b16a37d,1d254fe63ad824c2b5573bde3818c3e00ec3daa239ee310df4deeaa9dceddc49,81a917da187a103a1e76d79ce86f672347d01110cd50c4a93a241302237671ac,fe3fa182dd20fda64c9cc9b04980e7c311d737dccaab8ad8e78d7ac07ab040dd
20260807,65,66,66,"[875,2087,7198,7698,9450,12067,12325,16628,17701,19014,22625,22900]",12,0.6663820187,4.440827579,0.1500580707,08048d5280175e37b13cc67f86cf3de3f9f0e9a2f277e893ad994b4096162658,011cd2abace90ef694d575faa80823ea99641ee58843c092ffa05057677741c5,6e231239e0bed5ce3b827dda56dea461bd102e904d40251a211f08a72e95ebfd,a8f922cad8ed6957f58f953c42cd9a24b278be5120f0c704c0b92b3d4d8cbab1,81a917da187a103a1e76d79ce86f672347d01110cd50c4a93a241302237671ac,fe3fa182dd20fda64c9cc9b04980e7c311d737dccaab8ad8e78d7ac07ab040dd
20260807,66,67,67,"[875,3848,5909,10572,13344,15018,15707,18053,21354,22401,22448,23784]",12,1.178814483,4.440827579,0.2654492798,63544e2fb0b17511d3625f84564a4279186a231e36a98f4a8e4b9173601b4aa5,cebd166fb447a16fe69e5768d12bcda23d1c8221043c12e3bca7d7ca49d7acdb,9333de74ab40b45a5b8f59178ecef1e45628f27dd41c155078d42ac1299b530c,5664dc95e0732ebfb4b97f0bd41fe87af829dd739527135ccd30936328f2b39d,81a917da187a103a1e76d79ce86f672347d01110cd50c4a93a241302237671ac,fe3fa182dd20fda64c9cc9b04980e7c311d737dccaab8ad8e78d7ac07ab040dd
20260807,67,68,68,"[1064,1496,2619,5397,10892,13344,13390,14388,14542,20929,21566,22448]",12,0.4724178282,4.440827579,0.1063805833,23c55aae162d2055fa85fd989ba7da4fa746787504d26a1e20c34d5a457b0a36,9773bdaa372c23d224b9f7e84ac6d660f0ff62ffdbb69977adc9dcbda1ece60b,d18aee776449c14ef23e0c2bf179ef3b2c821ee23efb202ded9b3da683b7265c,0bcbe60fcc5c7d21a90d7d3f6264927806850485c0113ec45151858e9a974d78,81a917da187a103a1e76d79ce86f672347d01110cd50c4a93a241302237671ac,fe3fa182dd20fda64c9cc9b04980e7c311d737dccaab8ad8e78d7ac07ab040dd
20260807,68,69,69,"[10088,11067,11740,12644,14127,14784,15018,16628,16664,18829,22900,23939]",12,1.350237829,4.440827579,0.3040509465,efc02a85bd4f97504ed8b4f2ea7b6d0a11ae68ded84c45e168202cc8281a1fdd,7da47af648d0d0811a23b941a17f7f78f2d244409c8d8fc8e6723d65779c8398,c0329a804f3a6851beedd5ac14f351ae04a71586d9e6c1e75c58c64f029cf81b,9ad48b8d97982c833201b6de064660ad1b40eff39f180615ffb92b9fd8e3f02a,81a917da187a103a1e76d79ce86f672347d01110cd50c4a93a241302237671ac,fe3fa182dd20fda64c9cc9b04980e7c311d737dccaab8ad8e78d7ac07ab040dd
20260807,69,70,70,"[3015,7263,7768,8605,10572,12022,13344,15707,16584,16653,19959,22900]",12,1.408936515,4.440827579,0.3172689076,b2b9c7c8a24d2dd5e45853b7abe689f4458ed61cccd72d750311e1681b6b0db5,64a237b602419cccb5ac34a319432c7e94f06a9751464851fd3bce8b1dca6a0f,9eed127c320fdb8a988416332df35a9eecdad3f685c134d57e8be67da450e50d,1aafbef402edbe3ec698aff4b0b279f0ea7b3815003f979fbf13c46d53da0dfc,81a917da187a103a1e76d79ce86f672347d01110cd50c4a93a241302237671ac,fe3fa182dd20fda64c9cc9b04980e7c311d737dccaab8ad8e78d7ac07ab040dd
20260807,70,71,71,"[581,1496,2087,4546,5115,13231,13390,14535,16503,17286,19014,19959]",12,1.11199913,4.440827579,0.2504035814,a580b9d19eb66e1f491d157f466592cb6cc1aadfbeddb78cdcf82b33f1e9fa51,1f75ff3016fcc93c8465663253950311666362b776c70d70c62d4ccdea1358d5,a0d15e3056f036a1c1da353c61ca2abf110ea60d31dd7f4c2aae1192f37f3a44,7364bc0ebf315290d14027e6bee607953346e6b1e3ad77b27812086984c26364,81a917da187a103a1e76d79ce86f672347d01110cd50c4a93a241302237671ac,fe3fa182dd20fda64c9cc9b04980e7c311d737dccaab8ad8e78d7ac07ab040dd
20260807,71,72,72,"[1496,5909,6589,8906,9450,13888,14995,15018,16653,19959,21354,21966]",12,0.6603366359,4.440827579,0.1486967517,388eb3533956611451f2646b475751cc88c0265e7f5d653ff6a225cb542e26bf,4feb6387e25dfdc6b4056587e83e583f5ee272ce95835b504b7ea1c159e22638,6428d01defb9880cbe090cea4d8dbeffc9d29ffba279e7b5a2690c2546d90ff8,14d68368c912c596dff2a18bc8fef1cc3aa11c2f3fe257c4401a9ad98790a749,81a917da187a103a1e76d79ce86f672347d01110cd50c4a93a241302237671ac,fe3fa182dd20fda64c9cc9b04980e7c311d737dccaab8ad8e78d7ac07ab040dd
20260807,72,73,73,"[1960,3015,3848,5437,7698,12067,15336,17286,18716,18829,19014,22900]",12,0.7256800731,4.440827579,0.1634109994,f8b1dac18d52c0f7d65655adb5ae0259e3a1fd555b9a902ecb9414111a0ffbf0,85da3abf33322e06557a92090e10e6de66b5e2cba5c8e9dc1ad8a7c606272554,f236cd3f794440e2a446b857111211d3bc44456d38056d081b38dd339b4c248f,1939d803f05cfc0d7c978142ddd9eb660e3b0eeda34ca91a25df6fca2d476684,81a917da187a103a1e76d79ce86f672347d01110cd50c4a93a241302237671ac,fe3fa182dd20fda64c9cc9b04980e7c311d737dccaab8ad8e78d7ac07ab040dd
20260807,73,74,74,"[2918,5397,5437,11131,13798,13888,15018,15096,16503,19959,22487,23608]",12,0.8774961392,4.440827579,0.1975974351,e20a256c5523e8b413169595293558adc97a8790a1a71a036c6dfdd2eb381811,41350639cc937859ab7dea1acdcb63d50a4f3332deb939fda96ae6135a6d4a37,678fc3c9a204824b6e6aab9133df18bffb972b7c41f9aacc749199541d06d78f,06c9d2fcec21d27ed64395d33b779d7b5d8a74cae3bf96ccf88b1ad4972a8be1,81a917da187a103a1e76d79ce86f672347d01110cd50c4a93a241302237671ac,fe3fa182dd20fda64c9cc9b04980e7c311d737dccaab8ad8e78d7ac07ab040dd
20260807,74,75,75,"[2619,4224,5078,6589,12325,17701,18829,20761,21234,22401,23704,23784]",12,0.8093987083,4.440827579,0.1822630341,2ef5082150336c3013b3768998e3a67c53e9b3033c435abc2d43a972db29813b,0b246698d65f4ae70cebb9572fbd8a8d9d478a43b5137256c9dc3f23861d991f,e6338e25e485b34065b600586dbb6883029409e88371e7fd5530fea88adbbca6,b2af564882440dda208a7a073e34d3ef0c05e3972b984bf285d2aee71671a598,81a917da187a103a1e76d79ce86f672347d01110cd50c4a93a241302237671ac,fe3fa182dd20fda64c9cc9b04980e7c311d737dccaab8ad8e78d7ac07ab040dd
20260807,75,76,76,"[784,2087,3019,8605,11131,12647,13798,20929,23245,23688,23784,24297]",12,2.440453842,4.440827579,0.5495493348,24fd8004c7e0d505ca722f67e088649c31ad955db42792eb039d0da3886d2366,c12cf456b7b61473bcb6b96caa02fc29014d7a72743c42943d9c6d34ee0093e5,63fbd0b65d6034e279f42327241ce7f28eb7216398926f20467044398ae6f748,fa4d78fa56ff0e6cb4d47bb7d1b9866b5f7e28b0ff0b3207afcc10ff32c5e836,81a917da187a103a1e76d79ce86f672347d01110cd50c4a93a241302237671ac,fe3fa182dd20fda64c9cc9b04980e7c311d737dccaab8ad8e78d7ac07ab040dd
20260807,76,77,77,"[2087,3848,5437,6589,7698,12097,14535,16503,16664,17270,21234,23164]",12,0.9465663942,4.440827579,0.2131508997,3ce9a894ec6f4b9a2875df1fa3a22d734d69545554fd08607a2b4b8424b670d3,a9362f85ee23a73edac215ac7ddfba9dc5e3a17b7471c904d6727fe5b96f63e6,980fc72e0a7e689f44ac3ad0db46f320cd80b45017868450de5bd2a320b07450,138c9a6fb5bff9b7202f658d2d45ae6cb3d90ecb433d0c3c821ecb7be719a8fe,81a917da187a103a1e76d79ce86f672347d01110cd50c4a93a241302237671ac,fe3fa182dd20fda64c9cc9b04980e7c311d737dccaab8ad8e78d7ac07ab040dd
20260807,77,78,78,"[875,2087,2619,5078,5437,8028,14127,14260,15018,15336,17286,17701]",12,1.374282889,4.440827579,0.3094654915,56c79ce83b9b0489207914764a00fffbbfadc037864b7a5f9bb304e8ec1d6a5a,5ae16623b36dffcf906649aff010dc0822ddbb6e17c144df4c00d5e86fb6b8bd,a9f79fea5cf9befe3d42db44d717c41fdc1322f4d44629291ae60006052264cc,199ce509ea2f673d4c1457648011752928b44155884e217b637d082889063156,81a917da187a103a1e76d79ce86f672347d01110cd50c4a93a241302237671ac,fe3fa182dd20fda64c9cc9b04980e7c311d737dccaab8ad8e78d7ac07ab040dd
20260807,78,79,79,"[1960,2040,4546,7698,11740,12067,14388,14542,16628,17119,22448,24297]",12,0.4783369509,4.440827579,0.1077134706,37d70b0f902f2e57dedb93f2a0a2453b4fe9c5776d7b5c1f593928b7fac4d6a3,4f23a35b87dbc18701c4b30b44a1c965b289434dac7d9aa4a88abb3f04bc4d6e,b2f319f527803fb5517799726e4b1114bfa6f1b8635f17bf3881a0419a6d6953,52979772241c6b59f6ab632c106e5517f963c4372e85a301890e2789d0bcf5cb,81a917da187a103a1e76d79ce86f672347d01110cd50c4a93a241302237671ac,fe3fa182dd20fda64c9cc9b04980e7c311d737dccaab8ad8e78d7ac07ab040dd
20260807,79,80,80,"[581,784,2040,5078,6815,8055,16653,17119,18649,22401,23139,23704]",12,1.924326428,4.440827579,0.4333260847,6dc2775dc15e911e09f90cb8b69d0760b198d551d01cf40c6782070d1e199864,abc8cbcb4fb10b083f6bc337216bf3ca0274893d4e334ff7672f46ac4eb79f13,ef9a8743166462170bdd974e02113f5b3c0a949a5534ace02252e4ab9770b9d3,78b8900f4fccfcef331e4b908d0faab96432fe50ce4eca546c74d9faf80c32c4,81a917da187a103a1e76d79ce86f672347d01110cd50c4a93a241302237671ac,fe3fa182dd20fda64c9cc9b04980e7c311d737dccaab8ad8e78d7ac07ab040dd
20260807,80,81,81,"[821,1334,1960,4083,7796,11067,12022,12289,14542,14995,19192,24201]",12,0.02961096287,4.440827579,0.006667892941,cf18cc9a5fbdbaa2395ed29a2c9465624033899c4c7844f23e6733fdeea8c5f3,db344f20e514ad0b73a6c7a5c472ee562c54decf60645c30e963dba13057f994,a954d95ba1200ec3a8fc788ff4c6fd5b599a52a008202bdfaf94947f2c5b1308,1c5cc8e4d41fbe133ec7fca8884b331c58a05ff5786fbd4b773b5b7e4196c420,81a917da187a103a1e76d79ce86f672347d01110cd50c4a93a241302237671ac,fe3fa182dd20fda64c9cc9b04980e7c311d737dccaab8ad8e78d7ac07ab040dd
20260807,81,82,82,"[3015,3701,5078,8330,8371,8906,11740,12289,14260,17286,19722,24297]",12,0.5872916714,4.440827579,0.132248249,c7fbf93626e3b463b547c269070fd0171582773237afbb08c5890927e0c6ab63,717a86b9870c568bd19606ef7b31db0d2c50ccc2c9b14d4b22947a24b922b458,e7b1820a63c62ee2cf5a87b421b28aebbeabecbfacd78f08d23b06f3decfac28,9d7bbc7f8fda48e6d8bc9718b4b574cac2f8b66458d8bff2431f7f42d203bb38,81a917da187a103a1e76d79ce86f672347d01110cd50c4a93a241302237671ac,fe3fa182dd20fda64c9cc9b04980e7c311d737dccaab8ad8e78d7ac07ab040dd
20260807,82,83,83,"[1334,5397,5909,6589,6863,11131,12022,13888,16637,17270,19722,20761]",12,0.3859334612,4.440827579,0.0869057522,cc77accf74603eeeeef61d12ca5524e0925cf6befa4973d4bfe26b1d24482a20,e28a414ae3ac693efee8bd2a291a8e8b476f7b024a9b272f0e30405bfdf88cff,a812d1287da9c167d68b5ee7610f705d5fb70b480979244598b9bbd679626c4e,49760e642e465ae54b644df4685058a8e872e47e53fc25b8e4a9d856c2fb8dbc,81a917da187a103a1e76d79ce86f672347d01110cd50c4a93a241302237671ac,fe3fa182dd20fda64c9cc9b04980e7c311d737dccaab8ad8e78d7ac07ab040dd
20260807,83,84,84,"[2040,2087,5078,8605,12097,12325,13390,17286,19959,22448,23164,24368]",12,0.8972767258,4.440827579,0.2020516919,b2f03b6337e2acd138ac808704c425493df6ba7b4cb93e1e3fc5d81356731c36,6a6d5339b6103f2371e4ba258150031fe0649523a5c9c723e52748be3e6f969d,31a005308de31b1195e3fe423e05e070c9814a4d22f0ba0f90d3b7378306ba67,4e91047533ceaebd704fe0b9333a48c2507eeaa7379281633dcf93597cd6fc43,81a917da187a103a1e76d79ce86f672347d01110cd50c4a93a241302237671ac,fe3fa182dd20fda64c9cc9b04980e7c311d737dccaab8ad8e78d7ac07ab040dd
20260807,84,85,85,"[2040,5397,6589,7796,8271,8605,13390,14784,16503,16584,22401,22900]",12,0.3836883958,4.440827579,0.08640020108,1b1cfe87940e8c6bf30f1ae10dd136c13e869a86e0c4d84a5779463e59a4ffe0,c209e3c3549ec8e537e651d662a63984e0f0b7cf1acad03502178ca8bfa86aa1,706422c50c7ae8b8843d110c7386b5cbf809ed5f3f5b2109b6a04ca59ebae320,be166c1713395cb2cef33ecc460394927707105fb6f7e38887f9994ae515d432,81a917da187a103a1e76d79ce86f672347d01110cd50c4a93a241302237671ac,fe3fa182dd20fda64c9cc9b04980e7c311d737dccaab8ad8e78d7ac07ab040dd
20260807,85,86,86,"[581,2040,5078,5336,8028,8371,14260,15018,16628,17119,18649,23784]",12,0.9048162476,4.440827579,0.2037494659,312e1ab47e5a9eee11085c689315db946509066f9370ce6edde3611774a8a803,da28664e4c30f7b6c41866fee73354e06249d3ca8c353b5fd1eb42db805edb14,351a4346b1338e420028a7e7f62ca0c34316f3b8025cc54dcc2c8a42d209d5f5,ed473a64266ade03804a7b61e9e50f0a0885e3fe4ce89bce2780866e3fc6e0d4,81a917da187a103a1e76d79ce86f672347d01110cd50c4a93a241302237671ac,fe3fa182dd20fda64c9cc9b04980e7c311d737dccaab8ad8e78d7ac07ab040dd
20260807,86,87,87,"[1334,2619,4546,5115,8906,11740,12644,13344,15213,17286,19959,21234]",12,1.120383523,4.440827579,0.2522916063,05e90b8326c7309f4fb77610565530aaa3652f83d7dc4b847136480813a55323,218cfe1028d373696c7995f87f634a0cf2c9bde6470c33e98928816c64f57a1f,c933bf8ef7916491544e7c780c701dbaf71ab265b42a178d919be27cbe11e912,b9851597783e6e195306f39b0980af0d56f96f4438f7bc36cf73082cdd16efaa,81a917da187a103a1e76d79ce86f672347d01110cd50c4a93a241302237671ac,fe3fa182dd20fda64c9cc9b04980e7c311d737dccaab8ad8e78d7ac07ab040dd
20260807,87,88,88,"[581,5336,7198,8330,10892,13390,16246,17270,17286,19014,21234,22401]",12,0.8315488513,4.440827579,0.1872508753,9b3a1a61ab9cf4148daa36e5307eab9ad0deb926e66a7716d1045db06aa033fa,ab3d49bf45fcfbc3e6dd66dcec07477dc482849d4fb42e861cc9147a99709d7e,72eee53dea96a8fa7cded09c75e283ccabe8332e7cd1c2a6f6b552a692ac756c,cdf9b077f6e703755ac23c665b76cb1981a2ae37a44a71d625437002bbb30daa,81a917da187a103a1e76d79ce86f672347d01110cd50c4a93a241302237671ac,fe3fa182dd20fda64c9cc9b04980e7c311d737dccaab8ad8e78d7ac07ab040dd
20260807,88,89,89,"[8028,12022,12067,12289,12647,13344,14388,16664,18821,21966,22487,23245]",12,0.4301374865,4.440827579,0.0968597584,1124fb475af186b5addb7e64f7393e133dc46a73d46dab65aab454ee4271fbce,2a5d21774c0b320d6e932015d8500977c6f4f629efeff53bc8b93ed275415679,2bd5bc04348024a70a071f124677e59517228e2177425ce95d49b542b6a2e3cd,4a310ea1ea200f47e2bc377203e7032efcc98e92c0c27675f905020b83619b28,81a917da187a103a1e76d79ce86f672347d01110cd50c4a93a241302237671ac,fe3fa182dd20fda64c9cc9b04980e7c311d737dccaab8ad8e78d7ac07ab040dd
20260807,89,90,90,"[3019,5926,7263,8028,8605,11067,12097,16246,16653,17701,18821,23939]",12,0.9159006564,4.440827579,0.2062454892,0e088071e3e509418453ec33543b1a9d23c293b57aff9524955f0bb932229e3c,d76b773a4d482c137fc487ffaf8fba4ccb0e6644688f610aac7c599652d797e6,54a37007b861133795cf80ef3ca7d32d59b6ad8884585bd2ab52d4aeb116b6c6,7424424345f3da32fe3b06ba86fb844c9a1aa499eb4ef72cc290403b12915374,81a917da187a103a1e76d79ce86f672347d01110cd50c4a93a241302237671ac,fe3fa182dd20fda64c9cc9b04980e7c311d737dccaab8ad8e78d7ac07ab040dd
20260807,90,91,91,"[1213,4546,5336,8605,9450,12067,12647,13390,17270,17286,21566,22625]",12,0.8445794185,4.440827579,0.1901851408,dc541cedddcd363ff42b612c202542ec3cffa58a10cc8b682d0a992b58baf488,b9fb971511407f5ab49d71c09a6dd41c2eb5511a80da31804ca31450e366be29,4cfc277dff4581569099da027a3293ba87651fa1f5a6cbe04882dc08cc92f95c,542b2cbfa34972c3bd1c096b60eb189285b7bd815d136103922149b5febc3d76,81a917da187a103a1e76d79ce86f672347d01110cd50c4a93a241302237671ac,fe3fa182dd20fda64c9cc9b04980e7c311d737dccaab8ad8e78d7ac07ab040dd
20260807,91,92,92,"[1334,2918,6589,12097,13231,14784,15018,16664,19722,21498,22185,22487]",12,0.1880196015,4.440827579,0.04233886548,d888a178f655c49e529d5185e94a9e6bc68617252b036bcf0a291f2c1c0b7ed9,4d2095084569e37bdf764e9dbbcde2707a944d7b56e4501ea8d6bfa53aa4584b,f459356fb385091e22d28dec309ed9ffe2bd36610dd1157af68f6e5d506727ff,b315375fc0a9718bba5cf16297947317902fcd532ae79cfa6e19fca16342151e,81a917da187a103a1e76d79ce86f672347d01110cd50c4a93a241302237671ac,fe3fa182dd20fda64c9cc9b04980e7c311d737dccaab8ad8e78d7ac07ab040dd
20260807,92,93,93,"[2040,2918,3701,4546,8371,11740,12289,12647,14388,17373,21966,22185]",12,0.2491548634,4.440827579,0.05610550261,aad5b707368bc5f378ac20294c8f850fb5d60fd494d5ec8ada56fd5caff73dac,7690b9253a7725072eac964b85e67bcffbd51a87e7df3cfaaa4d07f26017399f,e39d3518c16645895ca4877133fe85c3106af3b16475862c223669b2a27de224,4226746d86abd988d1ff7e6a13c27311a8c50488f2b1c85632062469954dddab,81a917da187a103a1e76d79ce86f672347d01110cd50c4a93a241302237671ac,fe3fa182dd20fda64c9cc9b04980e7c311d737dccaab8ad8e78d7ac07ab040dd
20260807,93,94,94,"[581,1064,2619,4083,5437,10892,12644,14127,14784,15707,23139,24368]",12,1.463813553,4.440827579,0.3296262975,2f7bec47dac0abc7c6a7501b2733ed56209aaf260bcc842c53fcd73c828e3793,c0f2b2e39ac7f8f23a9752d3aba3e6998329232e810faad118d60b562d156ec4,4710b4e3a0080199e9e98753b24bb92e8c2cf13fdbe5cfc88479a482ba37258d,8d48c4f952997e27ce8991d0386992fc0321148c946bd3e5c32985cf99fa93e9,81a917da187a103a1e76d79ce86f672347d01110cd50c4a93a241302237671ac,fe3fa182dd20fda64c9cc9b04980e7c311d737dccaab8ad8e78d7ac07ab040dd
20260807,94,95,95,"[581,2907,10088,10572,13231,14388,14784,16503,16628,21498,22625,22900]",12,0.7769730059,4.440827579,0.1749613089,ec6b8cecacff27df5952cf42f87cd202579058b8251ef44e3cdda2d2f7cd18d3,ff3a05ba40f8bd2bc591c79eaae3e98aa3ba540bd684c1fa99f8521b4e1d3246,298c1e616a91d16581f36c80ae0cd39beb4b4f404cf43eb397bd4ee96f79c2c2,1f196fe5ce3fef614b18171887a800a1fde256acf1252b75f2cf908d6417ad6c,81a917da187a103a1e76d79ce86f672347d01110cd50c4a93a241302237671ac,fe3fa182dd20fda64c9cc9b04980e7c311d737dccaab8ad8e78d7ac07ab040dd
20260807,95,96,96,"[1213,2918,5336,10596,10892,11131,13231,14777,21354,23688,23784,24297]",12,1.185181397,4.440827579,0.2668830022,9da99ba4efbe3b989e2befb47cf229cb981702037a88cbb8e59afc507491a985,dc7a85f57738643aee874f011ba5fb45bdae714245cd040e259e346fe5e4898f,372fb242ee707e2a36472b972b06748f6f9fc0af1a6046ead865ccb7759d5ba7,fa7258e2714f631a1248042aa5ad765689f011a97e98fbc7806b1bdb44c4e781,81a917da187a103a1e76d79ce86f672347d01110cd50c4a93a241302237671ac,fe3fa182dd20fda64c9cc9b04980e7c311d737dccaab8ad8e78d7ac07ab040dd
20260807,96,97,97,"[1213,1960,2918,4546,5115,8271,8906,10572,12950,13798,17286,22448]",12,0.4918740129,4.440827579,0.1107617903,0cfd300664fe5f07e037fc4e53ed03e7372667d0543884e221b8b976960b382c,573aea5550e7a526915b289da9e6d70da92c872ece15c7286d95ab6a2ec5bf66,683609727af693170e025abefc71e980987bdc25e1d405af18544da7833071c7,264bb649c250e084051833a10b49f45a1b44b468b70c38ddf06ea6bccd4d0b84,81a917da187a103a1e76d79ce86f672347d01110cd50c4a93a241302237671ac,fe3fa182dd20fda64c9cc9b04980e7c311d737dccaab8ad8e78d7ac07ab040dd
20260807,97,98,98,"[784,4224,6863,7768,8055,13225,17270,17701,19722,21234,23939,24297]",12,2.249545767,4.440827579,0.5065600333,3fe224a5c600b72fc285c889b176138ed3950eb1b78187326b72b49815cc9b55,72784fe819a5f79efaca7c169997931dcbbae01a80bb98eb8981d904aff491eb,62aac67ede834e46a804e2814d12c33f4756071b157db4c5f7a9d0c87191fb59,2305edc9d4a21f8337cf3038f4c1476e99de98482339d757ba590e3bc6838803,81a917da187a103a1e76d79ce86f672347d01110cd50c4a93a241302237671ac,fe3fa182dd20fda64c9cc9b04980e7c311d737dccaab8ad8e78d7ac07ab040dd
20260807,98,99,99,"[3848,6863,7198,11131,12022,14542,15018,16584,17286,19014,22401,23688]",12,0.3815869697,4.440827579,0.08592699511,0438f6385840f309a9b197f38378545a868750c008dd917d1db6b33b14a8279a,f7945f32d73241a83eaf16338b6941b4dd37ce0f7c1ca8320960e29cb49e679d,865bdb5c1fb493d3db7fa15f73dda0dd6b2ed70d3e239d89e3a8719ff6021b27,9a5efcc2adc218e2018b16b0e339ccdbced4bd479d607db957f5d57133c3f94d,81a917da187a103a1e76d79ce86f672347d01110cd50c4a93a241302237671ac,fe3fa182dd20fda64c9cc9b04980e7c311d737dccaab8ad8e78d7ac07ab040dd
20260807,99,100,100,"[8055,8330,8605,12022,12423,14535,16503,17373,18053,18821,21354,21966]",12,0.2559292157,4.440827579,0.05763097332,0632bd80066987844a1c717c093854b0d86f0cdfd79c41e53916dc0b678002f8,2df4ab2740fd592b1d4a2098ede144ecf50d786eafbba4c7e643f47734bed4f0,df7e08eef18f3c0c98bccbdf2afe3b6334cb94a5d7fbcab51d8e5d09248958a7,9b4e9e44b88ebc179d75cb57d9cea87995373cc67785338cdcc8c4a0d52612eb,81a917da187a103a1e76d79ce86f672347d01110cd50c4a93a241302237671ac,fe3fa182dd20fda64c9cc9b04980e7c311d737dccaab8ad8e78d7ac07ab040dd
20260808,0,1,1,"[581,1638,2619,5909,7698,14127,14174,14388,16503,18829,18913,24201]",12,1.184425232,4.375384553,0.2707019731,2445b46f4ffec9776880559852ebaa66b1e2487e0f652873cd8daa7f03bc314f,ece130ef98210ab8c2a4e88d3b0d98730626e1fcc6eab535e51edcab35db3418,912c260b36c2bcbb489f616f158196eb680a7564c3cf749b367555cd07e25454,92237cd9f97249a12601d6081ba4a806d892cf82f4bce04116d1194195d6ee4c,81a917da187a103a1e76d79ce86f672347d01110cd50c4a93a241302237671ac,fe3fa182dd20fda64c9cc9b04980e7c311d737dccaab8ad8e78d7ac07ab040dd
20260808,1,2,2,"[2073,2619,5926,6492,8605,14784,17119,18716,18913,20929,21234,22401]",12,0.3909713856,4.375384553,0.08935703385,83ef412545f08ac5eba48d325a67a3be7bc35434cd20bc7bc485365c86255dd6,a565b19437952a526cd7beec24717a3131799182950963d233a4f05c71067b20,46fba12f510fda5f7287ec0cd6405bbe145c3b5d525137d703bea9b01976f3bc,b9cf9ac80c3c83db53ff6cba4039b9df1ca8426e86420d917746a03d2944d3dc,81a917da187a103a1e76d79ce86f672347d01110cd50c4a93a241302237671ac,fe3fa182dd20fda64c9cc9b04980e7c311d737dccaab8ad8e78d7ac07ab040dd
20260808,2,3,3,"[2040,2087,6815,8271,13888,14784,17270,20929,20976,22401,23164,23245]",12,1.059719863,4.375384553,0.2422003941,9d0598532cc3abac4ee0bbd3c9d5745d6e0a5a53a905360b8bf7a8e736c690c0,d2d6578a7b893edc4f20f7101ddbc3daa0cc89813c7fa497cd89f0ce1dc57e68,0d8437802f4d0553f8151b59f1df32aa9a397e29e183b04300f72505303fa7de,65d996213f305c32623deb00e72c85d3a01c2b18480f6faa57528fe7fc34cee6,81a917da187a103a1e76d79ce86f672347d01110cd50c4a93a241302237671ac,fe3fa182dd20fda64c9cc9b04980e7c311d737dccaab8ad8e78d7ac07ab040dd
20260808,3,4,4,"[784,6589,10471,12289,14995,15257,18475,20929,21275,22900,23245,23688]",12,1.859548397,4.375384553,0.4250022768,a05b382e1214951e268827081145bd39027f3305674255edac39098257bba979,175094d8c5f2e98152a018b1d35b0d9d44271f691df6313cf2df48eea774f4f9,b22e6267824144ab9996327bacf654c90ef7ab64712b1b9a72af29715418d148,f997dcd5a53516e759d7c68a3212ac1a23d03a5f63bc12020f8dac0012cc7277,81a917da187a103a1e76d79ce86f672347d01110cd50c4a93a241302237671ac,fe3fa182dd20fda64c9cc9b04980e7c311d737dccaab8ad8e78d7ac07ab040dd
20260808,4,5,5,"[875,4546,5926,6863,8028,12423,13344,18649,18829,20929,21234,23139]",12,0.6902917369,4.375384553,0.157767101,5de2aae32460af2787da35d405917c1131572477702ef6e2f5a6be67daf68e46,fb8075e1d30ec3ea8e3131eeb92dad5d957eff3ef0c7643f5f41828b97cf2905,d036b12086bc466683cd5948cabc35c38c6a086fe5defa4c690341238e5745fd,a4debaa7820c36ca9a5718d8771947107f12e42cbbe1db9796adf6e58d8813d6,81a917da187a103a1e76d79ce86f672347d01110cd50c4a93a241302237671ac,fe3fa182dd20fda64c9cc9b04980e7c311d737dccaab8ad8e78d7ac07ab040dd
20260808,5,6,6,"[1213,2907,3015,5336,6863,13225,15336,17373,18821,18829,18913,20976]",12,0.3983042161,4.375384553,0.09103296207,7181ba6526e071899f0d8e8444273ed42392162e798435d0e98036a10cc121e7,6ce15fec51a567193fbdfb5b75e8985a1287400bda63ea73b34083d14a442bcb,cf2d82151c5c45e9ed4b975293da4ca0940fdd49877e9bbac6277b750f59484a,c8cde45856b25126652259326dcb2b05bd23b41a958b3d1e87d1c790caf24e05,81a917da187a103a1e76d79ce86f672347d01110cd50c4a93a241302237671ac,fe3fa182dd20fda64c9cc9b04980e7c311d737dccaab8ad8e78d7ac07ab040dd
20260808,6,7,7,"[1312,2073,6815,9113,11740,12325,13344,16664,18716,19014,22401,23164]",12,0.3096476348,4.375384553,0.07077038168,bb36b7988430f59caa4e287b52c833d3fea06c6f2ff41d2edef40a40d66c4788,808da0a625662d77ac5b26d46504b71868c761f67681682acd8997bf91e9785d,bb27c015a38dda823a58dc66a6af8430fde23e2e7f21d553ce7f92723dddebec,bac14e60204450ba23b030ecddacea05d1fc843bc03d3d3aa6416511ea528e5a,81a917da187a103a1e76d79ce86f672347d01110cd50c4a93a241302237671ac,fe3fa182dd20fda64c9cc9b04980e7c311d737dccaab8ad8e78d7ac07ab040dd
20260808,7,8,8,"[4083,4224,5437,6611,6863,8271,8605,10043,13344,14995,17119,20311]",12,0.2272142998,4.375384553,0.05193013256,7f8a99cb5de05b50419296661f36880236e6da7fba9d2c218432136accab267c,f001a58aff207441c23d46e0bc5be1426ece08160de6e70c5d2aef999b87f64a,7caa87e1b9ac069c54eeb2e97a83e88a4deaf08a1dd3d5b86ebb4fd02acd0abb,53ea60e59a6feef3f1216b98f257237e5dcaf5e80542951faaf6560f52d5fd8c,81a917da187a103a1e76d79ce86f672347d01110cd50c4a93a241302237671ac,fe3fa182dd20fda64c9cc9b04980e7c311d737dccaab8ad8e78d7ac07ab040dd
20260808,8,9,9,"[581,7198,10428,10509,13344,14127,14260,16664,18821,19192,23164,24201]",12,1.15910924,4.375384553,0.2649159692,50061806cdbf697a0ed7385baf7ec36517efeb05f419faac683384cdbb044c71,7fac5ebcf74b1bf6c4b1d43aa9206d88dbb165aa5a98849bff4e5b90bc273874,dbcb1b472dad4214f678336dc71f79f95e24040e90e1d634b51c878f072b0005,dbe8478b37ab4abc211b9c0b4f512109b81c627b40875f3b3fc102721af1e8b8,81a917da187a103a1e76d79ce86f672347d01110cd50c4a93a241302237671ac,fe3fa182dd20fda64c9cc9b04980e7c311d737dccaab8ad8e78d7ac07ab040dd
20260808,9,10,10,"[1064,1496,2907,3015,6589,8028,11067,12423,14784,18821,19192,21234]",12,0.2514653571,4.375384553,0.05747274419,5cb73ff4965da5166566be2c95453f7d6c75669f051f8b98d1c357d0d3e5482f,b8d68902f8006f0be5b116fcd83f1c22f5e5aea4ad2674f03323fb73dce1d2be,617b6c3691e0e68e0d28e6a955608e056c5e8a2a0b3dc6553212e5cafa4f8019,c4ace291a3f9904ea4cff08fd2ac5558692e728ffa2a33949aea5304c30bb1b5,81a917da187a103a1e76d79ce86f672347d01110cd50c4a93a241302237671ac,fe3fa182dd20fda64c9cc9b04980e7c311d737dccaab8ad8e78d7ac07ab040dd
20260808,10,11,11,"[4083,4841,6863,9626,10043,12950,13225,14127,16637,17373,24201,24297]",12,1.608629045,4.375384553,0.3676543229,4c3e8583ea27ec06a527125ae676e637ae33a7c62d82a9fd449a6fb8bc76dc38,fc957f552bcef4c8f1e589985284002d404c778b4ef3a22e12a63057a4ee6f31,781b193072aeaed4fb351b4e90e9bfbe77259bdba46ca226235473a23e598b76,105869bd719c8a288c3930be5977705e50abe7a30fd9f10a731eecf5c9a8e6a5,81a917da187a103a1e76d79ce86f672347d01110cd50c4a93a241302237671ac,fe3fa182dd20fda64c9cc9b04980e7c311d737dccaab8ad8e78d7ac07ab040dd
20260808,11,12,12,"[821,1312,6863,8055,8617,15336,20929,21677,21966,22401,23164,23704]",12,0.8388272381,4.375384553,0.1917150888,353ae464aff1973939f4d23d144aeef180929adb38c7b771ce9ff90f02853434,1b252c4d2913869500bdb6be63fc776abf78d8d10a48f5944e0883dea13258c4,7e38e0e0b7d3846b0ee59e7b57cc83c7365e55d45bcc1a016db2deb298429df8,069fd7310a66c23e81855e1322d26126d34aeb1000dbc377f5236f39dd7247eb,81a917da187a103a1e76d79ce86f672347d01110cd50c4a93a241302237671ac,fe3fa182dd20fda64c9cc9b04980e7c311d737dccaab8ad8e78d7ac07ab040dd
20260808,12,13,13,"[1400,3019,4224,5437,5926,8605,10892,11740,16664,21966,23139,23608]",12,1.007167236,4.375384553,0.2301894208,4f2f773bef7916fb8f6de4c87bc0a97074be89aa909dad57c8effcbb715262bf,1f7668c1538d51f3480b7b977f558a43ea10c7388cc353aa5e8566b52bc4562d,59564ee1bfe31de58959aa006510d47758d675f5faa42db36c5de6c89d19fd9b,fba4e47da476df819cc3978e7465edf92932424dd88595aa25bbc89b3f3b3a5c,81a917da187a103a1e76d79ce86f672347d01110cd50c4a93a241302237671ac,fe3fa182dd20fda64c9cc9b04980e7c311d737dccaab8ad8e78d7ac07ab040dd
20260808,13,14,14,"[1496,4546,7198,7698,11744,12423,13390,13888,15707,16503,16637,23747]",12,-0.01871979554,4.375384553,-0.004278434345,c8c8f0dc26353dae34eb3d3d61757998e05ca4c9c1ebbffaaa63933f1c60a6d3,2852d7f71df069bb547a555aeefcf62bcbb68f540d959b07dfd3897a184730c3,bacb5430b512714ef9bd9f85650521144c1f9e997eb7b537488c9f2ba298459c,d9ee144da3cf1ea94b2972ac5c5da7255146d1d218f2d40aaabaa6a20e790d40,81a917da187a103a1e76d79ce86f672347d01110cd50c4a93a241302237671ac,fe3fa182dd20fda64c9cc9b04980e7c311d737dccaab8ad8e78d7ac07ab040dd
20260808,14,15,15,"[1312,4083,4841,7796,8371,10892,11067,11952,13558,18821,21966,24297]",12,0.3526664623,4.375384553,0.08060239231,10685db478aab76ff48fa474cef1d6bd6c33b22fd6d188b77bb8c2f727ca9022,1ac5db9cd3c6b6da5c30711bbb7f388fb5df165630320dac2bfa0212f2b019fd,aa7e38659f2d763ad617b03fce8ddf8faf995373ab8498b4a39683fd28bbcd0d,7ba793bd8ea505948e9de5296648ef42edfb327ef6e168887f6dac448a75ea84,81a917da187a103a1e76d79ce86f672347d01110cd50c4a93a241302237671ac,fe3fa182dd20fda64c9cc9b04980e7c311d737dccaab8ad8e78d7ac07ab040dd
20260808,15,16,16,"[1638,2907,3015,6192,6863,7768,12950,14777,18053,18649,18913,22401]",12,0.6928571717,4.375384553,0.1583534346,7ff7215b0a102566c05cac8b5a7ea2d386ed373cb5f4c17e287f4dbb65972fae,ca72035c0fc72fd0831070fc5a797940ced6804cda167d07e996db1e662dc2ba,48ded4261d18c1e0ec1ba1cecfd5245e5d94f7bbce0906efeb9e1910ee951219,c86c43b0d71211787a7b36406a0d7f0da8dbe751922874a5dd4db29751183ad8,81a917da187a103a1e76d79ce86f672347d01110cd50c4a93a241302237671ac,fe3fa182dd20fda64c9cc9b04980e7c311d737dccaab8ad8e78d7ac07ab040dd
20260808,16,17,17,"[784,2087,8055,8371,11744,12289,12950,16584,21966,22401,23139,23608]",12,1.980167592,4.375384553,0.4525699555,61f4956d395961ee6ce2485b8d48c253986cd6a3e425d0c9227762ab3191de1c,afbfcde6c7575f0ca4ab1a0d66a28e2f5e00ebec4f0116c39c5d1f2c3255b055,13937cb9cac83aa803dff6824971f6a80e5aca9c31ae6dbc3640750be0a79659,22015929765ab32b78f809bc22bd8135f42f6229dee362e42ea7f46f2b023a95,81a917da187a103a1e76d79ce86f672347d01110cd50c4a93a241302237671ac,fe3fa182dd20fda64c9cc9b04980e7c311d737dccaab8ad8e78d7ac07ab040dd
20260808,17,18,18,"[11744,12022,13798,14697,15096,16628,17954,18821,19014,21275,21966,22625]",12,0.1370255884,4.375384553,0.03131738175,4ca8faf9350135867fe3a471c1db2c0823ecf2cda7546a8ed47626b0e37fa88d,7993323fa0c24725a6902ca98010ff6e5660692fb2d90ac08f8220ae4baf8343,f6bd649ba5903f9365cae469b139f217fa6495de63524a781d9ca4b10d03a491,939c1a4b9477b5598b5abb51a5628f611e31f403820ff0789cb9959ca50dd930,81a917da187a103a1e76d79ce86f672347d01110cd50c4a93a241302237671ac,fe3fa182dd20fda64c9cc9b04980e7c311d737dccaab8ad8e78d7ac07ab040dd
20260808,18,19,19,"[1638,2907,5115,5437,7796,12022,13225,13558,14174,22401,23139,23704]",12,0.2157116318,4.375384553,0.04930118236,6206ff3d5f48e17ce8e8a31b05e03c2dfbfbc1a6683a2110cb09d46596452a1b,734f1934ab46133cd65b8770820281a4258ab564ee5f85e9f1e02b869f0d5636,3b5a50130fe7f258a4a7ff808ad08aa5f9e9356f2c19b42bbc1076b11786bb6d,1916111385539236cd5ce3ef5ebb536e45240308cb882a63136c0a710fad4ddb,81a917da187a103a1e76d79ce86f672347d01110cd50c4a93a241302237671ac,fe3fa182dd20fda64c9cc9b04980e7c311d737dccaab8ad8e78d7ac07ab040dd
20260808,19,20,20,"[1638,2040,2073,7263,7796,8605,12022,14535,16503,18913,19014,23245]",12,0.5428177738,4.375384553,0.1240617293,e8430a0803d1068e96771b7935d41fd97e85f009cefe7425bac41bb8002ddaef,1a3cd6d05dd58b2ca5b8c75b6ff2da0f88f356d03606f4dc5ce7c2de597eeb37,031b33bfd77cbcaa4dbdc797c3c6afb718eb46288c8c8da5b438e47cff7d5895,bdc026912a4a1fd88cdd3b120341fdb0997813800d48741a2e6fc33bddfc6d29,81a917da187a103a1e76d79ce86f672347d01110cd50c4a93a241302237671ac,fe3fa182dd20fda64c9cc9b04980e7c311d737dccaab8ad8e78d7ac07ab040dd
20260808,20,21,21,"[784,821,1400,4546,5336,12289,12423,13390,14388,14535,17373,24201]",12,1.802216991,4.375384553,0.4118991071,605716a6d7b4b927fa47a444e42a5b4d0b4491ac291a58a900ed98fbb3a8c3a0,ecb5f57881051c3e6b50a274806cc92132480f361d58a34371706728a7666160,4f186aaeec789bae15209a22d18e583db0487381df7438eeb0620a8a4540be21,a878e9251581195e84334c99d5b3de5155c03b6ecdc564608acd60ef029bfb46,81a917da187a103a1e76d79ce86f672347d01110cd50c4a93a241302237671ac,fe3fa182dd20fda64c9cc9b04980e7c311d737dccaab8ad8e78d7ac07ab040dd
20260808,21,22,22,"[7198,8028,8271,10428,10471,11131,11952,16503,18053,18913,21966,23245]",12,0.5193136946,4.375384553,0.1186898405,6fec35aad211879d9bc8ba032ac4239defaba72653360ffb9da8601908a17fa2,c1df06dab55f38229e7db84381cafd94356a6823c1f91d38a9365538cdee055b,22cbf037a822b64c3319957c29d4467d1537882fd2bc7fdbdf57839e46262da9,48255bd04e36f5d20e4f278592fa14221c8d4687e6ceaf615f83cde1796d074b,81a917da187a103a1e76d79ce86f672347d01110cd50c4a93a241302237671ac,fe3fa182dd20fda64c9cc9b04980e7c311d737dccaab8ad8e78d7ac07ab040dd
20260808,22,23,23,"[1400,2073,2619,5909,6863,9626,10428,10471,11131,14542,18829,21354]",12,0.2183288908,4.375384553,0.04989936042,027bb816c6057f0aa314f94e5858cfa90f01858f677150a86c5eb0d7b487c6ce,aecd805460da9c75d7400b73d4ba62925551643daf39217632b3341636f32028,2cee7192a7705094fe56df8b6efe7220d767935eb179306805e2542cb61b7a9c,a86f4af6b1b20569724c3a0d33fc28a48c771c995fa1b52b8346023733bb2037,81a917da187a103a1e76d79ce86f672347d01110cd50c4a93a241302237671ac,fe3fa182dd20fda64c9cc9b04980e7c311d737dccaab8ad8e78d7ac07ab040dd
20260808,23,24,24,"[875,6589,8605,10043,11952,14777,15018,16637,17119,18649,20976,24297]",12,0.6773797846,4.375384553,0.154816057,44a90f8a5ce85bced5ec378b6c2ab37beaf79818d039e43a94e4270c6786f332,59b4f623711f4f2feb18098dbbf27613c4b534b298d5118aebb2a24f4f919227,d303c541e0d21ca7e0204e36a66a272e417c83784bdcb011f8e84210b7edc0b6,a1d6e44dc987ddb186fa8c5e54018f5ba4b784084ca3f953805b2261cd046569,81a917da187a103a1e76d79ce86f672347d01110cd50c4a93a241302237671ac,fe3fa182dd20fda64c9cc9b04980e7c311d737dccaab8ad8e78d7ac07ab040dd
20260808,24,25,25,"[1638,2040,4224,8028,8055,10043,10509,12289,14127,18829,20311,20929]",12,1.409682806,4.375384553,0.3221848935,a8c19f687a9a2aab4fa1da0f8714fc9030de7f73f854f39be29f1d53fd593ac4,e034a66f28cac5a214d82dd0c6096d88dc70dad808c2d2689a54d2d0ca7daa7c,e3a83ad3d98bde1297d3c091cfe171cce59e448f0ff0e838d918f48022fd9ec7,2b4fdff6672be1b2ba4241a7116fce80dea23b00487dd6e6861e875ea8d8fc0f,81a917da187a103a1e76d79ce86f672347d01110cd50c4a93a241302237671ac,fe3fa182dd20fda64c9cc9b04980e7c311d737dccaab8ad8e78d7ac07ab040dd
20260808,25,26,26,"[6863,7698,10471,10509,11740,14127,16837,18829,18913,21234,22900,23688]",12,1.513501522,4.375384553,0.3459128,884572fee2bef18331efda0f304c87799e0cb25ec3d5fa1cf0e262cfd6dc34f8,914a003ea374fe89e02699697c7685fd26885de11edacbe3474bc1b38a75d968,e368f49f4139853a51b7a3e046e170b8415127a823e54cff0f0556873796e6c3,2e9725f6072ecf3f87f6bd3bdc6aefbb34a8600d788c67fa5d4bea20c75331c7,81a917da187a103a1e76d79ce86f672347d01110cd50c4a93a241302237671ac,fe3fa182dd20fda64c9cc9b04980e7c311d737dccaab8ad8e78d7ac07ab040dd
20260808,26,27,27,"[581,1400,1496,6863,8617,11740,14784,15018,17954,18053,20976,24297]",12,0.8431422965,4.375384553,0.1927013012,beef8d5794c270c69edddf1b9c0e7e16dbf5a28df583dae2983e378ba07af91b,7afa9b8ba94d8e7fe29c276e254a9c375aaa60eb5cc7f4caa48f326b13e30a73,1ba5f565d37317ed59ceb3019638aaba0fbbf0870e59884f21e0463751784ec7,515f07e4114bee39c22269e743a80f26f89b90fb027abcdb69190e538d908156,81a917da187a103a1e76d79ce86f672347d01110cd50c4a93a241302237671ac,fe3fa182dd20fda64c9cc9b04980e7c311d737dccaab8ad8e78d7ac07ab040dd
20260808,27,28,28,"[821,11067,12423,13225,14777,16503,17270,18716,18913,19959,21498,22625]",12,1.186334731,4.375384553,0.2711383917,b6d63804308eb18b7ff63fd90277c1bbce3a548bde86aac54ce5de9abbe5790c,1a85dfec65149bc2d40840816930dff3b3af30347642ae16b78b3e914a02e4af,bb9c00ea18eb40fb005f111802eadf9ca41245eb0bc3f00a398ec30f8e84a71c,10a05f171ba31e12316b13eb0d02e943321cc2ada45edd832372d7ae2d195e6b,81a917da187a103a1e76d79ce86f672347d01110cd50c4a93a241302237671ac,fe3fa182dd20fda64c9cc9b04980e7c311d737dccaab8ad8e78d7ac07ab040dd
20260808,28,29,29,"[1496,5115,6611,9626,17270,18053,18475,18829,21354,21966,23608,23747]",12,0.5393604835,4.375384553,0.1232715609,5e30c2544a6a1a2b6635bfc1b19038c99c3a9e88d3458828a0e42e5ebdf5c84f,72e3809b1f9eeffdfe5c3755dd3a7090655072ef7ddddcb58bbb3c15ca3c4b89,e3783e136aaac3359d0673df6fcf62c16bc910198ffd35784de9c145a09689af,66ca36a86378e147b57538cfff4878a755f14d5bb64fa1bed9e1425cdfef0415,81a917da187a103a1e76d79ce86f672347d01110cd50c4a93a241302237671ac,fe3fa182dd20fda64c9cc9b04980e7c311d737dccaab8ad8e78d7ac07ab040dd
20260808,29,30,30,"[784,821,2040,2619,4083,8371,14174,14995,17373,18475,19192,21354]",12,1.555165319,4.375384553,0.3554351167,d4ade53d5ac90d0c278105c62a5c797766f2cc61c5d96fb6ccdc39ca4367e0e8,ae00f6882ed3efe1016cfea3e200114e850e541ee5f347c7c794b1dd038995a6,30cef226b2f3141278d0484d39cf4065cfa08db74094bd17d9dc72e92b888d1c,1c79008035f554497a871bef8ee3dd5650259c0976a60a4334bbb171d2c417a2,81a917da187a103a1e76d79ce86f672347d01110cd50c4a93a241302237671ac,fe3fa182dd20fda64c9cc9b04980e7c311d737dccaab8ad8e78d7ac07ab040dd
20260808,30,31,31,"[4295,11740,11744,12325,12423,14777,16503,17270,17701,18913,21275,23784]",12,0.8948498281,4.375384553,0.2045191268,1d229fe54976ae7cb06535afbb5008320c469f051789a55e243706eb77000724,40d8429c03040d398cac6cb4fdc1638f9acc6a456119fc0331b868471157c7af,1ec46986c5e5375d48d2099c7384cae9eff8345e8600da4f3d9f65704bfa79b3,49064401526be475ee4718479caa4b3de88cf98d6d2fbfd413f16a3eec71dcee,81a917da187a103a1e76d79ce86f672347d01110cd50c4a93a241302237671ac,fe3fa182dd20fda64c9cc9b04980e7c311d737dccaab8ad8e78d7ac07ab040dd
20260808,31,32,32,"[1064,1213,4841,6192,6589,9113,11067,12741,12950,19192,19959,21498]",12,0.6774061092,4.375384553,0.1548220736,c0fb206cd4c8c3096c9c838fab6a7ee5e2eafbf55965c5e340ad8f627d7f6bff,1e00a03923d0474fd44cf6dcc232f7d54272d5679209851b9678b11e9c63d7c9,cc495464a0d2f0b4a572916c94e5a05a09b960078e6fcbb5c4293058266ff9df,e6ab12373734cfacece324039c131c4b1b1cd0544bb689e417d14bdfc3405c1b,81a917da187a103a1e76d79ce86f672347d01110cd50c4a93a241302237671ac,fe3fa182dd20fda64c9cc9b04980e7c311d737dccaab8ad8e78d7ac07ab040dd
20260808,32,33,33,"[3019,6192,6863,7263,8028,13225,13888,14542,17701,18649,21275,22929]",12,1.05859022,4.375384553,0.2419422126,2dc55560285b6d86defcebcce1c100a5344b15a3958aba1f54c5e89fa5693276,4233cd3f9d0d13714498e3f8dfbcf88debfda8e62e66cf49de6b2bc614136059,2d8fcdbf7d9c6957f9e7bdfaea297683d17f0a24c72fecd56808778308c63466,a09c752cff28d9414fe88d3b31e380e4a04fca9c152ba0a5c270ec9b4ccb7025,81a917da187a103a1e76d79ce86f672347d01110cd50c4a93a241302237671ac,fe3fa182dd20fda64c9cc9b04980e7c311d737dccaab8ad8e78d7ac07ab040dd
20260808,33,34,34,"[581,784,821,4841,6863,7198,9113,11744,12325,13558,14260,23608]",12,1.832784939,4.375384553,0.4188854526,0c36bee21e320ded60bb23834fc484f6d8817649fabded4bfd5256da2340a1c5,c1712ca4768a090a46885306e3c6604f604c6d75d6e24c3cf53116f0e1867391,3090db268dc9991295a65cd2113a78f4d10750ce5caaa3799e8dc452a20b6b2c,84793481ee666b70d6e4d72967b6e58101e221959de8fdbdd524ec1809b5fb7c,81a917da187a103a1e76d79ce86f672347d01110cd50c4a93a241302237671ac,fe3fa182dd20fda64c9cc9b04980e7c311d737dccaab8ad8e78d7ac07ab040dd
20260808,34,35,35,"[1400,1496,2619,4224,5909,8055,12325,13225,14542,15018,22900,22929]",12,0.6599753571,4.375384553,0.1508382518,a53c78f18a70fe094ba120a17d685e0b9ff740c8b9b80df4b5422f5c8a6c28d8,048b13853e8cc6d8e6704c0c29bbe10a74c68029a9eb7b18fd55d09655a00ea0,b8bbe5203ec3fdf596ee572415ba513a5ba159da9b2f5bd51ccb919b9fe04072,0a874c24f6a53f01ce9934745b64ad769ebead64914ce6ee77d798479b8d03c9,81a917da187a103a1e76d79ce86f672347d01110cd50c4a93a241302237671ac,fe3fa182dd20fda64c9cc9b04980e7c311d737dccaab8ad8e78d7ac07ab040dd
20260808,35,36,36,"[1400,2087,3019,4841,8028,10428,12325,12741,13225,13344,14784,21354]",12,1.004086955,4.375384553,0.2294854185,2919948c104d092b342a51496be1b4d84ba4e22eb45a2df60b433cc4d5786803,83b93515d615a6afebab454749829657f00ec8f6260abc4dcacdc519505e387c,88105a915f2e10ee3aa6625c3f4d9eb183bb980438554f68acd08ec86759e260,1ca3824bc1e3e1c844b2330aac2cd5464c5a3573cbc8f7613ff56df4af3425b6,81a917da187a103a1e76d79ce86f672347d01110cd50c4a93a241302237671ac,fe3fa182dd20fda64c9cc9b04980e7c311d737dccaab8ad8e78d7ac07ab040dd
20260808,36,37,37,"[5909,7198,7263,7768,11952,12423,12950,14174,14697,17701,18053,24201]",12,0.5842002455,4.375384553,0.1335197486,d9509a6c92b809daaf925248cea01bcb5a09a6afee94ee67ad7ed70148bc484f,555b4699477022f88b8bf54a1981b7b6bc80238877ef3901560f8a8d0c343566,47ff186dd212d77f68d750b71767a750fdc2ff8549003d6aed8c76066cce0bd9,c7810e5ff4e4fe4cbc7da5d7bb6d905886647a9725b71dc1ec2394630358a758,81a917da187a103a1e76d79ce86f672347d01110cd50c4a93a241302237671ac,fe3fa182dd20fda64c9cc9b04980e7c311d737dccaab8ad8e78d7ac07ab040dd
20260808,37,38,38,"[875,1312,2040,5336,5437,11744,12289,13344,13390,16664,18649,23139]",12,0.5244717471,4.375384553,0.1198687203,0d4a00d551aba9d0735667647ebc586dfcc213ae6f2a91985511fcee66e0cbd2,b34c25016d0602c9ee67ae48c87f337b449b72e047fe82c0a6a6104c1810f074,ffd913dea8843442b30a79c0441bf365f660f084daea523ab48951437c566c90,a7e30eb1caf813aa57a23a11eef0fff1f8f9cbd2e8fd4295255a0b3549228282,81a917da187a103a1e76d79ce86f672347d01110cd50c4a93a241302237671ac,fe3fa182dd20fda64c9cc9b04980e7c311d737dccaab8ad8e78d7ac07ab040dd
20260808,38,39,39,"[784,5115,14127,14777,14995,15707,17954,18649,22401,22448,22900,23139]",12,2.603242464,4.375384553,0.5949745519,8af34cea0cc21d983424440c1c9285b23ab79766eb8387eabbe70f0c56e09d6d,73d66f776da8784067b28bf2998739a1addb9c7f92f0b802cdf32def501beded,b7c734085b7b0bf8162826b0545d1afde43a70b0319a39cf212e2e7c229d2e6a,b68de62d70372fb9bd29188c21612316367c0af21fb31542323901fa0ab92e05,81a917da187a103a1e76d79ce86f672347d01110cd50c4a93a241302237671ac,fe3fa182dd20fda64c9cc9b04980e7c311d737dccaab8ad8e78d7ac07ab040dd
20260808,39,40,40,"[1312,1400,6815,7198,7698,10043,11067,13558,15257,15336,17701,18821]",12,0.3104029147,4.375384553,0.0709430019,df297c758fc20edc8d39d1d54dc68fab893f99fd70d1051c3d30f4514e7582d4,8b4d82d9af5acb00c8c718c6f1aae337912b1233ec044039b1880ffdd6aca2bb,a0c894f7863d93b17e2f1447973d55d8ec488227d35ea24d534ecc555ef0bdc7,68643fa1cab006d5dd33ca23659c18f291311398a29a3c11bc9e7d08cdac8dd2,81a917da187a103a1e76d79ce86f672347d01110cd50c4a93a241302237671ac,fe3fa182dd20fda64c9cc9b04980e7c311d737dccaab8ad8e78d7ac07ab040dd
20260808,40,41,41,"[581,5336,6863,8271,8605,11067,13798,16837,18829,21354,21966,24297]",12,0.4532753309,4.375384553,0.103596684,3ad91868c231b254190df3b53aabdff9b6f344562353815bf013b3c0a470687e,09f230cdaec8e21900e9ec0bf9924d7c8267f98ab5098eb489a36b07d94746e1,338022cff26b1628363dfc7c4e76ba6da0b1de9d6d7869c68181c889a5c82681,69ab4a8bd8f3b2fd90e78d640798a0c63e4ca277c5cf3239be6d443d1223112a,81a917da187a103a1e76d79ce86f672347d01110cd50c4a93a241302237671ac,fe3fa182dd20fda64c9cc9b04980e7c311d737dccaab8ad8e78d7ac07ab040dd
20260808,41,42,42,"[5336,6192,8371,9113,11952,14127,14260,14784,17119,18649,21234,21354]",12,1.461151298,4.375384553,0.3339480862,1b9d722b2e7277a66a03eef0963401f44b7d44ac0ee78c0c7d18dd76c8e77f82,6dd6d2dde95e741d381ce320d5b70076ee91740b17becbc44a1965a3f809eb0f,3b86b4602bc861dc0118cb32e4f759843d0260e3c3dd0f7993549468b30f62e0,2996d64b859e62033ba9a0447fa09a48d61039bdce43b35edd1d14994ff68d0a,81a917da187a103a1e76d79ce86f672347d01110cd50c4a93a241302237671ac,fe3fa182dd20fda64c9cc9b04980e7c311d737dccaab8ad8e78d7ac07ab040dd
20260808,42,43,43,"[1638,2087,5115,5336,7796,12423,14260,16664,19192,19959,22900,23164]",12,1.048854903,4.375384553,0.2397171928,a05bc9f1ab7d784f160773a1809d1e2b476fc27d32065251e8d4f123e9b9a0f6,8dd58641ce79b1c62da3b11e0ae3878df3ab9656e83944decaccd0c4641b8fdb,197f2c86e8c8ffa915f634e96437be50af7a401cd9ab093193a94efbeb0ffe7e,e269b452879835acb393270d2f76cc4998474587885f64dc34092d49f0e1019e,81a917da187a103a1e76d79ce86f672347d01110cd50c4a93a241302237671ac,fe3fa182dd20fda64c9cc9b04980e7c311d737dccaab8ad8e78d7ac07ab040dd
20260808,43,44,44,"[2073,2087,4295,6492,17373,17701,18716,18913,19014,21234,21966,22625]",12,0.4733245929,4.375384553,0.1081789697,5982fcd4f8fffa24fd8634354bec97c66c723428216792aacdb0db8fe163f297,f65c849138800b87eeea7731fb63d4b7cd4ae28172978e7a0bda4ef62c83f3dc,7aecc0449c1438b5129158da0c12731397b4196903c5bf7744e411bd1c61e43e,5b3a4fdeca8ab7e4368ebfc4829627e888cd8b60afae439fce8305bbe139f8ff,81a917da187a103a1e76d79ce86f672347d01110cd50c4a93a241302237671ac,fe3fa182dd20fda64c9cc9b04980e7c311d737dccaab8ad8e78d7ac07ab040dd
20260808,44,45,45,"[7198,11067,13344,13888,14260,14784,14995,15257,20311,22448,22900,24297]",12,0.5767824761,4.375384553,0.1318244075,187e073cf48414b8319f374e778ee168995b2bde354ed793a7e27fd0657d8020,f81e74e18a7ff5b9a873baa86465123b326caf9709995e0ba82143632f994d68,ab03b75259a010626647dd734a8bf056f3bbfd53cf026ac94d4207b6b720feed,7085b4001ba414d314f1613a0f9439f78085e65e597ae33b3fe80e364f58de6c,81a917da187a103a1e76d79ce86f672347d01110cd50c4a93a241302237671ac,fe3fa182dd20fda64c9cc9b04980e7c311d737dccaab8ad8e78d7ac07ab040dd
20260808,45,46,46,"[5926,6589,6611,7768,11744,14388,18649,20976,21234,22625,23245,23784]",12,0.7523170853,4.375384553,0.1719430775,dffe157e88252f9d4bbe50727de19865f8da34b396f097bccc012921716a3062,a5761f9877dfb97004d17e9d483a05f062b3b29ec0f488b07e29954aa752765c,7b938a0126011bd4de367d96bd8e788b0b887992022f661886348db1af8ecb6f,e6ab7b7f09ef4ad3fbbacdc17fc7ed87a151d34317eb8ef18fd6f0bd0b040d4d,81a917da187a103a1e76d79ce86f672347d01110cd50c4a93a241302237671ac,fe3fa182dd20fda64c9cc9b04980e7c311d737dccaab8ad8e78d7ac07ab040dd
20260808,46,47,47,"[1400,7198,10509,14388,14777,14784,17701,18475,19014,21498,23608,23688]",12,0.4232787895,4.375384553,0.09674093428,5989132686effecca355be7a5b924494aafbae8cb50505a11344036cc6291887,8100de59277c781f9866102dbaf67738e888c599f8d33c83567d9fef8c82f15a,cd28dbf8fde02dfab0ac86aede3d8ad2bca95fce90017cd989c296c474ed1daa,e49100500a64687b1c8cee4c8f72ccce5eb163bce625d8b383244f880957891c,81a917da187a103a1e76d79ce86f672347d01110cd50c4a93a241302237671ac,fe3fa182dd20fda64c9cc9b04980e7c311d737dccaab8ad8e78d7ac07ab040dd
20260808,47,48,48,"[3019,4083,5926,6589,10043,12325,13344,13798,18913,19192,21275,21354]",12,0.5880711826,4.375384553,0.1344044564,43662db479bb899cc773650b00e5a48236bd8211dd042ce98312e4e64aef7e94,d4fd135163c81e7b7bf133fdda0618f9643b2e651b5f32f6566eb3e319ceadfa,75d39f7888b1db987808db4780d0403789beb6ff73be2bbda91aaec4718aec38,daa553e9de1afa1400743176761d6066ced4f132bd032d74e772081ff7c712d0,81a917da187a103a1e76d79ce86f672347d01110cd50c4a93a241302237671ac,fe3fa182dd20fda64c9cc9b04980e7c311d737dccaab8ad8e78d7ac07ab040dd
20260808,48,49,49,"[3019,5909,8271,11131,11744,15018,15707,16628,20311,21354,22625,22929]",12,0.962713027,4.375384553,0.2200293518,2c7992351b4e5d753d7207655a3df8b5d5457616ec18bb5a72c8d6a9c5908988,8a4e24fd624543fd62972404375d541dddb5691c7a2bda1fd83595ce1203706c,0a0db12bea6ddf3810ea11d34f980bc7c15ed2afb0d961b6dce86086497fa18b,8a17e1f99e8d6d42a94535bf1832b5f951a7a0703b6c696b17ecafe4b452e381,81a917da187a103a1e76d79ce86f672347d01110cd50c4a93a241302237671ac,fe3fa182dd20fda64c9cc9b04980e7c311d737dccaab8ad8e78d7ac07ab040dd
20260808,49,50,50,"[4295,5115,8028,8271,13225,13798,14697,17373,18649,18716,21966,23139]",12,0.4887110249,4.375384553,0.1116955593,2a8f8cb903d1f42889a7aaf139eb52350cf053ad35f1b7070661f9b49c28273c,919bde7f3591c0ef8a605030cbebe793a695c19d8be3110d2d8806f547939460,8fc48ab615a4296c1a125da91b1799f72cabeb1cd0445c711ddddd05d3e28762,b72f88ef84de859e64673e7a21abf9a5d2ab3ada807d34bd119e9eedc4ee13fe,81a917da187a103a1e76d79ce86f672347d01110cd50c4a93a241302237671ac,fe3fa182dd20fda64c9cc9b04980e7c311d737dccaab8ad8e78d7ac07ab040dd
20260808,50,51,51,"[875,1312,3015,6815,8271,10892,11740,11744,14995,18649,20976,22900]",12,0.4627558422,4.375384553,0.1057634675,543d5ec73f4a6bf5b9c75e20b20d68caaf215f140145bdf3199d5e0c5ba1b6b5,a92df9d886a955be0316c9b54b775deb3b18f1851d807427c8968e2acb5c49bc,b387498d8f69a6e7281ecbc543c170d83178b1b52040dfbf0ae87324293b6ed3,1ce55fd74300a4a2ba60959279723ccf45318fb7270a9f3a6be75a6155a73195,81a917da187a103a1e76d79ce86f672347d01110cd50c4a93a241302237671ac,fe3fa182dd20fda64c9cc9b04980e7c311d737dccaab8ad8e78d7ac07ab040dd
20260808,51,52,52,"[2073,3019,4295,6815,9113,10043,11131,13225,13390,13798,17270,20929]",12,0.7536765925,4.375384553,0.1722537947,4076ca7c73d802614d0d0446969ecb0386843551a2ba115c83b9a57e70b7249e,7cef3ff65fc6a3f4cd61d502b2e887cb417e72b494c1f2e531727ccc7f8b7a90,ada309fdb795d1e3c36e3524a37cad54e3c3ba38360eeb5e5dbba2c089535379,16654a075c9e8b9e42d8b1680025b29af33c95988f882f529a2f3458d8339262,81a917da187a103a1e76d79ce86f672347d01110cd50c4a93a241302237671ac,fe3fa182dd20fda64c9cc9b04980e7c311d737dccaab8ad8e78d7ac07ab040dd
20260808,52,53,53,"[4224,5336,8371,8605,13225,13558,16503,18053,18475,18913,19192,23747]",12,0.1654397774,4.375384553,0.03781148271,15ff80b6d7f95f88ea3acad15c87221de4a62e0fe817a0e253d93173a741873d,375da8189cf8db473cb98fe082346141f46069b858b4e73f489691ff233354e9,68376fe2e117a2c2507a4a1e7854c2bdc081e1b12d6fbbf12ea4e1179f184b40,56286f8e7e46be1557b084cf313ed77e776e88913045194434573115712b1df2,81a917da187a103a1e76d79ce86f672347d01110cd50c4a93a241302237671ac,fe3fa182dd20fda64c9cc9b04980e7c311d737dccaab8ad8e78d7ac07ab040dd
20260808,53,54,54,"[581,2907,4295,6611,7198,8271,10509,15096,18053,22929,23139,23784]",12,0.7515394974,4.375384553,0.1717653587,9f91fb34a0bcdaadda06b39bb4f8bca5995020903101b50735556109f49133fa,0c7cf6f391a690dc1ad8fa881a7fc1daf5babd373aca069f86c8ae0fd627efb1,4a702c1c654120004245c8f6999f070becef1ac0501a88379cff41b23b932990,1dd6702eaaaf80f3d846121bc04b6e3070c45309327ad6695c49cedff575f915,81a917da187a103a1e76d79ce86f672347d01110cd50c4a93a241302237671ac,fe3fa182dd20fda64c9cc9b04980e7c311d737dccaab8ad8e78d7ac07ab040dd
20260808,54,55,55,"[784,1638,3015,9113,10892,12423,12741,13225,14388,19192,20929,21354]",12,1.736186651,4.375384553,0.3968077844,87b6e8847c2641e864d81aac5d0fa1d3b3ae788ce36ab353f691161a2f72b3e6,377987cb2d7ca36e821188c17d9490817839123d1979cc3fbaa8d106d801e6e0,071d1bca1ab80bef6704592a9cf7a0e92fee0f935993ddfa270b41b5c348d7f9,63e89de321b0c84b36dc03c33007ea330aaedc6aec07a6c5b6a03f805654ed6b,81a917da187a103a1e76d79ce86f672347d01110cd50c4a93a241302237671ac,fe3fa182dd20fda64c9cc9b04980e7c311d737dccaab8ad8e78d7ac07ab040dd
20260808,55,56,56,"[1213,2907,3019,5115,5437,7768,10471,11744,13390,16503,19192,24297]",12,1.053701952,4.375384553,0.2408249925,c3cdeb51b0d3c8d7f66b707766465b94b94072186eb24eda31bad81ccd6a41c8,5b8693d93b434b2c520a14d93e9610e89180731c973498d145bf5448af8dd609,9a15d014bb449d6976f46e0a2c6c8793f25e4b174dff5b447108bbca3ebbb50a,7f07ba2dcfb2c18eba167b02bc50151ef2dfb701ff21c83cd5dbeb1cf9b9d5ec,81a917da187a103a1e76d79ce86f672347d01110cd50c4a93a241302237671ac,fe3fa182dd20fda64c9cc9b04980e7c311d737dccaab8ad8e78d7ac07ab040dd
20260808,56,57,57,"[3015,8605,13225,13390,15096,15336,16584,18649,19192,19959,22929,23784]",12,1.050465083,4.375384553,0.2400852017,e4aa43179e2adf6fcb2f575372e61cac05eafe7218a7cde5957c678fe6e87040,3da4d40b15e0e967461015b9e2e656153996977a67a069ca763994c327d56607,58f02a8c1ba2946b4456aa53bd8a9b4aabfd8cc0ba7ea04024d6af647c04e73c,44534cf99f2fae492436d6346498a60cbbc2dcae049f9be615e4e6b46ac4fe38,81a917da187a103a1e76d79ce86f672347d01110cd50c4a93a241302237671ac,fe3fa182dd20fda64c9cc9b04980e7c311d737dccaab8ad8e78d7ac07ab040dd
20260808,57,58,58,"[2040,6192,7768,10043,11740,13344,14260,14542,18053,19959,21275,22401]",12,0.8210829528,4.375384553,0.1876596086,ee75d8931b880c7b8116ff52169368cb9a3be0f67f81fe8c2e2658e797d76244,ab09c161e3895f408bd0595e3465d4aaac4a4cd3c3b8e71672ddf2ac7192b9d4,15ec795b9429d1597dd6afc5a772f37a931196f89fba7293ed0e0fbcdd87e6c1,9bba7945e55ff795a185161d3d2afd6ffa96039e861224d80078d4ebf239bce3,81a917da187a103a1e76d79ce86f672347d01110cd50c4a93a241302237671ac,fe3fa182dd20fda64c9cc9b04980e7c311d737dccaab8ad8e78d7ac07ab040dd
20260808,58,59,59,"[1400,1638,2073,10509,13798,14127,14697,15096,18913,21498,23164,23688]",12,0.7951750485,4.375384553,0.1817383224,f702fcb2166dffb40756b1a0502a450c7b6258bde03ebed486eea2cb5eb4570d,2b84772449251d04ba317dd9bd7f709233e6758ecf9e5200d911f4df7a4889fc,66ca9cc4c0e30caeccc64474faf4964e42499bf05b593520a9eee0196eb10d77,d5ce9059a7c978162bfc30b1aba29763793f8859aeef63046802fa6375b2d24b,81a917da187a103a1e76d79ce86f672347d01110cd50c4a93a241302237671ac,fe3fa182dd20fda64c9cc9b04980e7c311d737dccaab8ad8e78d7ac07ab040dd
20260808,59,60,60,"[3015,3019,5115,6192,7263,7698,10892,11131,14127,21498,21966,22625]",12,1.596856275,4.375384553,0.3649636404,38362331c428664680ed566ce72d4068242d85974ad502be996dbf3036990340,9d81e33f51712aadc381618a71ab40205ce09db604678e14ddbc167324a89acd,fbd3be3a46b7dd0c0a7a616d30f1e16eca084abb190b08021e9d5d920c9b88a6,737838ddfce2205dca26f283cb75e4629728e5bed9f91d23fa0070c5aced1419,81a917da187a103a1e76d79ce86f672347d01110cd50c4a93a241302237671ac,fe3fa182dd20fda64c9cc9b04980e7c311d737dccaab8ad8e78d7ac07ab040dd
20260808,60,61,61,"[875,2073,2087,5926,8271,14784,18913,19192,20311,21498,23688,23784]",12,0.7195627737,4.375384553,0.1644570357,58975e25cf27cadfaf15b4580abf8dadf9bfc0c7521931afd014180aea958a83,59accef9379eff6190ed6ac4ecf31a3a1d431fa80df61ce4104eaac08ef3d686,07252d466bf301d1c0f07de9328972f57ab9179466faa1cc2491fd6025b47ed3,86fc60372a27953720dd30785f8fb36f61433a9071b3bfa544a4345347b2928b,81a917da187a103a1e76d79ce86f672347d01110cd50c4a93a241302237671ac,fe3fa182dd20fda64c9cc9b04980e7c311d737dccaab8ad8e78d7ac07ab040dd
20260808,61,62,62,"[2073,6611,7768,8028,12423,13390,16628,17119,19014,20976,22448,23245]",12,0.610289758,4.375384553,0.1394825416,58fda4066bd1e4f5bc53c3056652755ce4f1e4190201688a1ad6a03e7eccae41,30f013152159d16a1dfdafccdd0510cb516bdb2ee8472b76cf090d5f4df803cb,2eac2235eb882b5b287adc913d4867746b42098669677bc8677120947606d359,e1f06e1e522e08242501a006aae6c989e942a275dbf1bf4c2bc9a51a384aa6da,81a917da187a103a1e76d79ce86f672347d01110cd50c4a93a241302237671ac,fe3fa182dd20fda64c9cc9b04980e7c311d737dccaab8ad8e78d7ac07ab040dd
20260808,62,63,63,"[2073,7698,8028,11067,14535,14995,15257,15707,16628,19014,21966,23784]",12,0.6515986824,4.375384553,0.1489237516,fc7d09b41d5af4fbfc690d66537df8f057a5b5e27c7d907ede990731336cd97c,af6efc3d846c07951c541968559cace6367b172bfbd47f420eb236f8db6ff511,e7cc1096c13c3250b4f5a1a5c5d41c6379ba50ab9d1763ac7d0302dce9c7fb1a,fa201127b99ece675a1131225ab04ae70a696ac48fd7838ceb045dabb3aa9154,81a917da187a103a1e76d79ce86f672347d01110cd50c4a93a241302237671ac,fe3fa182dd20fda64c9cc9b04980e7c311d737dccaab8ad8e78d7ac07ab040dd
20260808,63,64,64,"[1400,5437,6492,8055,9626,12423,14542,16664,20976,23139,23608,24297]",12,0.6057447004,4.375384553,0.1384437626,1d3d4c13a8ad64b38da35d942c822294a03da2088614ffa4b6ef66e6203386fc,f91d1ec5bbede52dfcd641bf57a13604c99a7b2bafd27cc876b7f06311b64799,0a8de0856432c4b135df9582f87d7b7b65f0d9788b7ba962c4d3c9d6123387f1,b8817c73556465158d35876d87df77f1798cb325b7bd66a64273034b055771fe,81a917da187a103a1e76d79ce86f672347d01110cd50c4a93a241302237671ac,fe3fa182dd20fda64c9cc9b04980e7c311d737dccaab8ad8e78d7ac07ab040dd
20260808,64,65,65,"[7198,8055,10471,12423,13344,13390,14777,15018,15707,16503,16628,19959]",12,0.9767461236,4.375384553,0.2232366348,15c64e2ab87047a0343fa2ed7d274ee98d60acc6b03aff794f9d8191f4e4ac9a,7fca5f02893efe5d3c8a9f9530d3c69741a3a112df49dd305a21184cc47a9e8d,4bc7fac6a3e356f3b9f5deb4328df4ffc549803c5999e9fb7d096250d44c3b0f,b828f340244a825168ab6aa5da15760b42b4d714c24bcf83a387a0c80f20645d,81a917da187a103a1e76d79ce86f672347d01110cd50c4a93a241302237671ac,fe3fa182dd20fda64c9cc9b04980e7c311d737dccaab8ad8e78d7ac07ab040dd
20260808,65,66,66,"[4841,6492,7198,8028,11131,11740,12289,14995,15096,16628,23608,24201]",12,0.3605124537,4.375384553,0.08239560416,5a63fd029c8934a0b6289b0f9ad2a69fae4e477881570ccf388886808319223c,371c95d7ccecfe365249da5e03d0787f51de55862274d0253152181947250190,a8aa251ad387f74e870b67a8bcf13e9436be682a01499b32ad5a426604ece7ef,4ce84268eaa2a3d4616157778d5ceb5f52edf99a91142898a178ceadfde317bc,81a917da187a103a1e76d79ce86f672347d01110cd50c4a93a241302237671ac,fe3fa182dd20fda64c9cc9b04980e7c311d737dccaab8ad8e78d7ac07ab040dd
20260808,66,67,67,"[1213,2619,2907,5336,7698,7796,10043,15257,16637,18649,22448,23784]",12,0.4691445827,4.375384553,0.1072236228,0c26f545d890782ec76ee839cf8ecdd09e550a29ab50cb1f0f082a8e7412b4b7,e635f8778161186eabf847c57344b9ea80f28b25470a3363464f6ca5eb51c530,4a13b10c58da9f8aadb549e6f5522148ff623cef43688bb76d684f2549b283c2,a788afa89cb8258505994a4be62ed9369c3c022a64ddc872d6ac220f0d11e8e3,81a917da187a103a1e76d79ce86f672347d01110cd50c4a93a241302237671ac,fe3fa182dd20fda64c9cc9b04980e7c311d737dccaab8ad8e78d7ac07ab040dd
20260808,67,68,68,"[784,7198,8271,11131,11952,12950,13558,15096,19959,22929,23139,23704]",12,2.237663937,4.375384553,0.5114210898,1c9a3253f88908be94804ffeec79b3e446efe37808bfa21a09afe0dcfad96e1c,d066e56c19e8c79356eae6575b7c3e869c7082a2df1e62a4275d2281af43bb23,e3105a891792c8d97e8cb86821ddc87983598d1ee31f4af99262b7170111854c,dae2e88ce8882f5b2f707ca4345b829f7fa8d544a5053d9b691aa256e5449a9a,81a917da187a103a1e76d79ce86f672347d01110cd50c4a93a241302237671ac,fe3fa182dd20fda64c9cc9b04980e7c311d737dccaab8ad8e78d7ac07ab040dd
20260808,68,69,69,"[821,4224,4295,6192,6815,10471,10892,11067,14542,16503,19192,23688]",12,0.1433445835,4.375384553,0.03276159656,7e3f5fead57d71431831f9f258a8d5c26274d41c60bd5354eebde940fc5b1da3,cb45c5737b70119e780a10d7d1491e6c213b0b8533ec813ada23bad00b59dbf2,29f9ce35c19cfba6d57a671013ff061c4cb3ccb2c9af212d8e775f6d27883e30,94cc7fe9b9e98e2d6cafc70a71aa2b90db3fb35f3dbfb14718f208596db4b8e9,81a917da187a103a1e76d79ce86f672347d01110cd50c4a93a241302237671ac,fe3fa182dd20fda64c9cc9b04980e7c311d737dccaab8ad8e78d7ac07ab040dd
20260808,69,70,70,"[1638,4083,4224,9113,10471,16503,16628,17701,19192,22448,22929,24297]",12,0.3852077182,4.375384553,0.08803973994,724dc342e8b192fb25fd249d8b11360c6cee080e411fda5c9b1d8d33662e104e,29d4e0eac715193816a9ae4ab26ad019b7782a4a4b3738d0b60480820c5e2730,480802d3cedb04d3738aca63ebcf0df53e18786977b223753e89f2240ebe0d54,b8ea6d23d296a89d7c5e1d57ae8f55a4e262f745c4fd965ab673851fd87b13fe,81a917da187a103a1e76d79ce86f672347d01110cd50c4a93a241302237671ac,fe3fa182dd20fda64c9cc9b04980e7c311d737dccaab8ad8e78d7ac07ab040dd
20260808,70,71,71,"[875,2040,7698,11952,12325,13558,14784,16584,17119,17701,22401,23704]",12,0.5295006053,4.375384553,0.1210180725,b10178e4f4186e2a37812f61ee3df24228b4653eed40bcb21e50e7e0e62cf03d,0fc6c59dde48daefd64a51d88558530902e3cb89bacaa958542d3057f894c52d,27b8c94146b87ae5cace21425fd94410a711733e2aae8b2ace15a87e21123364,346d47e87026ac83c0712c63318753d3ee0590c4586edef23c2c4febd0af3ee3,81a917da187a103a1e76d79ce86f672347d01110cd50c4a93a241302237671ac,fe3fa182dd20fda64c9cc9b04980e7c311d737dccaab8ad8e78d7ac07ab040dd
20260808,71,72,72,"[2040,8617,10509,12289,14535,14784,15257,17954,18475,19959,24201,24297]",12,1.079927435,4.375384553,0.2468188617,ae06061df9e271f82d6b09df316d8b553ee628cdf3b76570f4d80f4f3c9dd26f,77084d5e5849c99b97e79f9e9147d91683835a701813254ed127f7fad3552b7e,b5d89d1723f397ba37e8c2104b2896486d90e8f5be0acb9a2f1c4a6c919f4ccc,e89326c63d86bc777e9345e11d131284817e0b17bc7ef6214ac63ec82f363460,81a917da187a103a1e76d79ce86f672347d01110cd50c4a93a241302237671ac,fe3fa182dd20fda64c9cc9b04980e7c311d737dccaab8ad8e78d7ac07ab040dd
20260808,72,73,73,"[2073,3015,4295,10471,11744,12022,14260,15096,19959,21354,22625,23164]",12,0.6082260593,4.375384553,0.1390108805,41e7226610638cf97b1b4fd4ad8f889ab6a923c18166d763e4cbec47b98d3a38,e2c1faebacd0f9ab14b71b2f91d17a26b0169216bd783bd719ededc86ccd5bce,a86f3a079b183f7ce7c28d15a9d51081c94407eb9632f307e90ff44a7a24316e,1103640599f63011c52d1e31c4b1ada4bd0f3d442a0540349940d3dc7f12ad4f,81a917da187a103a1e76d79ce86f672347d01110cd50c4a93a241302237671ac,fe3fa182dd20fda64c9cc9b04980e7c311d737dccaab8ad8e78d7ac07ab040dd
20260808,73,74,74,"[1638,4083,4841,6589,6611,11740,13888,14174,20929,22448,23164,23784]",12,0.7558775425,4.375384553,0.1727568248,fc4fcab0264bafbd784d02d95f1bc3e0e157c4856226f817710993217d08b4c3,1093c1d91dd5bba54f80f4f22044136424713ed89debfa6b8d98827f970c8dfe,24ef71d63aca679860deec967c453a9cd3518410217975f31a885088c8f4fc57,fe814e89a3101e0fb2248a7246324569b48e7488fff5f5b4a8ec022e896b748b,81a917da187a103a1e76d79ce86f672347d01110cd50c4a93a241302237671ac,fe3fa182dd20fda64c9cc9b04980e7c311d737dccaab8ad8e78d7ac07ab040dd
20260808,74,75,75,"[581,5437,7263,10043,14260,14388,15707,16503,18913,19192,22900,23747]",12,0.6992651637,4.375384553,0.1598179898,fbcd5e43719e5f9851e56aedfd630a738747fff1cc8002e876603d497160dadb,e46d7a1c4c212cb81df672dfa88e3ba1485c5781e8c25435ebe38eae230ed7da,77972439dc88cfea9008bb8c56cdaf439238474f709b77d6f7d6a59707ae7442,cd5cda621c067f10ba4d88218a732812c8d9dedff1187c93e16890bb3aaf4ec8,81a917da187a103a1e76d79ce86f672347d01110cd50c4a93a241302237671ac,fe3fa182dd20fda64c9cc9b04980e7c311d737dccaab8ad8e78d7ac07ab040dd
20260808,75,76,76,"[784,1064,1400,2040,4841,11952,12950,13888,17270,17701,23164,23784]",12,2.034676498,4.375384553,0.4650280388,c6d1e54a23e6c5c8ecc83498f17cea2620aaeef35d426723fc4fb6be38bab14a,b2ee98f9f1b3be3531cc7f42be2afbea9e83fe43cae25d8a3661dc37bea49577,7edd310f7bdfdc18c792f0537f88d8f865b37203b817fa1b5df49278f713dcac,cb16d01e6ff63f6bce015fd48e75dc0b9ff875976441a487688e3fc9b3550949,81a917da187a103a1e76d79ce86f672347d01110cd50c4a93a241302237671ac,fe3fa182dd20fda64c9cc9b04980e7c311d737dccaab8ad8e78d7ac07ab040dd
20260808,76,77,77,"[581,2040,2073,5336,11952,12423,13558,13798,18716,19192,19959,21354]",12,0.5889189816,4.375384553,0.134598222,762d53d6d449897485ff6bcf752d6e6c762209f4be370cd330f340906e0329bf,2db5ed2b53430d1b31746024076fc37555f287580795ab160443c1610ade4323,b37fb7ee340802b64bbb54a1ba8ac98ccf044381814428d049ba0558f6fba5fb,72f33975a0beb4c6cc414c19c1467c5dc029af1b14f23ab28576d9ecdf746f1e,81a917da187a103a1e76d79ce86f672347d01110cd50c4a93a241302237671ac,fe3fa182dd20fda64c9cc9b04980e7c311d737dccaab8ad8e78d7ac07ab040dd
20260808,77,78,78,"[5336,7768,11744,13344,14260,14995,16628,16637,18053,18716,21234,23608]",12,0.2432314873,4.375384553,0.0555908822,88398bbae8e8ebd3415e18fec10120e700727792e564e7d0c37248d5f6de181c,62cf6e756798b140214183e1e2fd0d76ccc79e7dac949dd8ad628f3721430123,efaff1b7892981c9cd7c92615653dc97a4a5c2cad6d145e49db856774cbd3fa7,fc5dda742154adc1db6fe13dbf2f668be004e63e9e7ff7bb8354d7f88a5d8cce,81a917da187a103a1e76d79ce86f672347d01110cd50c4a93a241302237671ac,fe3fa182dd20fda64c9cc9b04980e7c311d737dccaab8ad8e78d7ac07ab040dd
20260808,78,79,79,"[1400,1638,2040,3015,4295,11744,14542,15336,15707,17119,20976,23245]",12,0.5101587343,4.375384553,0.116597462,d1f477428bfc59bac1da732cf455e93744bd92bddd1c5a67eb99e22a2031c96a,8efa75439a7fd1c96913081e8847739380f38fb37396990e2b287628f69867b1,d5faee64c8330c154e20d3e5aee844658adae3c6bb1db1501a8c18ba59421329,030f5bb7df15880d7e058263aa5c82143159cb6c5a6ca1e81a77c188450db95e,81a917da187a103a1e76d79ce86f672347d01110cd50c4a93a241302237671ac,fe3fa182dd20fda64c9cc9b04980e7c311d737dccaab8ad8e78d7ac07ab040dd
20260808,79,80,80,"[1496,4083,5437,6589,8617,11067,11952,13225,13888,15096,19014,24297]",12,0.4562949514,4.375384553,0.1042868223,565939a3d257d92db14ff970e4fbd3f5fec1a8a1029fb74a25f40635d6d02394,da947afd4b10d685bb5ba0152c4fbf196c7680505295073c37087cab81d88954,5a09fc20136b0b93442893640529ae78f96635cdc859126e30cc969e3e99a197,96373e632a24c347284612e8d9fecefbf85bfe2953be0699777f968ded98b8cc,81a917da187a103a1e76d79ce86f672347d01110cd50c4a93a241302237671ac,fe3fa182dd20fda64c9cc9b04980e7c311d737dccaab8ad8e78d7ac07ab040dd
20260808,80,81,81,"[1400,1638,7698,14127,15018,15336,16664,18821,20929,21275,22625,23688]",12,1.217970139,4.375384553,0.2783687066,41eadbf06d0575033599bb3dff4ee51442f6e5ca0ee9419259c2633051ceea04,1efdf0b2ccfa2399d4c86af3be1c1bfa53e56f2fe72983f5c2c36ca8928ea71b,cd1e4dbfa54537d861fe6cb1cef6a3e15e455039e84e4d2addc99352a2176e28,1510ba9fba8ff7d598e2cb40f341be0d02c7a6a6c11716b069c9bfa28dd2e6e1,81a917da187a103a1e76d79ce86f672347d01110cd50c4a93a241302237671ac,fe3fa182dd20fda64c9cc9b04980e7c311d737dccaab8ad8e78d7ac07ab040dd
20260808,81,82,82,"[1496,2073,2619,7698,7768,8371,10471,13390,15257,16628,17373,19014]",12,0.2080277761,4.375384553,0.04754502685,9812d4d8bba29d0420d9dceff478aa59de6391b130a276ea2fde5e5d6cc78d93,8b9c3ce4cf4bb6aee08a5287222038ad4b39572c35449658aebb35fa1a940767,dcdea61ac0b75870b153387b52208e51c2d8613db60aa149139537c289084dff,8a50a9a51979978256c9f4a5d45ae752a80abb689ac8e933fca10d59deb56f3a,81a917da187a103a1e76d79ce86f672347d01110cd50c4a93a241302237671ac,fe3fa182dd20fda64c9cc9b04980e7c311d737dccaab8ad8e78d7ac07ab040dd
20260808,82,83,83,"[821,875,2073,4224,12741,14174,17954,18053,18716,18829,19959,20929]",12,1.062907826,4.375384553,0.2429290073,7a35d4c1b75207c5880cfa4a16c17fa2fcbcb72c2d579ea176104c76d8169753,7d0cbaa0ed72255399161135755b93abe637f62f1b9de94ee1db94995beb025c,9cf520d0ebda037baeb25571704f66173c163971ecbe25457c14717c30ca4a6a,f24c63383c8673abb2b550c4b33604a5ba42e208150d65e4e4349a7e2eda65e2,81a917da187a103a1e76d79ce86f672347d01110cd50c4a93a241302237671ac,fe3fa182dd20fda64c9cc9b04980e7c311d737dccaab8ad8e78d7ac07ab040dd
20260808,83,84,84,"[875,1064,2907,6611,7263,8605,9626,10428,14127,14777,16664,23747]",12,1.682254725,4.375384553,0.3844815705,0e109bd4363b969a1e80fb5d0f902bf51fb4887f81d55692928149a089e73b07,cdb9805fbc7748783db57c6c43182825239902bf040c70992f07c59ffe280cc4,d27f7d3013e029476784bbd99699d1a1557939fdfce718b3c91528702a2b40f7,59d74c61db7c5ce82dd289ecbffe15713f6d32b7ce767815536b76b7f1514901,81a917da187a103a1e76d79ce86f672347d01110cd50c4a93a241302237671ac,fe3fa182dd20fda64c9cc9b04980e7c311d737dccaab8ad8e78d7ac07ab040dd
20260808,84,85,85,"[875,2619,5437,6589,7198,11131,11952,14535,16503,20311,22448,24201]",12,0.2812501669,4.375384553,0.06428010235,4941a8bdbda059a8a7e5aa616555f5ce6a25a9d83c3df65019913267e6f3db89,7033f2116c98ea5da25b04ad93906bba38652c694888addff3546254e6f29901,fba293c4419fe7d04811a0eea7416cb58af6a088f10e9102d94aee3d4b351a42,0bd47e4990af317d18a4d07429b7d06b6505fbd33e91e000c4214737b4afc9a2,81a917da187a103a1e76d79ce86f672347d01110cd50c4a93a241302237671ac,fe3fa182dd20fda64c9cc9b04980e7c311d737dccaab8ad8e78d7ac07ab040dd
20260808,85,86,86,"[3015,5926,6492,7698,8271,10509,11952,12289,13558,14784,17270,18821]",12,0.4467411804,4.375384553,0.1021032951,8c1b3709e25d70a46579be66215ad941a8ee4900d7d811f4c539dd6d676139ae,66e88ca08a5196d8f52949ace7104a65f9ffec0c7f8efe9fd3aac163de08ef5c,85c90103c545d5addbcda380454d64a55bff53423f84ea09b6e9487fbe251d64,80ead10e1c2c3c7087baece9fa59b4f45c6ba1198b30c14ffd72d7513a30d623,81a917da187a103a1e76d79ce86f672347d01110cd50c4a93a241302237671ac,fe3fa182dd20fda64c9cc9b04980e7c311d737dccaab8ad8e78d7ac07ab040dd
20260808,86,87,87,"[581,2087,7698,10892,11740,15018,16628,19192,21354,22401,22625,23747]",12,0.4004675849,4.375384553,0.09152740292,3fee311ee1f100fcefba6248947ff0200eb948043a02a55e46fb2054a10abaff,29776b8488122eaa1c2f2c3e4e8d035251b0c609af477a0e375907aeb3ba2319,012c6bd2557fb41573af71bf98ddc2359301d1d236dbd2fb52a8c75589bc6000,4a04ef4462631bede616129567166420a05e1e6514612934c4048e9f55913a62,81a917da187a103a1e76d79ce86f672347d01110cd50c4a93a241302237671ac,fe3fa182dd20fda64c9cc9b04980e7c311d737dccaab8ad8e78d7ac07ab040dd
20260808,87,88,88,"[8371,9113,10509,11744,13225,14542,14697,16837,17119,18649,20311,21275]",12,0.1986354399,4.375384553,0.04539839583,5af0f9d9032fe9a59b83255bf9e3f134a32303cbf07093232702096b117e0d81,2140b952bb1b1b172cb20af59dbd5ecbf55978922d804fb282a16835befec9ee,4e4edac6807edd6fe71aa79eebdc554eb31760759456151d6c67b3231542cb6a,22611d030f2755a0003f22e36000c8840e18cdd5d346150e6a6bdadd2563b4e1,81a917da187a103a1e76d79ce86f672347d01110cd50c4a93a241302237671ac,fe3fa182dd20fda64c9cc9b04980e7c311d737dccaab8ad8e78d7ac07ab040dd
20260808,88,89,89,"[2073,3015,6192,6589,7698,10043,10892,13558,14127,15707,22929,23688]",12,1.243168704,4.375384553,0.2841278723,2320563fc1ad83506f0a3c50a0a5147ef24e01d7446b88904d4567d50e13575e,9cbfaf6548188586e0a9347579dcdbef484d46ecb0b99c033d5439587fd89d0e,cb6f2a9e599f6a84e2c82bb856a632c506af912dba63ef9072f0008e72e02c18,e6412a37a3b33bbdda731e5d04b7f72f25137096a331452d09c7de798a74e102,81a917da187a103a1e76d79ce86f672347d01110cd50c4a93a241302237671ac,fe3fa182dd20fda64c9cc9b04980e7c311d737dccaab8ad8e78d7ac07ab040dd
20260808,89,90,90,"[2087,2619,4083,4224,5926,7263,8371,15336,17954,18053,21234,22401]",12,1.023085621,4.375384553,0.233827589,d2602a6d6f973fec13724e27ecab27d85e78a6b8282416c3e17429c1e6c7b7d2,dc9dd38adda1cb4b0a46b011ccd4230237d2d87f687ae221119ba04da35982eb,e6c5bb08100864498c95a041c85ed7e299101d7e7b56d2a7e2e99915e812fd39,3f0797a74f34d15addc05cd07cf21abf80e1d6547059f648d165d05d8f04893f,81a917da187a103a1e76d79ce86f672347d01110cd50c4a93a241302237671ac,fe3fa182dd20fda64c9cc9b04980e7c311d737dccaab8ad8e78d7ac07ab040dd
20260808,90,91,91,"[2087,3015,4546,5909,6815,11131,12325,13344,17373,18913,19014,24297]",12,0.6288712867,4.375384553,0.1437293749,ebda7005fd0e8040bb31d6813455a550882045c846a704109d88c31f0ce7a116,e7fba787dfea119ef8081a57b20acff073afda7c69c1deaa0be17fe5c02b1493,832f1092976fffce08cd3579bc08849f91181b6669fd4d234fdb0247e2f595f7,c16275ef49d06b5e400471501b198ab2cd6a09c9cc3e793aea8af3d9aadec0be,81a917da187a103a1e76d79ce86f672347d01110cd50c4a93a241302237671ac,fe3fa182dd20fda64c9cc9b04980e7c311d737dccaab8ad8e78d7ac07ab040dd
20260808,91,92,92,"[1213,1312,2040,3019,11131,13390,14388,14542,18821,18829,20929,23704]",12,1.157391138,4.375384553,0.2645232948,b0a804e0665a5730258200d6d815a5a6cdaee98dacf855f5c628e6112c46abdb,80b08397e010a03a26933ce02655a6df17f011f9359666a365fcf64668ac1655,d7b9d8b6d774faa102949b6fbe844536b12abb961bb2790174cbcd1f39740e9b,a76dd25210bb4b2e232b401c0ef09bf8d6008521e59e18bd60e9b9a0fffce036,81a917da187a103a1e76d79ce86f672347d01110cd50c4a93a241302237671ac,fe3fa182dd20fda64c9cc9b04980e7c311d737dccaab8ad8e78d7ac07ab040dd
20260808,92,93,93,"[5115,6192,6815,14127,14784,17119,18475,19192,19959,21677,22900,23784]",12,1.576648375,4.375384553,0.3603450979,bfa7768c3bad777aa47062a3052fc06d9428873f5f70a67afcf08363cd2b70e9,1aee5dce6adc90a72bea04c62320b9ab7e8ac519f83159097bde2337919e88f4,9d2f3925c773fb584f5a6091ae49034562082a7be1b5eda384fc88f8847cd5b8,4d3576dfc18097327cbc1c4afcec8ab76af2a396b48aab8cf707236a774d6238,81a917da187a103a1e76d79ce86f672347d01110cd50c4a93a241302237671ac,fe3fa182dd20fda64c9cc9b04980e7c311d737dccaab8ad8e78d7ac07ab040dd
20260808,93,94,94,"[1064,1312,1400,3015,12022,13798,17954,19014,22900,23164,23784,24201]",12,0.553109746,4.375384553,0.1264139733,140a53836242aa3d282315c34d86413e4effc6e54eb8b806e3772fbd654296a4,8cf01c0951b89d79131291b7052bdc83e6ed6b9cc1fc4d52b2a52b22d5d4b9bd,30d10a2faa0076dc5f04d3c143626ee245435b4929890fd71baa629d5fbbda4e,e905ba6a60637c65020eccecafa4029292cc8277a70e969188073ef45dfaa0eb,81a917da187a103a1e76d79ce86f672347d01110cd50c4a93a241302237671ac,fe3fa182dd20fda64c9cc9b04980e7c311d737dccaab8ad8e78d7ac07ab040dd
20260808,94,95,95,"[2040,2073,7768,8371,14535,14995,18716,18829,21234,23747,24201,24297]",12,0.7318056981,4.375384553,0.1672551725,a29fe1bd440af9f3c7ed67742e91677b57fc1f9b241c8cb727c736c5882ecb0b,26f62113e39b6fa9d6d5b7e8c09ce38237a8ff74718c8cec5685fa5e32e77f04,11ed56eca0af5f20e3bdefdcc8ab2e5fb037404d77e486d2e403d0a2fc62d99c,7675210f6ce5f0b0c2d953015e95c9c6cea21ad1ceba45179b8f798e36888b4d,81a917da187a103a1e76d79ce86f672347d01110cd50c4a93a241302237671ac,fe3fa182dd20fda64c9cc9b04980e7c311d737dccaab8ad8e78d7ac07ab040dd
20260808,95,96,96,"[1638,5115,5437,7263,10509,12741,13888,17373,18053,21498,21677,23245]",12,0.3889107148,4.375384553,0.08888606477,15f4ee204b1dabb2542fda15759f50f8410691bdb7da64d38976cd4ca506d54f,842347680ca88b4aac007d8ddd6758f33369ae081b6461697e4ad2bc725d4179,6ac07ea16f587f116dde986de955042ef949b5c35b4e09d0ff4df9676458eaaa,9c1130dda4630da27bb47780f23ecd442b91e736b7e16e42774e46c72c9953aa,81a917da187a103a1e76d79ce86f672347d01110cd50c4a93a241302237671ac,fe3fa182dd20fda64c9cc9b04980e7c311d737dccaab8ad8e78d7ac07ab040dd
20260808,96,97,97,"[1312,2907,8055,11744,12289,13558,14777,15257,17119,19014,19959,22625]",12,0.9812718121,4.375384553,0.224270987,ea3d5f1c8fc217d7e6abfd8966f30460f64fb943141c74bd78ae52cae0ff851f,82c6e936fca0e6f5b3a9b2658481844fa22b4823b8d40062e4f51884fb8c0fa5,7dc4af663eb105e925945b09ad070c8869560eb9ec54d8022814597004c0ad5c,5e6e36ca163a1314c1134bb6d8faff08cb78f870a0668641a56de972f11d5ab5,81a917da187a103a1e76d79ce86f672347d01110cd50c4a93a241302237671ac,fe3fa182dd20fda64c9cc9b04980e7c311d737dccaab8ad8e78d7ac07ab040dd
20260808,97,98,98,"[6815,8271,8605,11067,12022,15018,16637,17373,18649,18821,21677,23245]",12,0.2827316618,4.375384553,0.06461869999,056dc3f1bfaf34cb5f477ddb84a6a0ba0bdfb8f85e3ed95e0535596339ad2082,9b239c43567f79ee7a178cfc4b49f54c4866e0a748bef9a1a86d1a3a39c74f23,c3f8f63dda6ac2116a28ebb825094c8004cca0d4a34c64beb6f6c593eb14b3f0,9b6d53b92bb0aa621a8f8f256c5cc72a011d80d7a27df44845a86e3dcea747f9,81a917da187a103a1e76d79ce86f672347d01110cd50c4a93a241302237671ac,fe3fa182dd20fda64c9cc9b04980e7c311d737dccaab8ad8e78d7ac07ab040dd
20260808,98,99,99,"[581,2087,9626,10428,12950,16664,17954,18053,20311,23784,24201,24297]",12,1.086583872,4.375384553,0.2483401993,46af6367916bc12bd63457c744ee31828f65e74bfd664706c6152bfc9aa4310d,bb245277bb1ceda69f13c5307102e04d94de262392b69928055aa2da3bc91601,0f77c4a52e27e0a34ac965affa812b1523e143266ff5ab28e1906cbfeb328388,bb07c6abbef318d75a1d6a68705c94ad1a566a44c01e83e16048988236f986c8,81a917da187a103a1e76d79ce86f672347d01110cd50c4a93a241302237671ac,fe3fa182dd20fda64c9cc9b04980e7c311d737dccaab8ad8e78d7ac07ab040dd
20260808,99,100,100,"[1496,2619,5437,6589,6863,8371,11744,13344,13888,18829,20929,23784]",12,0.701789856,4.375384553,0.1603950115,c3430cff93c83f74a0e6582e980f8870be7e548d8ee97c8e0b09cf5ca1bcde6a,2cb469a6bf9b5e1a81558a8505b01d4e2f014bb39cab9f7d9dbe441a1cb205e8,6c204ad96843110b71903ac70d5ddc670596241e7f3bf301cb16fbdc2bebf8f9,ea5204eecdce7220647a5c55ae1c821285733a03e860fcc276a8a7a656cb31eb,81a917da187a103a1e76d79ce86f672347d01110cd50c4a93a241302237671ac,fe3fa182dd20fda64c9cc9b04980e7c311d737dccaab8ad8e78d7ac07ab040dd
20260809,0,1,1,"[821,2907,5437,6666,7698,12022,13558,14127,14388,15707,16503,19959]",12,1.342014036,4.390187761,0.3056848839,d3dac44090f558d118f3a9c40ab1f484d92daadf8a21bcd3a13c84427b84d91e,10d1e0e71f4adf0fd3d4384b102359d0f6a9bedb8745a4ed8f1e59cf69e006d4,996b5888b25b98d7ba3648624e07b75bdbc04aa8a69de386d8e0ec00fa95ac7b,fcb82ddb1e1ceb3e7f9513fbb5f36924fdef6eb419b959cec214cb9aa6c3ba08,81a917da187a103a1e76d79ce86f672347d01110cd50c4a93a241302237671ac,fe3fa182dd20fda64c9cc9b04980e7c311d737dccaab8ad8e78d7ac07ab040dd
20260809,1,2,2,"[875,2087,3015,7768,10428,12289,16503,16637,17286,17373,19959,21908]",12,0.6568383582,4.390187761,0.1496150948,28d0a20e1920ce2285b06c79b70ec2d67afacb8a343d3254d46f5d06195cc352,16a452a2fbcb7832c1fc9cf5e93f1f11b6af534e25ce2894889ad2c5a35a9bc2,6ba823c06e3833e4d10f59e1231bcbd3be557e240499fdb61a991ca5443d0b6c,b895f79a363bd5d356ab450dff3556bd6d4532ed41842f027bee4f613d990f89,81a917da187a103a1e76d79ce86f672347d01110cd50c4a93a241302237671ac,fe3fa182dd20fda64c9cc9b04980e7c311d737dccaab8ad8e78d7ac07ab040dd
20260809,2,3,3,"[386,2040,6863,8617,8906,12325,12937,12950,14697,21234,22271,22401]",12,0.7735530663,4.390187761,0.1762004516,02d7b3f1ef2a12263391813b029c22db80c9c9088485e3d203f5ba738855cad2,81e576a9bb1805e624db5927e6a9a4c33a069d584959b3c3ba5f7ae3b4b05afa,db00b90ddc41009265dd8023a65487bed6be6788232085af7e79c19841b7b54a,7526674cafa8b16bf926ff8ff776fdc07ddcdf17453fe375e9be4682d86e22e9,81a917da187a103a1e76d79ce86f672347d01110cd50c4a93a241302237671ac,fe3fa182dd20fda64c9cc9b04980e7c311d737dccaab8ad8e78d7ac07ab040dd
20260809,3,4,4,"[386,581,1919,8906,11131,12289,12423,16628,18829,19192,22625,22900]",12,0.9203819036,4.390187761,0.2096452256,859fe202dfe906932064f1ff91fe1aa56f25c3532dd72e48a1f61d607064488b,2c670368275e8402de7f6143b627b68a4c37d8da2b3be016059dc775b6dd46c8,69bfaf184da5f2bfcf449dc152d68a308548c95357d779fc58c87022c635df9b,c865e5f105bc01442bc45339e85ba539fc77149f13e1e2fad26dafc606125f8f,81a917da187a103a1e76d79ce86f672347d01110cd50c4a93a241302237671ac,fe3fa182dd20fda64c9cc9b04980e7c311d737dccaab8ad8e78d7ac07ab040dd
20260809,4,5,5,"[2040,4546,6589,8055,8271,9887,10892,15707,16503,16584,16664,18242]",12,0.63315087,4.390187761,0.1442195424,e2c5a21ae7d130794eefa285a4124b068358f5e67f8f8d87c604b48f60638a8c,eaf94f81d18f6144736021d2c4ae59d0f13d345a8265e9f5cc442d3db07f8e39,c0ff4ae571879e05a730b14bf2e2197dfe7ad513de84e1d366c12bd65dbfba89,d2821c532f047a51e2146de1dd13349f654d01ad2aac2d2153ed74d616e86f9d,81a917da187a103a1e76d79ce86f672347d01110cd50c4a93a241302237671ac,fe3fa182dd20fda64c9cc9b04980e7c311d737dccaab8ad8e78d7ac07ab040dd
20260809,5,6,6,"[1064,2087,7693,8055,10043,12325,12568,12741,12950,18749,18829,21234]",12,0.9557645957,4.390187761,0.2177047196,7c0b121e1107fb84ad95ac4a0323ceecd01482b0724783ecbdbc012b95e41e39,303dfb4bb59b2f033337597e7f10ba0540f79b5f3f53effbe2e510ad10bba3b6,5efefe4a8f7e053810da79c8cf8298f63fcb56aca5aa908eacf822cf2bb4f323,db4b15398c2d773e946720b8aea5e4aad57c7d17564119b0c77c71a61889574b,81a917da187a103a1e76d79ce86f672347d01110cd50c4a93a241302237671ac,fe3fa182dd20fda64c9cc9b04980e7c311d737dccaab8ad8e78d7ac07ab040dd
20260809,6,7,7,"[1064,1213,1447,6521,6815,7768,12950,14777,16438,21234,23784,24297]",12,1.000048712,4.390187761,0.2277917863,d9fbf00e75f6ec106debb64e3d67012ea0b43ebfe9addf2cc39737dddb9c0e91,8a1a035baa05e1a1d47dfe4331299581f0a81b90a17234e2da0fa0b5709c29cd,3d536422ff8bfd34f26015186d0cd28b5116cfcb1a2372eb7181c108c8dea9fa,7c9eabebde4fe7fce79f2d69b87a4dbe92929043e15e7ed8a499baa1f1039a8c,81a917da187a103a1e76d79ce86f672347d01110cd50c4a93a241302237671ac,fe3fa182dd20fda64c9cc9b04980e7c311d737dccaab8ad8e78d7ac07ab040dd
20260809,7,8,8,"[581,1213,2040,2907,7768,16246,16628,17119,20311,21966,23139,24201]",12,0.5473549255,4.390187761,0.1246768829,2607cd2cc8de01536d210c05673d12a4bcbfb86202a432eafbce4ad852235129,3d5379d51f1b2a5f3de8a137f049c86244714df551216b9171d4ffed2f7d9147,12d5cfee40cc514cd20d8b2b7f99e72fa644d9569cc0a2c8876cd923f3e17444,c18378a31b3431516e9602896b2b66bbf0a5485582520e2787a6cbb7e5f91ecd,81a917da187a103a1e76d79ce86f672347d01110cd50c4a93a241302237671ac,fe3fa182dd20fda64c9cc9b04980e7c311d737dccaab8ad8e78d7ac07ab040dd
20260809,8,9,9,"[1064,2040,4083,6521,7796,14127,14388,14535,17119,20656,23245,23704]",12,1.436283107,4.390187761,0.3271575579,c415b57eed4ac572d137e39761f8c107b9dd3551b8e5d76c548229f6f25eafb5,fddfc7202e395b60afd1a26e83f3c02c8501630d74b76bd3314699dce14016d9,7db62a9366f9ab8f508b67bff7964a6be93ea14666d300a4564bb3a8e1b1baf4,63fe33171497d0d01e5d1ef860b9ad7beaef997c6af1e3de07c71d0d4d291c7d,81a917da187a103a1e76d79ce86f672347d01110cd50c4a93a241302237671ac,fe3fa182dd20fda64c9cc9b04980e7c311d737dccaab8ad8e78d7ac07ab040dd
20260809,9,10,10,"[2240,6846,7451,8617,8906,14267,16637,18749,20311,21908,23704,24201]",12,0.4076369969,4.390187761,0.09285183666,2383211f25dc29541ec8487b966e5733bb96c4a8e486f9ade22cc2407c616327,617f989e2d8c2a5969638cdf22c85c840020046dce509cfdad74e90cb91ca9cd,f7f1e5df60fb6cf32756144d1696a40923ef527f062f07236ad9f8fb44bddea6,9ee266914696cbd6f2e1ab18dac356b7c7a70bc92adfc5c977acfa8a3c43da5b,81a917da187a103a1e76d79ce86f672347d01110cd50c4a93a241302237671ac,fe3fa182dd20fda64c9cc9b04980e7c311d737dccaab8ad8e78d7ac07ab040dd
20260809,10,11,11,"[821,2240,8617,9669,10428,11067,11131,11908,12568,16438,16628,17119]",12,0.1778306325,4.390187761,0.04050638428,bc82ed9c693bb9fd52eba11684d88216dc4abb4a5be6960e2d40faf261c5f7f4,a6c9093d69395b6f3a267a83fadb443964b001611b529af6e02bd2c67de87624,4f59af32fca0f1d304cadace6a8f6da5a6e1707dafb8e1e7456131f5c5cf108b,8eaed0457d2d286f32cd46da158301c89e41320ade3f8f6b32c4bf51b72896d9,81a917da187a103a1e76d79ce86f672347d01110cd50c4a93a241302237671ac,fe3fa182dd20fda64c9cc9b04980e7c311d737dccaab8ad8e78d7ac07ab040dd
20260809,11,12,12,"[8055,8906,10892,11067,12950,13225,14067,14267,14784,15707,16246,18829]",12,0.4782839394,4.390187761,0.108943846,6e066c94623603079f8b0b3ef37e1c79ef834ebd71284db38589b3c47b78f632,918376a03f6d404d5d1f41ace2d35b37060d2a2932474fd387ce53cc9e221d41,8abb743a7ded6d98a6eb2a4c13d68c7a14f1fdee645938d0cf704519e6c6a053,09bec6f25f63308b754ef54fe9df32abfecd5e3caa17fb9f6a65f7c4fbf091c4,81a917da187a103a1e76d79ce86f672347d01110cd50c4a93a241302237671ac,fe3fa182dd20fda64c9cc9b04980e7c311d737dccaab8ad8e78d7ac07ab040dd
20260809,12,13,13,"[821,1638,12741,14542,14777,16584,17119,17270,18749,21275,22401,23784]",12,1.164731929,4.390187761,0.265303443,4f0a061910e13970c7fa1ef6a5ad59294f07aba4e2f0c3b2648f12b3d90bfb86,2a947b3201db19777ebb77888900784874e197809f5656410cf15bae012a4cd6,fd6d0edbab01969bf75c8d2589a25a280dcba81ec352d0bbcc11a37443b2faef,288f6e4356547bc9bde27fe073fb40f27f7dfd2eba72325fb3c6e34a108916e1,81a917da187a103a1e76d79ce86f672347d01110cd50c4a93a241302237671ac,fe3fa182dd20fda64c9cc9b04980e7c311d737dccaab8ad8e78d7ac07ab040dd
20260809,13,14,14,"[386,6521,7693,12289,13888,16246,17286,18716,20761,21908,21966,24201]",12,0.2628977346,4.390187761,0.05988302755,c3b387e79ab9b7ee142c1ad4078f5713abb82fe34c4f424114eaf25d94c63939,0983b23a49385d63a8b45a484f6a1e5a66b2c5c7e7f3637d216e4aafe07a5ea3,e5e69da293801f7448281c1e8b94ad1bc742ab09c4d71734535d189946620a59,9bd070544fe6f127359da1a08ebe9fd9f9de6746e1ac6b4fa850ac19939f0fb7,81a917da187a103a1e76d79ce86f672347d01110cd50c4a93a241302237671ac,fe3fa182dd20fda64c9cc9b04980e7c311d737dccaab8ad8e78d7ac07ab040dd
20260809,14,15,15,"[386,6521,6666,6815,8055,14267,18829,21498,21966,22271,23245,23608]",12,0.2889162525,4.390187761,0.06580954351,675040408d18a1e34f0787158cbb17d2e6a1ea7d3efac81c49824611ef03eff2,d57120c9718245b171c092ce0e3a993108b86c7bea651f8204f55d3dcb7b3584,070de689e880076dfa479dfcac5fb2d254cb8cdb33511941211d8b57b3124507,8540db1195466b51c113e6d621359036ffda75cd1aae99a086596dd15bb7c738,81a917da187a103a1e76d79ce86f672347d01110cd50c4a93a241302237671ac,fe3fa182dd20fda64c9cc9b04980e7c311d737dccaab8ad8e78d7ac07ab040dd
20260809,15,16,16,"[1638,3019,7198,7796,8028,11131,12568,12647,14174,19016,23139,23704]",12,1.227150801,4.390187761,0.2795212569,d5f6e477c69f2277294fa657eff4cae9e91c432f1953a2aa96086cf638c4c3ab,03a95fc73ac5b3ae2ce0ace5be7e657c5a2e84809d2d807fcea8079f911c14a6,f767a8accd5f1c045af5758094a054e5ed342e09d5b3da7863dbe08a73341543,6eed69b5c2b64511a252f6d65364017461298bfbdd83e4775f789af493e79fc3,81a917da187a103a1e76d79ce86f672347d01110cd50c4a93a241302237671ac,fe3fa182dd20fda64c9cc9b04980e7c311d737dccaab8ad8e78d7ac07ab040dd
20260809,16,17,17,"[2087,4083,7693,8271,10892,12568,12741,15707,17270,22271,23003,23245]",12,0.5791023016,4.390187761,0.1319083222,009d86d2941e3a163634877091ea55db3872aeaf69ac8b4d56c326e724471295,42f1190253179f59022c9e047f5c8e5cb9b834b7e7cf12e2bccbb4068d131086,b15af7bfd9e13d21a89ab1a1a4d5595a23f53b41c2c836867e723ffde5630a57,0a4220083ad49634c1db0af25e4c6a8f192c06e9a375b85e68aee1f443a6fef0,81a917da187a103a1e76d79ce86f672347d01110cd50c4a93a241302237671ac,fe3fa182dd20fda64c9cc9b04980e7c311d737dccaab8ad8e78d7ac07ab040dd
20260809,17,18,18,"[2087,4083,6815,7698,8906,14388,14784,15336,18242,19014,22271,23704]",12,0.5547666009,4.390187761,0.1263651195,58bdb0eb2354d2bc85a68d1aba1d3332e300e56d53c22f0bda69c25a93632472,5f4da4f2f266dc2943a7d55d08b500a9a41963677cd0133608cca3e818917857,4729d0d5dcf26cc6de0d80b2f869425bdc42a2c7906eeb1f47b391c72514613a,d8ca720b7f27a4f555ddeba4551446aa912c55cc7c7fdf92a93828ee42102fd1,81a917da187a103a1e76d79ce86f672347d01110cd50c4a93a241302237671ac,fe3fa182dd20fda64c9cc9b04980e7c311d737dccaab8ad8e78d7ac07ab040dd
20260809,18,19,19,"[1919,6521,8028,10043,11067,12022,12950,16637,18821,19192,22625,24201]",12,0.8919867897,4.390187761,0.203177367,a67b674749f93567fefdca35fb7206022818235bd9d13ccbdc4ecb9acfeb6f5c,66279e453829680bae5b048b8d832c8243e60c9a1eb242d8380924969f83a58d,3e176c9f1265fce954a4ab923758505eb875aa03f8782565bd4af4b40ee23297,cff981c6560c5d073fc562587e501afddbd2b5774cca57f7e92b09edd6595601,81a917da187a103a1e76d79ce86f672347d01110cd50c4a93a241302237671ac,fe3fa182dd20fda64c9cc9b04980e7c311d737dccaab8ad8e78d7ac07ab040dd
20260809,19,20,20,"[5437,7451,10043,10048,11740,12647,18821,18829,19192,20311,23164,24297]",12,0.5259131781,4.390187761,0.1197928669,9057e21fc7fa7d625f5ec7bef6505df84603a0cbeabce047555fbef2f2355f05,753e02ecbe1df50c1cead2e5ea688925e2dfa40fad423952725889abe1d64f4d,ab813aa1640920e92ccc65c0ce8a92e2df3c9d41112c15d1f8134eca2ced80bc,ad5e21f201320374e7a28e5d1677bef5c4e906104259d28a08ca75d008f97b00,81a917da187a103a1e76d79ce86f672347d01110cd50c4a93a241302237671ac,fe3fa182dd20fda64c9cc9b04980e7c311d737dccaab8ad8e78d7ac07ab040dd
20260809,20,21,21,"[1638,2619,6521,12325,12741,12937,14067,14267,16503,19014,21234,24161]",12,0.5690133762,4.390187761,0.1296102598,64fdc179b0968b54ab9b99339293aae153be6d754f214f330b0da8e3e2d83097,6bbbfa860b32c4c615f37a1d5391954347b0db64c16e9b6de949d6bc4e207dbb,e3fbd6e52031d39660bf89c440ce712d33280d171100a68fa221ef3e3ac210d5,b190ac34ca10a3a77f07c25b77e327f78155ea2755dca51c23db389b98580bea,81a917da187a103a1e76d79ce86f672347d01110cd50c4a93a241302237671ac,fe3fa182dd20fda64c9cc9b04980e7c311d737dccaab8ad8e78d7ac07ab040dd
20260809,21,22,22,"[6521,7693,10043,13888,14174,17373,18649,20311,21275,21498,23164,23245]",12,0.2980589708,4.390187761,0.0678920782,892a6473e2dbd78ec4443cd8557996ff9cbfe5d0bd9f93e9145023337a015765,a0026464781d38edbbb7bd698439fbba6350dac809a099b7a3b8a6593f5165cc,9c15ab5c53b93075d32c22d990b4dcb1f8db5100ff156e86d6400959681e6c14,27dfaf0638b90381f3373ce5568fe5143bd7459dbe1ab7cf14e5610d7d343aff,81a917da187a103a1e76d79ce86f672347d01110cd50c4a93a241302237671ac,fe3fa182dd20fda64c9cc9b04980e7c311d737dccaab8ad8e78d7ac07ab040dd
20260809,22,23,23,"[386,5336,5909,7263,7693,7768,8028,8617,11740,18242,19192,24161]",12,0.4817441003,4.390187761,0.1097320038,d1e66fdd8052cfacb588ffca159fa5e6e3b0e3f398f6853ad5b8e269b2445a15,37edbcac6de95a769dd75a98e8df1c3fb744e7e05120d84d737b21f30c8e31eb,dfe7c03bd04449c289a7dff34d7492b27ccf25e4c527bd1835f310c5beb96bbb,9cdbb10007876e413373fcccc818ef3a2cd5ce6899172aeb5af9a4f39e38c569,81a917da187a103a1e76d79ce86f672347d01110cd50c4a93a241302237671ac,fe3fa182dd20fda64c9cc9b04980e7c311d737dccaab8ad8e78d7ac07ab040dd
20260809,23,24,24,"[386,2087,4083,6521,10428,12937,16503,18649,22625,23139,23608,24297]",12,0.7118823353,4.390187761,0.16215305,73aa699fefa2253727228bf0c237875cead92032349fd31f9901d470e4f818a1,760a41978d28a12c987ff621426339f4b5a5e813660991076f76f47f1135f670,d9108a3de4359060621b5a3f33272d950e74185e7eefb9157452586b96d0ef17,952c3857db6aec51f16c2e873cb2ebd3009f774fc73dc775652391c882240fb0,81a917da187a103a1e76d79ce86f672347d01110cd50c4a93a241302237671ac,fe3fa182dd20fda64c9cc9b04980e7c311d737dccaab8ad8e78d7ac07ab040dd
20260809,24,25,25,"[2087,6589,7198,7451,8617,14067,14127,14777,16637,20656,21966,23164]",12,1.292382024,4.390187761,0.29437967,cacaf576810815337cb6aaa80557da94a4c84cebb8041f0e85c97af445ca700f,e379adee89f0edd6e61a5c775d2b3bc8da413411ea1d12d86914868998a1c77c,fdcf4c1ea7997ba81c52a61b64a985a4110d8490ce6a9bba0a682d7f7bff5fc5,692e9ee0d2b37b0a1dac784741d83ddf88aedd5778f2f2c0e88b9668a7cd5aad,81a917da187a103a1e76d79ce86f672347d01110cd50c4a93a241302237671ac,fe3fa182dd20fda64c9cc9b04980e7c311d737dccaab8ad8e78d7ac07ab040dd
20260809,25,26,26,"[821,1064,4083,12937,13558,14697,14784,15336,16246,16637,19192,20761]",12,0.2278699017,4.390187761,0.05190436356,6541df0a9db0ebc6b87e0e1e149185b1ffe29265f8b91b402f3137a6ac0e7b30,cfd51c5c68620ed6540974a048cef961a7de78d0691761d40e9017b59791695c,5bc0cf9118040740edf2205c871e00d4a4e1fba8fc21293220e024c9aa27d91c,a9465570d5a2b25bab7193b531825f14f06130976339910bb6af6b73ed23b0e9,81a917da187a103a1e76d79ce86f672347d01110cd50c4a93a241302237671ac,fe3fa182dd20fda64c9cc9b04980e7c311d737dccaab8ad8e78d7ac07ab040dd
20260809,26,27,27,"[1213,2619,13225,13558,14260,14542,14784,16628,17373,19959,21354,23003]",12,0.6392432912,4.390187761,0.1456072783,5815b9e381d933d7c085ee8ff99e13a871c7f97f4f8793bc905a2258940ec101,c282f42dddeb0e90f3009197ecbc10d48856b65140f572d00608aa5a978be611,c490239cb49009995d23cba2c668bc7ccd83b0fd16bb094fc8520d12caa38fa9,7b4b4fc7bf9298e07a3032677d16a808a55425bf7ed12d040a1196ec0d178cc5,81a917da187a103a1e76d79ce86f672347d01110cd50c4a93a241302237671ac,fe3fa182dd20fda64c9cc9b04980e7c311d737dccaab8ad8e78d7ac07ab040dd
20260809,27,28,28,"[2907,5926,6815,7698,10428,11131,15336,18749,18829,21908,22401,23747]",12,0.488519055,4.390187761,0.1112752077,083a7960d36b5e1fb7fa8872f3388ee1be5950a6d3a3bf8778aadf7b0d06be2a,194a67d16e57646f3c2b0c6c380cbac2ee117fd8397191e51adc9ebc83c52117,cfded552208bd1268a4c995506517d3eee5616348ac9ba967318f97e00f0f801,98dc5965f836378ec9d695c2f0de77357f441d894e9f34215db4e0b08d045f73,81a917da187a103a1e76d79ce86f672347d01110cd50c4a93a241302237671ac,fe3fa182dd20fda64c9cc9b04980e7c311d737dccaab8ad8e78d7ac07ab040dd
20260809,28,29,29,"[1638,5437,7263,9450,10428,14388,16628,16637,18053,21354,23003,23747]",12,0.3692778905,4.390187761,0.08411437292,06fe1fc6017435a0520a71f60735729305109fe1ad54293df4949236ac7381a6,be9aaac95002b4c0f999de2fdeb6de52150d08044a8751662115b5ad8d492058,35e5985a963a7fec98e7c78cb200ae71ea1e419f255e59b6e11616e1177ed6d8,37d6b3ba1b5c22dc242aa250a9e87fead6ea6214e5c30175b0a5420cc48558be,81a917da187a103a1e76d79ce86f672347d01110cd50c4a93a241302237671ac,fe3fa182dd20fda64c9cc9b04980e7c311d737dccaab8ad8e78d7ac07ab040dd
20260809,29,30,30,"[581,875,1334,5336,7796,8028,14260,15707,16246,17270,18829,20656]",12,0.7757235638,4.390187761,0.1766948491,f711e66339d01f3c16ea3a883aff0146aa6059eaed21966fce76b81779693332,4c80b179d2efa8570ae16e6218dc03b4fe0bce658619cc1da3c0d132811207b5,6465ac85599f701e3b58001c740621575d66cc46f9927210b0ad9382ab9bbbaa,5b768f2fdfc064fec831ceafff9a18be400709bdc55b312c3738dc1eea1de218,81a917da187a103a1e76d79ce86f672347d01110cd50c4a93a241302237671ac,fe3fa182dd20fda64c9cc9b04980e7c311d737dccaab8ad8e78d7ac07ab040dd
20260809,30,31,31,"[2907,4546,6521,6666,6815,12741,17701,19615,21498,22271,22401,23164]",12,0.1172405481,4.390187761,0.02670513302,bec589cbef7f53aeb7ef67d6d77c637f8304872306a01ad93a70a4d66cf5c87b,df0fdd2928130d9a9470a5ff9286ff9358d15c4894adfabf4fd992802ce1b403,8d5355394668209bd8cad3bd3c02cdaab1df9e4673d666b902353d0bcddd109c,12a9126eb09d16ee7e7959a3d4108fdbcb46c28f140f61f77791eb7af3f3866b,81a917da187a103a1e76d79ce86f672347d01110cd50c4a93a241302237671ac,fe3fa182dd20fda64c9cc9b04980e7c311d737dccaab8ad8e78d7ac07ab040dd
20260809,31,32,32,"[6846,11067,13558,14067,18649,18829,19014,20761,21234,21966,22271,23747]",12,0.4911652184,4.390187761,0.1118779526,323bc94f8a0f12ed0bedcda238d4947bf57a541de26c60afa877fbc91e64e25c,cc00e6db327fc6ef86caab4792208d40055f0c00a2505cfcb4a47982bdca99a3,1e11c56c64aadb2e642a0458e93ae4f516af972d3dae327563ec546aab0f3b62,f60f74c88dc921c440a9e3ec82ff6652c162a2bc6ff8e65b13001df95283b1f2,81a917da187a103a1e76d79ce86f672347d01110cd50c4a93a241302237671ac,fe3fa182dd20fda64c9cc9b04980e7c311d737dccaab8ad8e78d7ac07ab040dd
20260809,32,33,33,"[1496,7198,7693,10892,11067,12289,13225,14260,16438,19959,21275,22625]",12,0.8677737713,4.390187761,0.1976621089,5fcbfb218e9227add7116631862867d3fe610be393b5c88699675716cdb08037,73258b594d42c88f8cec28ed5ea409ed35ea3ef05106250fe42a2a2063ac4165,d16393695e4d4c8917f7e86ffdde4b11c6f92f4d65e1d2bea9545b52b554cc5c,483f4b38648d781946639ce3a3b2c73b754d1a681dfa2436687bd59d2cc76d73,81a917da187a103a1e76d79ce86f672347d01110cd50c4a93a241302237671ac,fe3fa182dd20fda64c9cc9b04980e7c311d737dccaab8ad8e78d7ac07ab040dd
20260809,33,34,34,"[386,821,8617,10428,11740,13888,14388,18821,18829,20761,22185,23164]",12,0.2213888534,4.390187761,0.05042810591,4b8bbb06ab038aa42913ff94b5356db91c9591777cb35ddc789f9a1a3096016c,b241b8e0c88e76e2658c3637adc029cdd3c0a9c5d7c256e95704416b6608d013,2143199dea0943b0bd88e7ac2f06e574e6175a89315258a9f8114df8c3bf5358,6a612b6e8c0e34bbc36daf3e0c92f158ce598bc158f75e04d9b2a8638dbc25ee,81a917da187a103a1e76d79ce86f672347d01110cd50c4a93a241302237671ac,fe3fa182dd20fda64c9cc9b04980e7c311d737dccaab8ad8e78d7ac07ab040dd
20260809,34,35,35,"[821,875,6846,7263,12325,12647,14784,17701,19615,20311,20656,23003]",12,0.4260789156,4.390187761,0.09705254964,7207dd1062dce2a9fb809ba214080d4b7338499a313a7969eb4e55b72c8b3030,89dd79ec54017ca3856491af7a8d1134c74570c65f4e48beb17a635d15feb1e5,dc70f7fb6d35fb82a37d051807a54d0cd6d92c5fc6977388fb610b4f02e18c3c,a71e7d94d093f09840ef0dd5ecac02e926cb7b5d9a4b3f4cf43be8dc1c2947c9,81a917da187a103a1e76d79ce86f672347d01110cd50c4a93a241302237671ac,fe3fa182dd20fda64c9cc9b04980e7c311d737dccaab8ad8e78d7ac07ab040dd
20260809,35,36,36,"[5437,8271,11131,12647,12741,13558,14697,16628,17701,18829,23003,24201]",12,0.3484640074,4.390187761,0.07937337224,ea994584d5c5bb887ac9e8ef3d7590f92ea3768f7380bbd884c6f83789df690d,37ce519af53a2268a3f418c0da8bfe9cf2c103e385ac0125d7653408d49a5460,17b2f006ef444d884d9ffd299d36049cf728507d2e247703dadfd069bf9979c2,8a77be5d5e0716ee4031f8cd954009ae08bbd7af0f7d77ac112ae6bedd5c0d1c,81a917da187a103a1e76d79ce86f672347d01110cd50c4a93a241302237671ac,fe3fa182dd20fda64c9cc9b04980e7c311d737dccaab8ad8e78d7ac07ab040dd
20260809,36,37,37,"[1447,1638,5926,7198,9450,11740,12647,14388,14697,16246,19192,21966]",12,0.1308991543,4.390187761,0.02981629977,cc243e6207dd283a193b28161ffe102ac09b19df151daae5d9c98bb8e564fd82,94a106d7891a07e9880ae1be3e9530d08cfca13380466cc5d6ddd3d644e6a91f,7b9b32d2b48d400439e6f0eb93e99be0db50c48e2cafc1e061b8ef763d08277e,769e24cb3f796d83afe16950b77f97292024dc62fded543565a12a7ca0de6bef,81a917da187a103a1e76d79ce86f672347d01110cd50c4a93a241302237671ac,fe3fa182dd20fda64c9cc9b04980e7c311d737dccaab8ad8e78d7ac07ab040dd
20260809,37,38,38,"[1334,6863,7698,8028,15707,18242,18649,20311,20761,22401,23608,24201]",12,0.2604946041,4.390187761,0.05933564082,45cd442c969c0e7895299b81d465bdd8e9ca6612f4e0abf5dce7154dbfb0234b,335a72be60ceb1fad91b1409b1d75184d8d5195431ac841cc9c2070f0c3d61ad,c3e837eadeafea7b22c7a7fd06afd32da68d59b1c43cf7c006054ecf4757b868,82d8a78a66907590af25717d8e3554e11ca3e6963b35068db62f80e78e66f556,81a917da187a103a1e76d79ce86f672347d01110cd50c4a93a241302237671ac,fe3fa182dd20fda64c9cc9b04980e7c311d737dccaab8ad8e78d7ac07ab040dd
20260809,38,39,39,"[386,1334,5437,7198,14067,14260,14542,14784,18242,21234,23164,23704]",12,0.4848567565,4.390187761,0.1104410068,8fb71dae971138259af26a9aa52f30f36b052c519ff86251df66a2daf7e9c353,e09c20b8fea59f2105117e5118d9f1c72fd341b23e3f6005ff6d694985f063f5,8a66335a921daa188ad5e9320de828d93c2fccd9fb357a95cf210b9ab9064678,bc6849d31615d476df4a79cffeda7cbfc588e717c5cf31c21b146246e56e10dc,81a917da187a103a1e76d79ce86f672347d01110cd50c4a93a241302237671ac,fe3fa182dd20fda64c9cc9b04980e7c311d737dccaab8ad8e78d7ac07ab040dd
20260809,39,40,40,"[1638,2040,8055,9887,12423,14388,16438,17373,19192,22625,23784,24161]",12,0.7400613785,4.390187761,0.1685716919,ad262fbc0d5633b31d1ad58b88a38be637fa1f6516e96b4f1fd62f1bd4bbbd7f,a9770cf588bf5068a9b892ed38a16182c8b8b3c37ed6a4aa30929bff0ba90e22,c57155728b7d0933f93d923cc0af60355008fda1180021d48efbb4a2b31b6af8,e83408f00249e44f976fbae3ddc411b0dc2155479a0ec434d37995bfe8e36e1e,81a917da187a103a1e76d79ce86f672347d01110cd50c4a93a241302237671ac,fe3fa182dd20fda64c9cc9b04980e7c311d737dccaab8ad8e78d7ac07ab040dd
20260809,40,41,41,"[386,581,1638,2040,5336,7198,9887,11131,18829,22185,23164,24161]",12,0.4720561552,4.390187761,0.107525277,dcf629a68d1907e2a840354501acc3ba44449d436d25fa39c011cef47ccc0f70,c5e63d335438de6d2df9b3de4925f9e86eeceb4c1e537f8a0f88cbb87f696aca,5589f3d3ca3a3060e5fda4de4e7b94c1402ae8e66b597807947096d7cd781189,8cddf84830021239a79edb2da84ec955d9ad73b1b87a4e02624d801b02a5d40e,81a917da187a103a1e76d79ce86f672347d01110cd50c4a93a241302237671ac,fe3fa182dd20fda64c9cc9b04980e7c311d737dccaab8ad8e78d7ac07ab040dd
20260809,41,42,42,"[1064,1447,5336,10048,11067,11908,12097,12325,14127,16246,18749,19014]",12,1.238154426,4.390187761,0.2820276701,e040982bc3166573aad6c30efbb4046b2e1c15d8e445cb5db59f5f94e272a0f5,81787ef1d1f159640e2d60d7bbc5220c2e3af05a9fd5327a5d25bb4691f83449,6270e254f136938e72fef76608df870d0d3e2a4cd4e46719461f8968a52f2931,7d1940673ca7d5c6d1d9eda36e824e9da5d71dbaf9b199161832b1dba12712e5,81a917da187a103a1e76d79ce86f672347d01110cd50c4a93a241302237671ac,fe3fa182dd20fda64c9cc9b04980e7c311d737dccaab8ad8e78d7ac07ab040dd
20260809,42,43,43,"[581,875,6589,9887,10892,14777,15336,16637,17286,19014,22625,23704]",12,0.9879983091,4.390187761,0.2250469372,61443e5179ccf6130b321172eb0fb6d18b5532ca179020caf6d3853381dbdbab,f9fa628436dc911527c25f3f83677e63884e62afd4361fa6bda507514d507f09,afbc5aa8c5955de295acd572664c5859908c139840a60f8b09bca71e9c9cacb3,23fbec946356d181d35c5d823db24de1ccb0e0e4f737ccb87227705806ab7e75,81a917da187a103a1e76d79ce86f672347d01110cd50c4a93a241302237671ac,fe3fa182dd20fda64c9cc9b04980e7c311d737dccaab8ad8e78d7ac07ab040dd
20260809,43,44,44,"[1064,1447,2087,2240,7693,8617,8906,12950,17119,17286,19016,23704]",12,0.9461493397,4.390187761,0.21551455,5b1e4e102f42f5ab5491d4bf29c3d38b8ec406255fef6d6a22882b43954f283f,c75a0a815dc544387276ee633cb314c08491e79fdb3f263883ddf3f148cf5478,fb6f08c531cf9e3f2cb2b89a20fbbdaf87fb1921b2c008cd3470cdbf7f863c45,114f854f4ec7505c30197aca3ad649eed955d81ba3fa0c84167434096801bddf,81a917da187a103a1e76d79ce86f672347d01110cd50c4a93a241302237671ac,fe3fa182dd20fda64c9cc9b04980e7c311d737dccaab8ad8e78d7ac07ab040dd
20260809,44,45,45,"[581,2040,2240,9669,10892,11067,14067,14388,17286,19016,23139,24201]",12,0.4142685223,4.390187761,0.09436237009,2da403d5165bf708e08d803a2a1dabae4d193a524594970c3cbf25c08fef7058,3be5ece9cac881424c0b112834bd8302d8e6846bdd27e932340ace3bb06b6633,3d117de77ca1eb6504408961100804d9825c52dbbab68a7dcb8ca2d81db5f188,1686c67b0707f9202aecf91b614abad480499aab9a0eb37c03edbd81929c8e1c,81a917da187a103a1e76d79ce86f672347d01110cd50c4a93a241302237671ac,fe3fa182dd20fda64c9cc9b04980e7c311d737dccaab8ad8e78d7ac07ab040dd
20260809,45,46,46,"[5926,12097,12423,12647,14777,19615,19959,21908,22271,23704,23784,24297]",12,1.109761012,4.390187761,0.2527821298,6f50a9b092fb12ecca3a36b4d61e2473e6de7b9126d9a11252dafe70f1ac5180,db46b5739604df89e977ddd69f613a2a66efab961f46cd032a277400de8b4805,17fa1cd2d1fa2501cec25d3c98b34792c173e6225d9f27253a77f7a872ed4d76,b62dc9eb0a69c521a2471f86171fcf2de46ff47b4bf7171cd781585e660661eb,81a917da187a103a1e76d79ce86f672347d01110cd50c4a93a241302237671ac,fe3fa182dd20fda64c9cc9b04980e7c311d737dccaab8ad8e78d7ac07ab040dd
20260809,46,47,47,"[1064,1496,2087,2619,5926,12741,16438,18821,21234,23164,23608,24161]",12,0.8594893058,4.390187761,0.1957750676,3aaee4cda40664601aca69292e88318f3d2d69018119df63555001477ae7db4f,46be41750e59182370c4a33f325c81ad42c25aea3ffae3fe96c52f2dfd4ff4e6,15bd0b271b705cbecba2fd60e064410feec208cd34ed4d7daff2ee55fbcf0b79,80993a040d4db757ec1aa88e0ed9f408da2cde5903dcbf13a2efbe6671e46728,81a917da187a103a1e76d79ce86f672347d01110cd50c4a93a241302237671ac,fe3fa182dd20fda64c9cc9b04980e7c311d737dccaab8ad8e78d7ac07ab040dd
20260809,47,48,48,"[821,2907,3015,5926,7263,8271,9450,10048,13558,14174,16637,21275]",12,0.2251268546,4.390187761,0.05127955041,0700a7e6fa9df5231ec15635e94e6d74dcaba32476e966bc7ab4048b24d57b10,b4c86390213084270ca4e9d9de97212aefca4f9194de2d586d3a58d964866a7c,03f7d5a7865a69b3a1689c4f16b059995834f7d77c57a3b465744834ce4c518d,ac9e08599db1ccb0fce673f319649cde8f798f916ddae4cea043b887d98d6383,81a917da187a103a1e76d79ce86f672347d01110cd50c4a93a241302237671ac,fe3fa182dd20fda64c9cc9b04980e7c311d737dccaab8ad8e78d7ac07ab040dd
20260809,48,49,49,"[386,4083,5437,7451,8906,12568,13225,14388,18053,22185,23245,23747]",12,0.2224079291,4.390187761,0.05066023168,ef740cdc9d89f66c6c69e1fa5ae0befa63cdef6d742e398479adee6a8303a7d2,60f2d9fcbfaaa73acd6b4ae0dc7cd5eefb6f6b682a7bdb0810c7927cfa12afb2,a20388f98befc8fbeeea35ef6d93c51dae88e049a012d3e07db319ea9e596e3f,3e64fc8c09c4c9a1effb333143708c6eef83250ddc6b0249c5e49ae557f64dd5,81a917da187a103a1e76d79ce86f672347d01110cd50c4a93a241302237671ac,fe3fa182dd20fda64c9cc9b04980e7c311d737dccaab8ad8e78d7ac07ab040dd
20260809,49,50,50,"[821,1064,5926,7451,8906,12568,13225,15707,16584,19192,20761,23784]",12,0.6047663387,4.390187761,0.1377540943,1135508fc2f3cee9cedd6c4a8822bbab0846b55c698655664c8d8c58d09f0528,01bb8d26e7fcefb8af73441b16a8f4c588fc4ea56309e5fec8f2d36a6177e567,711c50e51b82bf8534fa2fae1bbe78f2b722ef85c021d1f74e8aa2632c0043c6,53e2731f9aa85597e336cdb0367507b5fb69894d43a77d2b2603dd2471da834d,81a917da187a103a1e76d79ce86f672347d01110cd50c4a93a241302237671ac,fe3fa182dd20fda64c9cc9b04980e7c311d737dccaab8ad8e78d7ac07ab040dd
20260809,50,51,51,"[581,1919,3019,4083,6666,6846,14174,14260,19016,21498,24161,24297]",12,1.212779719,4.390187761,0.2762478019,a72800b1bd5e821a46b1a39d3d557c3362f6b2a4a30f214d0907f485060c9456,c2ec9d3fc504839d868f53ad12da278513544dd90fc5b8a21847d6322f37817f,ec107cfc28d2b44b93c69af097f72f3d03980603b931c525f46659a4d9ff0b0a,29540bbc51c1f39bbbabc9d84ae358b7e7c82311c03c774847b19108ef456db5,81a917da187a103a1e76d79ce86f672347d01110cd50c4a93a241302237671ac,fe3fa182dd20fda64c9cc9b04980e7c311d737dccaab8ad8e78d7ac07ab040dd
20260809,51,52,52,"[821,2240,6589,6846,12097,13225,14067,14174,14267,14388,15336,19014]",12,0.2922921022,4.390187761,0.06657849689,5482d33c96592b1baf32a7d76a722dea8602d29fd0cbc21e91251a0da544967a,a99a08162feb3240369a3bc598010a0c4e54010bb5bf6f1f8a8f26bb73482f7d,79cd2a9980f69c320b53d9a9cef8e808f0e6979a566a43496c6e471fb47fdfc3,6072a60914180f847adce2e9bb6bf417a194b9694d4c57f1aba4330a96bec283,81a917da187a103a1e76d79ce86f672347d01110cd50c4a93a241302237671ac,fe3fa182dd20fda64c9cc9b04980e7c311d737dccaab8ad8e78d7ac07ab040dd
20260809,52,53,53,"[3019,6521,9450,13888,14260,14535,14697,16628,17270,21966,23164,23747]",12,1.142862862,4.390187761,0.2603220919,df49f62068ee47ec7e0cc387e534003fadc0400a72282858eb4961aa901feac3,1be588e0c215833d90066104a70d442c67e14305d1dfb42f9d0f0adb7d148ed0,a42e4aa7d1de3dc463c8d56f9b126a970dbdd8104f392e9fc4fbc56c9974cf2c,f4b8adab29015b8c925adc1ba1c85e166d9dafce514a18797a85a654a56d3a57,81a917da187a103a1e76d79ce86f672347d01110cd50c4a93a241302237671ac,fe3fa182dd20fda64c9cc9b04980e7c311d737dccaab8ad8e78d7ac07ab040dd
20260809,53,54,54,"[581,1447,2619,8617,12950,14267,15336,17119,18649,20656,22271,23784]",12,0.6016710043,4.390187761,0.1370490369,d3bd46422f5232f29ad431ae7931d6439455496b81a3ed2849cadf974283a47a,8097aa342b55755c2d6e4784751881045bbb413c3c80c3e8ad6986e34b97e7f8,23ddd23b86ad0a5fa80690ec76a84b52dcdf5a7dfd3608e6944b6b20a535150f,ca1867952a89d9095d29f6bd3623051169a5e43e6d5b2fb0bb51f6bc36e0bfc0,81a917da187a103a1e76d79ce86f672347d01110cd50c4a93a241302237671ac,fe3fa182dd20fda64c9cc9b04980e7c311d737dccaab8ad8e78d7ac07ab040dd
20260809,54,55,55,"[1496,5926,8055,9450,12568,12950,14260,16246,18649,20311,23164,23608]",12,0.4543588861,4.390187761,0.1034941808,0a31d3f51df7f086973bd70eafeb2b7b90b80c6ca8548eb81cf7ea8246f069ec,19528484a36c9bc8931e6d5f3f7cff69b140920ee1241020e618673cf326239a,e2bbb996fd45941e22e67384080dc8a4c6808e2791a4f37bcd176c52000f337e,5f26908d6aa40010d85ec2edb9862bc8cf898fd9c90d3c793a1d22e5948f9994,81a917da187a103a1e76d79ce86f672347d01110cd50c4a93a241302237671ac,fe3fa182dd20fda64c9cc9b04980e7c311d737dccaab8ad8e78d7ac07ab040dd
20260809,55,56,56,"[875,8028,9887,12568,13225,16246,18053,19959,21354,21498,21908,22625]",12,0.7248189259,4.390187761,0.1650997555,2677dc52d15f88015920b368503c79192a4777a74fca29201249359ba68fc60c,393a0d6f6178a6a60c2f42f7a32dbf9c7f1971951905547d0eb639e97e3713c9,1d65938f13278774db229209f091b91ec7ae9318c3b9709aace2ed322b74088a,94e58b90b6a4ed7ba18f47d23086e8493ff4f5eeb6ea7115c96aba9decdb394e,81a917da187a103a1e76d79ce86f672347d01110cd50c4a93a241302237671ac,fe3fa182dd20fda64c9cc9b04980e7c311d737dccaab8ad8e78d7ac07ab040dd
20260809,56,57,57,"[1064,6846,6863,9887,12937,13225,13888,14784,16584,16637,23003,23608]",12,0.0601082166,4.390187761,0.01369149109,2aae5a05c448d1b35b6c283092154166374a7229f069d7bb08f465305223a184,72c58964677ace27c5f6a2acc86b8e78b0eb5ec33141e314ddbda65643cdc5f6,f8e6eb95335d1aec61f969b49072219e34373c852997e5783f15a5c31028a076,60c46ca7f3ff132e586646c92c0ed2b58f485477db7b7843a98e64c040156c21,81a917da187a103a1e76d79ce86f672347d01110cd50c4a93a241302237671ac,fe3fa182dd20fda64c9cc9b04980e7c311d737dccaab8ad8e78d7ac07ab040dd
20260809,57,58,58,"[386,875,2240,5909,7698,8271,10428,15707,19959,21498,22271,23164]",12,0.624292709,4.390187761,0.1422018244,6c37d3f066c8cd0b1bc5d925afac5f32f584f2eed57ad17eadae67a154bf9c0e,af8abb8814f8abdee9227a7bbd65417237594e3d03201bf01e52a251eaf23375,ba8255dacff165f87266a05b827f23eaf3b12b3e12ec83e21ca344b837776b33,64295f77a33d6b3f61130b3844e8e6f40e87916f5a09c47bf0b625fcdc24b172,81a917da187a103a1e76d79ce86f672347d01110cd50c4a93a241302237671ac,fe3fa182dd20fda64c9cc9b04980e7c311d737dccaab8ad8e78d7ac07ab040dd
20260809,58,59,59,"[1064,6521,7451,7693,10428,13558,14067,16637,17701,22185,22271,23139]",12,0.2179479345,4.390187761,0.04964433103,704c7cbccfbb401daace578847199e94f77ea5d20072d341d11415f9be294b8c,c93ecf418682f153616084f1f30dfdcfa1431435e1138be3988e029948f9b291,dbbfffd5dd2a722562f7ae8e3983ce7c7046127de118b490ea4b2d5c2368f30c,253124c41de1bfbc198b7df544bdf400964ea7d3a2ebb9c31086de7681f19d36,81a917da187a103a1e76d79ce86f672347d01110cd50c4a93a241302237671ac,fe3fa182dd20fda64c9cc9b04980e7c311d737dccaab8ad8e78d7ac07ab040dd
20260809,59,60,60,"[581,5437,12568,12647,14697,17373,19615,20656,21234,22625,23245,23747]",12,0.4751833836,4.390187761,0.1082375993,9c6153465cefb399c1f092e5dfcc35e5b6c346f016c260c4b02c8692b69fddfd,17bd566a827d97436b8f28314f69c1574b0f8cae8da84c438d0f64775e09f14d,a1ab920199c25ed50334d546b8ee4eecb3e728bf1832cdf6dfad9c212340d82a,60e4e9bce91090e43a0d9c4f0d8bb14bf0d42e82818668f1d1013649ff7c79fe,81a917da187a103a1e76d79ce86f672347d01110cd50c4a93a241302237671ac,fe3fa182dd20fda64c9cc9b04980e7c311d737dccaab8ad8e78d7ac07ab040dd
20260809,60,61,61,"[1919,3019,8617,9450,11131,15707,16503,16637,19192,19959,20761,21908]",12,0.9601767492,4.390187761,0.218709723,b9dc29064672fd14dc2ed6c1579d96525294219949e85fc826062f848c17e166,bd7385348f1409b1078841bdbdf2d1e1f1c9eedee53e1b47236d457500818842,eb8f58fe328387a7c92d00528ae2a1a8a6a5deab8100cc9f4e9d0f2d872510b7,67007f858f7c31dc824dbd2e4dad5e82b688e28f458c4cb4085a7a7a45da06ae,81a917da187a103a1e76d79ce86f672347d01110cd50c4a93a241302237671ac,fe3fa182dd20fda64c9cc9b04980e7c311d737dccaab8ad8e78d7ac07ab040dd
20260809,61,62,62,"[6846,7198,7693,11067,14260,16664,17270,18053,19959,21498,23003,23245]",12,1.133032999,4.390187761,0.258083039,3af24ff09afca3dacef6edba645de5e276c77f6a1d9a33a6b010195937aff34c,fc5083ac1a3590366380a22bcdefc6b47fedfad4d4293374cf555f8c562a89b8,06d515deded0fb8ed8c9cdc502c882f2f2bb45ae846f531a3e997a13533120f1,9af28a5667cd57f9639ec797c9c8db6fd538f47f33837caeb2e3e4bdb3711157,81a917da187a103a1e76d79ce86f672347d01110cd50c4a93a241302237671ac,fe3fa182dd20fda64c9cc9b04980e7c311d737dccaab8ad8e78d7ac07ab040dd
20260809,62,63,63,"[821,3015,10048,10428,12325,12647,12937,13225,16628,17119,17270,23139]",12,0.9707880624,4.390187761,0.2211267753,65d45daa22b728aab919be9e71ca2a11fc0ef396450c0466de4de0057d8a4a4e,dafdbac5578511e3d699167bc823bb93f872afc71ce886bf767d30fb0ae5dc4d,511839336211127b3a9732df77cb57ecfed297ecfbccd3443658b35ff87434eb,94e762a055e5b1ae0dbc50586a477d5dd83cf21d582882f1b9d915cf76a05d9f,81a917da187a103a1e76d79ce86f672347d01110cd50c4a93a241302237671ac,fe3fa182dd20fda64c9cc9b04980e7c311d737dccaab8ad8e78d7ac07ab040dd
20260809,63,64,64,"[821,1638,2619,8055,8617,11908,12325,16503,17270,18649,18716,22271]",12,0.68726168,4.390187761,0.1565449401,24808f90723ed8d132427b54095ac2fdf156cfb4e93e0ce0d3c33482c935c11f,5195d5a41b0abfe4abb14b487a1cd7b46e963a99999ac187d5e0fef7e8524301,576278d2f880e5bb2b9446993fdc5bcc3bead362ab48e1fb419bb4ebaab60782,78f3bf62c0402bab09f9c7fa798c402b31ccb81a3d938d3f1bbcfcc90a64b86f,81a917da187a103a1e76d79ce86f672347d01110cd50c4a93a241302237671ac,fe3fa182dd20fda64c9cc9b04980e7c311d737dccaab8ad8e78d7ac07ab040dd
20260809,64,65,65,"[1496,2087,4083,12937,13558,14267,16503,18242,22401,23164,23245,23747]",12,0.4418654919,4.390187761,0.1006484269,2034fc07d278747446f2a138fea928b75ccd4b6eeba7426fb397650b7c14d019,c65d77d9609a14c3c7a6d6c934e3903a4665be1f369577f922c769fb0d52ece2,6f831a320acda41bf79f083e7be37380480d3410d6d31b69f2173f0e9b15bbd8,71dfc928c1875bdee9b935ddf366d7088f74add4f4f2b56166c23a0a5e8650c0,81a917da187a103a1e76d79ce86f672347d01110cd50c4a93a241302237671ac,fe3fa182dd20fda64c9cc9b04980e7c311d737dccaab8ad8e78d7ac07ab040dd
20260809,65,66,66,"[6863,7796,8271,8617,10428,11067,12950,13225,15336,21234,21498,23003]",12,0.6419308249,4.390187761,0.1462194466,fa40b31813ba95d81b0fde4eadb6d75809d5bba562c9dbc188263f7e492a46e7,370899c8dfbfc78cf200221a4baf21e83eb01869e694b8c94a453cd1f16f8726,76655c95d8013b1c650b5a2512f53d7937b464b83684f77c870e6a9be1b94734,406cec0addef89df054cc162c09f6315651f3b812a7aacf4af7b4827f4235e2a,81a917da187a103a1e76d79ce86f672347d01110cd50c4a93a241302237671ac,fe3fa182dd20fda64c9cc9b04980e7c311d737dccaab8ad8e78d7ac07ab040dd
20260809,66,67,67,"[1496,1638,2907,3015,4546,10428,12568,12950,13888,17270,18053,20761]",12,0.6120573266,4.390187761,0.1394148405,268e2c9499af0e7605f44b39ed05ce1145443dd40b809273f87f3196a5be2e26,759d87a3f98abcff3d634acc85473dd5afb6e153c3cb7009b2dee11fa7b109ea,08f7a3ad97f418692167f8e94948300137e582edc9d86b4f97d10817a6468ac2,f23a3e00fbb46f0d2663b961fc2586fe235cee7d3127acc8792dc23ebe381725,81a917da187a103a1e76d79ce86f672347d01110cd50c4a93a241302237671ac,fe3fa182dd20fda64c9cc9b04980e7c311d737dccaab8ad8e78d7ac07ab040dd
20260809,67,68,68,"[386,2087,9450,12097,14697,16664,17701,18053,19615,20656,20761,21908]",12,0.3379645983,4.390187761,0.0769818096,7f75fe738d9f31684267e83fe629ef547f164ed1e1b2750b7ec9ee7c07445c37,37b8f186497382822c3c6f31e658de46a7155ad51d4e86e75b4ede488df013d3,c56b1c5254864b204692188e48aee9cc7c9f1ca5523cf5c1a295153bbba2c2f2,d278c6bfb0014d9cc80f7f5c9bca18d6fece6a4b0c0cc9a3f2373dec8ecbfc33,81a917da187a103a1e76d79ce86f672347d01110cd50c4a93a241302237671ac,fe3fa182dd20fda64c9cc9b04980e7c311d737dccaab8ad8e78d7ac07ab040dd
20260809,68,69,69,"[1447,5336,7768,10048,11908,13225,16628,18649,19016,19959,22271,22625]",12,0.5027309942,4.390187761,0.114512413,d9962c521d388e9ac2553baf44157607491c2bae4beef30fa685873e6627ad40,69ff0e61e2a2edd6b0036a075c1b2fc4740709682f3d0e11ff38e448691f2d88,9291973ce21451f3bceb29b59c7dfdc5946ba0c1bda12e3e8d1f9b8a1550f01e,79d803265455546bc1fc0fea959d4ce12b22adb3941838a4aaf0ae91b2032964,81a917da187a103a1e76d79ce86f672347d01110cd50c4a93a241302237671ac,fe3fa182dd20fda64c9cc9b04980e7c311d737dccaab8ad8e78d7ac07ab040dd
20260809,69,70,70,"[581,1447,2087,2619,8028,11067,12325,12568,12950,17701,19615,23608]",12,0.7158004554,4.390187761,0.1630455221,7b033d8412a8d83709e8dfa263c58e44873b4579347158f06f04be54c605f277,1b24d42f1269d893d25e9b06e78b8964b12a59483e3de4b2525203c01991f9a2,eb7b43501e0cee309d030cdb25fa40f39374e52f4f8c3ee9cbcc7a309c95a5dd,90cd36271f4d4fb86ffa39a43dac2342e202e5c6801f8124fec2e9b4c06ef1d2,81a917da187a103a1e76d79ce86f672347d01110cd50c4a93a241302237671ac,fe3fa182dd20fda64c9cc9b04980e7c311d737dccaab8ad8e78d7ac07ab040dd
20260809,70,71,71,"[2907,5909,7693,8055,8906,9887,14174,16628,16637,18829,20761,21498]",12,0.3427447875,4.390187761,0.0780706444,03a5952579d15a3950701a625abadf2955b25f2e032aefe382614aa74febe6c6,20cec277f0bfe5f9369c1b9c653c6df61c726e56e45d4349b7ca4480c31e9551,1a521bf18ae4e92ce8411b86594c3c4a1edab2ef68a687fd20a28b6c35e4ff9b,eb4f7200b7d18e0fdc9f1b8fe69aede3d3a0249a238f258e0bb296afbde543fb,81a917da187a103a1e76d79ce86f672347d01110cd50c4a93a241302237671ac,fe3fa182dd20fda64c9cc9b04980e7c311d737dccaab8ad8e78d7ac07ab040dd
20260809,71,72,72,"[1064,5909,10043,10892,13225,14267,14542,15336,17119,17286,19615,20656]",12,0.6465879027,4.390187761,0.147280239,c7cbe72a87d38711b88b397a7ba5ba05d6203b860cc30714d4622b3705f3abc3,0509c756d1a573c6f2f21e205b3c0b4c0034aed65b3a6453765450f0f66a2612,2664acb567486170b7d69323c899080a8e15f3079a9c324acb17aefadf65aab9,544a77d2e8cf128f3913300512a1cabffb5dfefbdf3b0ebde0d91a0444ed7958,81a917da187a103a1e76d79ce86f672347d01110cd50c4a93a241302237671ac,fe3fa182dd20fda64c9cc9b04980e7c311d737dccaab8ad8e78d7ac07ab040dd
20260809,72,73,73,"[1447,2907,7451,10428,12950,13888,14777,15707,21908,22271,23704,24297]",12,0.7298413706,4.390187761,0.1662437714,5c0426ae12b979ec510ab725f87d77d7547f325db2559a08a8f59a2f6b5605df,cd0736f60ccf3e58cb387b39d8935f49f46032afefc74d9d5a7527a0561b4633,453ef2cafd74c4694d098a0d20656523c6289d53cd7c40a7c4856cb032d4964f,404b0928098820a84f63a3702dc7aeac51292f0f074380f1cfdbf836a6c6f186,81a917da187a103a1e76d79ce86f672347d01110cd50c4a93a241302237671ac,fe3fa182dd20fda64c9cc9b04980e7c311d737dccaab8ad8e78d7ac07ab040dd
20260809,73,74,74,"[386,1638,7263,8271,9669,12022,14127,14267,16503,17373,22185,22401]",12,0.9759974257,4.390187761,0.2223133676,5071809ac6f648ae452b80bb9b80319f150c3006eec6773c592fcbab978dce63,07d047e5b4b149324fe3b7f26e07b77d714fc26b972eeaada418d7aa66ed6e34,01596b874bbfc67b7589b78160086c24bea7696bef83680b8039405b6d84dee7,d3ec8d724d148c4b3fcf61fc0666e92f2b7f7f9b64feccc263aaffb8ce00591b,81a917da187a103a1e76d79ce86f672347d01110cd50c4a93a241302237671ac,fe3fa182dd20fda64c9cc9b04980e7c311d737dccaab8ad8e78d7ac07ab040dd
20260809,74,75,75,"[5926,7451,10892,11067,12022,12950,18821,19192,21275,21498,21908,22271]",12,0.2244037358,4.390187761,0.05111483791,2d8f348924c1afd827d26dbdc8950e95ef038c226d3bca5a9188c8bd8888bfa6,3e101d57a624d73355a392bc761244fdceefa5566cea3652780770e137d438d1,44cc289339045a356578bb41380d6644edecb60d51ceb89b46bd6380d95def3a,21995e3485905f22159d18d30a7b29afec99990723be44e13661d566f88f2f14,81a917da187a103a1e76d79ce86f672347d01110cd50c4a93a241302237671ac,fe3fa182dd20fda64c9cc9b04980e7c311d737dccaab8ad8e78d7ac07ab040dd
20260809,75,76,76,"[4083,4546,6666,6846,9669,11740,12325,12950,16664,19959,23747,24297]",12,1.089257544,4.390187761,0.2481118356,21e50a26dce7148d8bc99a4ed3ca88854b77feaf7c9843f1513d00b2d1395f6c,5544195711ec3056a717016bfe517d6e15dfcc665ac7aa7c1cac82a56f93ebdd,65a0468bfbee12885b8ee46842821e03d9c34820af29893b5d88d8eab347767a,4965fb997272ddf6e3b5ffb630c2d4e95f53170638d1bdc05a1c8bcc48ef1fca,81a917da187a103a1e76d79ce86f672347d01110cd50c4a93a241302237671ac,fe3fa182dd20fda64c9cc9b04980e7c311d737dccaab8ad8e78d7ac07ab040dd
20260809,76,77,77,"[875,1496,5437,7198,9887,16628,17119,18242,18649,23608,23784,24201]",12,0.5848568757,4.390187761,0.133219103,52a0dd6627e733966dfbe1e362225a678ec3960cc00c1e6c3d70fbf75962affc,6e8357531b72a388c38415dcdb7f622911e4c7a21ec0aa5af0f72100cb06f7fd,e382ad61e0c8da1f27322a1396e9c60e901fbe96603425e4d433d137d8ff371e,10b3a6904152cded0a9d30272f510921f6d82a0291c86bbadc912f5388cb3435,81a917da187a103a1e76d79ce86f672347d01110cd50c4a93a241302237671ac,fe3fa182dd20fda64c9cc9b04980e7c311d737dccaab8ad8e78d7ac07ab040dd
20260809,77,78,78,"[1334,10043,11131,14174,14260,14535,17119,19192,20311,21275,21966,23003]",12,0.2769648202,4.390187761,0.06308723802,5072bc459e2822903c3d225eafc9471069c366bf4766ebfc248fd7d67804dfe0,3783dde07c9fecde7f1b7e9c3c49e2a1d48f5e98267e5c8c33b4cbc9fd5e7adf,9b6ba385fa4e2cf934b318cd53875e3253241c082c70e25f346945a3fad5bda9,e6d8c00078029afe5af5d9fd58abf412782c1680d816263bf0a81d66224f5daa,81a917da187a103a1e76d79ce86f672347d01110cd50c4a93a241302237671ac,fe3fa182dd20fda64c9cc9b04980e7c311d737dccaab8ad8e78d7ac07ab040dd
20260809,78,79,79,"[1064,2040,2907,7698,11131,12423,17119,18716,18821,19014,22401,23139]",12,0.2795745325,4.390187761,0.06368168009,1589a655da3674dfbd55738a11d05e77aec8d653999be58a3e7e987dd517948d,91d4898617e2ebd49b2e4974c88467f66237efde26eda737699c55e897567c3e,9d59d07977820cbbfb79c1f2bd18c9a9e2a67976f11ea69d4cdea41a8e1c50be,4091f2e0bacd2482cf7d9771df7c72bb2f70531295ed5d48d99d868dfd7f805e,81a917da187a103a1e76d79ce86f672347d01110cd50c4a93a241302237671ac,fe3fa182dd20fda64c9cc9b04980e7c311d737dccaab8ad8e78d7ac07ab040dd
20260809,79,80,80,"[2619,3015,9669,9887,11067,11740,14174,16438,16664,19014,22625,24297]",12,0.3307134978,4.390187761,0.07533014891,5bb586cf5828ecba6d340cbacab1d79bf1392f0773f074cdec00469f82d96012,bb6e32f8f780989725c840ae1bbd8b2260642433f3a0c5ca53615a11488dafd2,fcb4fd1a204a49382d97fb89c8e83c2ffb461f5199f9604d7e4e79688ebec121,22a9c23f91d6e7a9143f10d45a6ebe6d9c1bad66e2cd230a39a4066490000d43,81a917da187a103a1e76d79ce86f672347d01110cd50c4a93a241302237671ac,fe3fa182dd20fda64c9cc9b04980e7c311d737dccaab8ad8e78d7ac07ab040dd
20260809,80,81,81,"[3015,6521,7693,7698,8617,8906,14260,14542,21498,21966,22185,23704]",12,0.1710394494,4.390187761,0.0389594839,abed44e5dda4401a4c5980dacccc5270846ca5e571bf50ca9e0b309b6ee824e8,e4975edd5aa6c5204e053c4c6ad0a0e77d9e53eddf91bd6dab196b9bdcac1069,d927eddb0bb627ff57e71b726e9f266bf7556a5d9e354dc56d65db8549795aed,822b47d46aae30673180c1670e23684a52e2e23d24d697b28b0ab0fceb0ca525,81a917da187a103a1e76d79ce86f672347d01110cd50c4a93a241302237671ac,fe3fa182dd20fda64c9cc9b04980e7c311d737dccaab8ad8e78d7ac07ab040dd
20260809,81,82,82,"[2619,2907,6815,8906,10892,12022,14127,14535,17119,19014,20311,22271]",12,1.050308779,4.390187761,0.239240059,84ce73f637210b1a25a41885799057831dcb7c6a62d5f64f5089b7ffc640510e,d33e4b6ead80d2170145316215f7f2284e34798c8d5ed9783d259e3d6053e1db,2fa7f9ce0a5e2c383461eefe7678390fc0002a0a1618624e2a62ab2fa38bf42c,cae62ae3c773dbbbdd21f1528d737820dda26ea9fa49d2ae5389ce3b8bd9ea18,81a917da187a103a1e76d79ce86f672347d01110cd50c4a93a241302237671ac,fe3fa182dd20fda64c9cc9b04980e7c311d737dccaab8ad8e78d7ac07ab040dd
20260809,82,83,83,"[1447,1496,2040,2087,6666,7198,12289,13888,15707,16584,17119,17701]",12,0.5577732388,4.390187761,0.1270499735,5bc5f0a0dc113d2d931b4ee73dd76620067bb271780b9fb0260f2e3ae74f7f50,a403f594c0b1d19beedbb8644262a700ca1511201721ba206077086dfa52e568,7fa9e5ac670e73dfe1254c0f03cc0086c70b312fbcda4391033639c17014f893,8f3a10e2b45104fb9bb718b634c0f57ca08e9ba0d186b214becf05d0ef884f9c,81a917da187a103a1e76d79ce86f672347d01110cd50c4a93a241302237671ac,fe3fa182dd20fda64c9cc9b04980e7c311d737dccaab8ad8e78d7ac07ab040dd
20260809,83,84,84,"[6815,8271,9450,10892,12647,12950,13558,18649,18821,21234,21966,22625]",12,0.6560000213,4.390187761,0.1494241379,2989e641a367e84b2b2140763cbade528384050cd00296aa5cc94a7d8bd12f54,9306ef8575494cc5635a0caa9c880fbd615ce0b89ea85b39b9793af36f006437,2b8e599157185d95c2fa5689e62c90a77b0f401a6232cf7f9db14f29ee6a990b,22fc9e634f065d263559ee4e77338c11eb09c15558056f243d9c488512799907,81a917da187a103a1e76d79ce86f672347d01110cd50c4a93a241302237671ac,fe3fa182dd20fda64c9cc9b04980e7c311d737dccaab8ad8e78d7ac07ab040dd
20260809,84,85,85,"[2619,3015,4083,7698,9450,11067,12423,12950,17373,18749,22900,23245]",12,0.9052783775,4.390187761,0.206204934,d3e016bf5dd00a562a25c2b68002cc2bb45b236c5c5fee0323347b3b6b60d2da,dcfbee9b5f6ae6773664600497625044ccebc8a7404e289029f283a45b7fd530,46e621f70dba24b5164854b663d5cd4a3f0a2b12c31cf610c35897c3ca9ad3ed,8ee24480f8ab735b4bd3f6a997c69cd167dfa83adc31049e647ede46edd8c218,81a917da187a103a1e76d79ce86f672347d01110cd50c4a93a241302237671ac,fe3fa182dd20fda64c9cc9b04980e7c311d737dccaab8ad8e78d7ac07ab040dd
20260809,85,86,86,"[2087,6589,6815,8906,10048,12022,16503,17119,18053,18242,18649,21908]",12,0.7654782597,4.390187761,0.1743611666,7da9fc37dbc6444ed8383135ac9f6d041337059b9a96b96092e09cc795135222,f568712442f72cc85c5e51f0619126565249bffd6bbbe244c927b183bf136ea2,d4910663d41e51f0d6bc41328656b8748c2a6b189d956d9aea1aa14065314335,ee57b74a70f29b3b3e291e2d0d14d9bccbb86cb9b281d7ddbcb910102c250823,81a917da187a103a1e76d79ce86f672347d01110cd50c4a93a241302237671ac,fe3fa182dd20fda64c9cc9b04980e7c311d737dccaab8ad8e78d7ac07ab040dd
20260809,86,87,87,"[581,8617,9887,11740,12568,12741,13225,14267,14388,16246,16503,21354]",12,0.47027795,4.390187761,0.1071202362,809b3349c3ef8ee2e5fde3c32e19842497d245f684107b76d564a8d773b74a89,4083f4d3b4848498823d2a5b43e6008bb79473534e9a155dc7eb194ee71214e6,7f6e41b1897afbd015093e35cf1ded5806138300f6e2b0d66e8871904271f01c,3f65df270df0c752d7c79364b4cb64b37cbd97758ef042ed78a95e4348ef5de2,81a917da187a103a1e76d79ce86f672347d01110cd50c4a93a241302237671ac,fe3fa182dd20fda64c9cc9b04980e7c311d737dccaab8ad8e78d7ac07ab040dd
20260809,87,88,88,"[1213,1638,7451,8028,10428,12950,16637,18053,19192,21498,23608,24201]",12,0.4804193401,4.390187761,0.1094302491,5b04aac2fbff7ea66308c33c82c5579576af26135a9e749ce81540a639ce1644,2e6cb62b318b321662d6540e7fb0740c64fa7b7ba1a986456cbe17f2c009a3ab,64a6130abd14547aa686569f2d158221286403b353a408981df08443afede950,df3cfce8c1672a541fe825724cfc33cd150559b80a040d5bc62d57f0fb7cbd3e,81a917da187a103a1e76d79ce86f672347d01110cd50c4a93a241302237671ac,fe3fa182dd20fda64c9cc9b04980e7c311d737dccaab8ad8e78d7ac07ab040dd
20260809,88,89,89,"[386,875,10048,14067,17270,18829,19014,19192,20311,20761,22401,23608]",12,0.5835929855,4.390187761,0.1329312133,c3139582e1287bfc329f0514a7ac2e8c47be162ce3b16af6ed354dfb2c27ce1d,37af76969101b6f5c91dc18832ad3044815107c95c79d362d78200a4c4dc47f1,26fab7ba7f1d0b9ca54cc2b7eb7cb08b518bc12cae7cb55b76384fc6e14db972,d569c589cb9abaa9a82361afbea7bf775b72841157d65ba7439e020b6068866d,81a917da187a103a1e76d79ce86f672347d01110cd50c4a93a241302237671ac,fe3fa182dd20fda64c9cc9b04980e7c311d737dccaab8ad8e78d7ac07ab040dd
20260809,89,90,90,"[1213,5909,8617,11740,12741,15707,16246,16438,17270,19959,23139,23704]",12,0.896029884,4.390187761,0.2040983058,8a70aab03170c9be59393105c53926a2591c26f32e113cb04a154cafc2176731,9bbec306e71f768ad601166639af7a5b645beea536a9c77b3ce63ea4732d82b0,8b3f2820f2a33ec2e39b8df6848a2b5b1bcd22e29afd73020aabb6c237afd138,8dcfc370c2e848b68a6d3778e684ab8722aeebf491cde0d763f5a65efa5f1259,81a917da187a103a1e76d79ce86f672347d01110cd50c4a93a241302237671ac,fe3fa182dd20fda64c9cc9b04980e7c311d737dccaab8ad8e78d7ac07ab040dd
20260809,90,91,91,"[386,5437,6863,8617,9669,11908,15707,16637,18242,22401,23164,23784]",12,0.5486584663,4.390187761,0.1249738044,0967123ef49641eb957ab47dadc2aecf0482603603ea6ad11e3698afee3403af,afde2492710c3f43575ef78ebe638a8065b4eb922a972fa9ad601610a9276d2f,f531d466db2cec2f857ab4eb3c817bf6746f16d8a3bf14def811b3c93ac0b724,4427d36c0671166c073a7ba10db31de1de7dbd365bf96d068ece0342f4b5e91b,81a917da187a103a1e76d79ce86f672347d01110cd50c4a93a241302237671ac,fe3fa182dd20fda64c9cc9b04980e7c311d737dccaab8ad8e78d7ac07ab040dd
20260809,91,92,92,"[1064,5926,6666,10892,14267,16246,17270,18649,19959,21275,22271,23704]",12,0.8502355274,4.390187761,0.1936672356,975b0be40b1157ed09735bc869195291a0c12b813a985a83502f3201b44427a0,8b47b6de215ce5a90f31fb27e2080309dfa7e6785860f5fe81ffde83c9f19931,bb772c241f23228548bd2c298375ea76f2136140f1968b2fb99947df1253b82e,d27a326ba8d9f00387fd2b2382709cc44201d5c16855b39b713dff6d9a869abb,81a917da187a103a1e76d79ce86f672347d01110cd50c4a93a241302237671ac,fe3fa182dd20fda64c9cc9b04980e7c311d737dccaab8ad8e78d7ac07ab040dd
20260809,92,93,93,"[7198,8055,8271,9669,10043,12097,14267,15336,17373,18053,21234,21966]",12,0.7229651944,4.390187761,0.1646775112,41849be1f03de4d3915f05f2af9470f564371ac71cdfa9e50797da0518fd6b5d,0dcf53e8afc83523487ac8e78221ffd14b918f4a4419866d65b30f9ac246b897,c4621aee03351d6dce8774f9afd3f24234699ff6886ed39154f9ab442128f6e0,37f657b89d134f6f5c5b89497e94eab9dc143fc49445d524a9e9718cc7ead507,81a917da187a103a1e76d79ce86f672347d01110cd50c4a93a241302237671ac,fe3fa182dd20fda64c9cc9b04980e7c311d737dccaab8ad8e78d7ac07ab040dd
20260809,93,94,94,"[1638,4083,8906,11908,14267,14388,15707,16438,16503,16664,18716,18821]",12,-0.03044710954,4.390187761,-0.006935263637,a0cbd333a8a5e99e7c5ee884fe8e005a37a677ef5132632c57df8dffa13fcdc6,ecda91e2a3c4d6b1004aa80b0a019cc7e2094c5b97e7b17302d65fc39d4ee06f,5d96cac1900b4e0097404c1712b141139f3fd08d257cfcfab608b25134a675c9,cd38905239f660fc93a5b6cf4704ea7f13382e0808ea98c0b74714d0f2f33d72,81a917da187a103a1e76d79ce86f672347d01110cd50c4a93a241302237671ac,fe3fa182dd20fda64c9cc9b04980e7c311d737dccaab8ad8e78d7ac07ab040dd
20260809,94,95,95,"[581,3019,4546,5336,5926,9450,14697,16628,20656,22185,23784,24297]",12,1.221678534,4.390187761,0.27827478,054ec2f6de3ec7ba7389e88626c00bd3965d63b5365def5f3b67fc32c8c3ed34,17d01212089021de2a2ea2b23fefd2f7016189b12735ab7b97180d49734ed311,42d90a42fadded12aed7923fc0ed3840c969e0ba4959ac31f2730f4e1eeaaa80,e7f73c7537e7595c30a32edf53f6c733cdcf2ba566d6aea3dfb557cec6c03b43,81a917da187a103a1e76d79ce86f672347d01110cd50c4a93a241302237671ac,fe3fa182dd20fda64c9cc9b04980e7c311d737dccaab8ad8e78d7ac07ab040dd
20260809,95,96,96,"[1447,1496,2240,3015,7451,7693,9450,9887,14174,14697,21354,23139]",12,0.1015816037,4.390187761,0.02313832784,2875b21c2b1a88dc62c276ff96385253affd458b55c704c0adc3b4c9660dfe77,9eeb5118d6c5faa7cf09bb4408bf56f65b1fea8b8cf48b029d25ef8956e113a4,92c2010cb15b9839e041d6fad3d7c5065a93aff3afd0bce3b54098ca04777167,f9e89cbb90d81ad55571da4f904485de21783fb3e40adca7169de1682973edce,81a917da187a103a1e76d79ce86f672347d01110cd50c4a93a241302237671ac,fe3fa182dd20fda64c9cc9b04980e7c311d737dccaab8ad8e78d7ac07ab040dd
20260809,96,97,97,"[1447,3019,4083,5926,8028,11067,11131,11908,12950,22185,23139,23784]",12,1.063257308,4.390187761,0.2421894839,002c0d8e95e8dfd9f5a3f445bede21e958694f1b55e7dafb29b51fca38bd0251,1949344f77907877102c6a0a8809930d0227c1118b4d938dea62644ff88ea1d8,f0d126f1e93c86b7c013d3c2ab165fcd29bf9eb5c506e7e65d25763f8cfed4ce,f573c6818ae2b7ea970a8f0f7a6de4ab3cdbfd12957bcefbb7d5319d5b919dc3,81a917da187a103a1e76d79ce86f672347d01110cd50c4a93a241302237671ac,fe3fa182dd20fda64c9cc9b04980e7c311d737dccaab8ad8e78d7ac07ab040dd
20260809,97,98,98,"[386,6589,7451,10892,12022,12741,18829,19615,20761,21498,22401,23245]",12,0.3065568606,4.390187761,0.06982773341,c9ae0055296e14e906d14ab6c2702d43decec127a8f8bded07f6135357e05a27,5be0071c4459d5ff22c70887471d3178ea000785064d36baa956783f3a8f7729,2fbae7989151511c4c52be8795dd6dba6174516f1a2b9343bb913ad041ebb8ef,da1c94d1b0089cc95de22be859234bd3ecda7f9cb59cc2e4248e2a89f48eeecc,81a917da187a103a1e76d79ce86f672347d01110cd50c4a93a241302237671ac,fe3fa182dd20fda64c9cc9b04980e7c311d737dccaab8ad8e78d7ac07ab040dd
20260809,98,99,99,"[1919,4083,5909,7263,10043,11131,11740,13558,16664,17286,17701,22185]",12,0.9755614726,4.390187761,0.2222140659,9d94a3be8bdc23af09c55f0baa51042931e13a422f7b1adbad281f10969088ff,1665619f8afac191785e16fa623538b33e83f9cbf2a5425323c164b5cf155f5c,389a1a06c557b82b372fe7446eefcfd09059b4ae77901958306d1df05566100b,60fdda65458f335f7ec49539f149247284f64cacf674ce61a669d3e27015157a,81a917da187a103a1e76d79ce86f672347d01110cd50c4a93a241302237671ac,fe3fa182dd20fda64c9cc9b04980e7c311d737dccaab8ad8e78d7ac07ab040dd
20260809,99,100,100,"[1638,2619,3019,12647,13225,14542,15336,16628,17701,18242,23704,24201]",12,0.7892901691,4.390187761,0.1797850598,0731db367643c22bf6a0748540211e2a5ea211cecc2da65da9b84e501cc45839,90481f174a1bb5ff80e8d53b7e224110040532fe44dbdcd723252e3bf8557763,32accb48213ba2c55373af75e5511346f9a3701d88812b3018695d434e555aa3,058c02911767cf69f8d8fe99bafda83e93ded625fd0433035461d67a082bfe6b,81a917da187a103a1e76d79ce86f672347d01110cd50c4a93a241302237671ac,fe3fa182dd20fda64c9cc9b04980e7c311d737dccaab8ad8e78d7ac07ab040dd
20260810,0,1,1,"[875,1496,7796,12644,14260,15336,15707,16664,16790,17701,18053,19959]",12,0.9273231713,4.517619815,0.2052680857,b004792d78107a6546f65c575591387afee2600ff285f91d23389d27108ec4f2,ae6727bdae201cf852d3a99a1a45d881587757bf20504952aabd3bbd61031670,1eaf7e375f67697c16c36bbcae486f43650c0455d54b14b56f50c6f1a9818105,a29fcc5c7f9d9958093de631a6dd092705cf83e240d6805a4acfab66957f105e,81a917da187a103a1e76d79ce86f672347d01110cd50c4a93a241302237671ac,fe3fa182dd20fda64c9cc9b04980e7c311d737dccaab8ad8e78d7ac07ab040dd
20260810,1,2,2,"[821,875,2761,3015,4083,8559,11131,12325,15707,23245,23704,23939]",12,0.532240181,4.517619815,0.1178142922,18ac08454f5c0c3d81ea8836d597105a9b5054e0b8aa9133ed066b9471052adb,3f5d2b4f85bad0fe6c49997f1e0acf4828f7154d9a3d259b09913b1cf4bfc8e7,655a629020588d8ea1d45321832b59d41300d652542448f68a6d4c8a2c7ee21b,93c43a5deb2a4c3e077284a6c3ad5af175bc243083e3ae0932b788b676b446e2,81a917da187a103a1e76d79ce86f672347d01110cd50c4a93a241302237671ac,fe3fa182dd20fda64c9cc9b04980e7c311d737dccaab8ad8e78d7ac07ab040dd
20260810,2,3,3,"[821,2040,7693,8271,12022,14260,14388,18829,19448,21677,23747,24368]",12,0.4406199567,4.517619815,0.0975336515,bd4ffde7c4d052b53d766c096ea084dccf73dfe7568ae933ab636ef99d2ee212,dd3f2051f1c69a2943692d9418d354718318c76708bd6d4aee11b81e1e9b8758,5d2f3cc695579b76d2efdcd121c971d4f7e04c7de9915a847687e9fbeaa0df55,58352ece93d3a12f8e9167330a0fc339167729d9365f85dffc35f339004ac9df,81a917da187a103a1e76d79ce86f672347d01110cd50c4a93a241302237671ac,fe3fa182dd20fda64c9cc9b04980e7c311d737dccaab8ad8e78d7ac07ab040dd
20260810,3,4,4,"[2087,6666,11067,12289,12937,13344,14542,15336,17701,18649,18829,23704]",12,0.6877087498,4.517619815,0.1522281152,edf086f515890ed532c1e78ac354ea89ff1d0d31c280e039d7c9214b9cd9c4c1,d89dc7aaacf410397efc37ea70a784834331bf0daee3da633b0fe9dd63ba7406,1d1ca5c5f8086e12b8196fb5866926128ec0e158fecec28983f4b6bc0de1bf74,2b7af12eddc098857aebaece5543502a84e572e2c8d31a203bfe2a0f144b8202,81a917da187a103a1e76d79ce86f672347d01110cd50c4a93a241302237671ac,fe3fa182dd20fda64c9cc9b04980e7c311d737dccaab8ad8e78d7ac07ab040dd
20260810,4,5,5,"[930,1064,4083,4841,6589,8028,8055,14174,14697,18649,23084,23747]",12,0.3811059173,4.517619815,0.08435989147,cba3881b047750cd239465e2b9f8461db2bc725c8b5cafec5c8b0e918e11e6eb,245fe9670c5e08501fb3da4565d45a37475a3120ccce3b6684ca91fba533972c,ea5484263a4be84d720cbd719ca88308bd052d0796b213466f9e6fd1b2b1991b,29b4a64057f0860f0ccb9429cef00e7d707d301db3f9059753d4123e8228b9be,81a917da187a103a1e76d79ce86f672347d01110cd50c4a93a241302237671ac,fe3fa182dd20fda64c9cc9b04980e7c311d737dccaab8ad8e78d7ac07ab040dd
20260810,5,6,6,"[581,821,3019,7198,7698,12022,14174,17373,21275,23084,23704,24368]",12,1.194966251,4.517619815,0.2645123539,16841234c40a6a0504ae5fedf35205d1eefa9b882f9d344b46e9b4321df5910c,f52bdda184713a2d504aed7cf2e8f3b26a6a1990f36fe9a19a8dfd497d425177,6790c7cc091817843a3e2a229142929a41dc4afff02cec34afa713ae6d2208ea,551a0f00238a97ccb62fb51e591f38f2f793040eea5235c8bb5518e11e5748fb,81a917da187a103a1e76d79ce86f672347d01110cd50c4a93a241302237671ac,fe3fa182dd20fda64c9cc9b04980e7c311d737dccaab8ad8e78d7ac07ab040dd
20260810,6,7,7,"[8271,8371,12568,13225,13344,15707,17373,20976,21234,23608,24297,24368]",12,0.5395565399,4.517619815,0.1194338085,32d786910b895c98a85b7ed5350ef06c1a2acdf09028f8b91cf0b5ba2749cdf4,cd884f5d6f568756270fff25f1b40d2eefc2101fc9e22ad0cde6206ed3fcb6fb,419dc3ecf0613e83b9f1d806793bab3de57849ef0af4b8aa796cf96b11653c69,02eb737b2309898e5626a82f59047d957895816d93287696b166c9d05490414d,81a917da187a103a1e76d79ce86f672347d01110cd50c4a93a241302237671ac,fe3fa182dd20fda64c9cc9b04980e7c311d737dccaab8ad8e78d7ac07ab040dd
20260810,7,8,8,"[6846,7198,7698,10043,11740,12097,12289,16246,16790,17701,22401,23784]",12,0.5402565177,4.517619815,0.1195887525,7fc50f6d4f533b25d3ca00728efb7fd29ece163b34dc29f559fa70cfdd633875,e25abb4096b442ed90ab5c5bfdd55c4976d16a611c39b23769453ed8479b246d,fc7a48abe9e908fd769fa5ec46ab7407ad1690e642afc7d9024c09bfa838dcc1,6d703d4e0d40d21572db6243446bca15721386aeed568273fec1807830716d1c,81a917da187a103a1e76d79ce86f672347d01110cd50c4a93a241302237671ac,fe3fa182dd20fda64c9cc9b04980e7c311d737dccaab8ad8e78d7ac07ab040dd
20260810,8,9,9,"[821,875,4546,12423,13798,13888,14067,14995,16203,23003,23245,23608]",12,0.1250556469,4.517619815,0.02768175544,0a3999e1255a0a53f0c6f906d9b42e8a2239931cbac553865a2d9ca3aee40d09,74b5a1127156c5f5e32c6becba954a7b0aae0af70dcfc0dbeda60b6ae3ae97f5,eb4e1bf5e4f5e86e5335cdcf7215838ec015986d1dbbcf509d9e3e5d49086bf4,83d0b928bad96e373a480f3c6de10c2023f7345b34d8d890eb5614f62a172f80,81a917da187a103a1e76d79ce86f672347d01110cd50c4a93a241302237671ac,fe3fa182dd20fda64c9cc9b04980e7c311d737dccaab8ad8e78d7ac07ab040dd
20260810,9,10,10,"[930,1064,1638,5437,13390,14067,14995,15096,16637,17701,18053,23139]",12,0.2512778505,4.517619815,0.05562173462,6931e52f0779ed527f380d4e3b24bfebb0dcdab6a476084ee64908652d2fa06d,902890ff56ab30a85346177a0ed7b3a7e48b8bd5f77068d47e17cd606305a92e,3390a5d8415d844506a1323a6286ad924d39654ccecafa60c6ecf9d9d14df0f8,539bad837a4b75025f6d8e126dfe98fc98a83823607a29ea5cf1294b1f062119,81a917da187a103a1e76d79ce86f672347d01110cd50c4a93a241302237671ac,fe3fa182dd20fda64c9cc9b04980e7c311d737dccaab8ad8e78d7ac07ab040dd
20260810,10,11,11,"[581,10043,11131,12097,12568,13225,13798,14260,18821,18829,22448,23003]",12,0.3903548018,4.517619815,0.08640718294,f45020115a3601ea71f5f3cd11519aa674f7bdeb6383f5c00fbe4505774ffccd,3cd6bb4607ef25e2999bc40118b9d0f1ca37ccb2c48d96d48b3142a351abbad8,cb6cbb5645c5ccbf73c33d9ccf3442f2bb48247ae8f11ae19a1f7e2d0be831d0,34c46a8900f6f19549fb6f21406290581fb5c8a2c61c807528d6b5812f73ca0a,81a917da187a103a1e76d79ce86f672347d01110cd50c4a93a241302237671ac,fe3fa182dd20fda64c9cc9b04980e7c311d737dccaab8ad8e78d7ac07ab040dd
20260810,11,12,12,"[821,2907,4546,5868,7198,7698,12097,13798,14127,14174,15707,24201]",12,1.000136161,4.517619815,0.2213856415,7083f5eeb901c775ebd0137c1fd23f9d89ba60577e271bf8d174fe8b7fc7570c,f3a112384f9f16feb694d22c6149bd2212a9f8db8688ee46322434651f48f213,7ce658342c2cc15677d4d97d75fe44564e077fbf0578d9dcf480bd3213a0a960,f3f3c6ecef2b0f350f19980b87ce6bdf4fa6412af3d50a155410842ce317323c,81a917da187a103a1e76d79ce86f672347d01110cd50c4a93a241302237671ac,fe3fa182dd20fda64c9cc9b04980e7c311d737dccaab8ad8e78d7ac07ab040dd
20260810,12,13,13,"[2040,2761,5868,12097,12325,14127,14174,16203,18053,20976,21677,21983]",12,1.274651469,4.517619815,0.2821511152,91299a37e01214358c8e4f3fd1383bf89f117a70a53db3279b05d3bd31b3b5eb,5173c105aadb69f4937fbd7a5e690874c9d7a93e7c3653bbe299f1d2bd0ce322,a3af03ba4874c0aec7b34b23c1c77d6969282c9698fd18569c0f888d83b7e7c4,bb5f8d53220efd42103ce41e1f01e46103077977eabb63f582d8ffa348db02de,81a917da187a103a1e76d79ce86f672347d01110cd50c4a93a241302237671ac,fe3fa182dd20fda64c9cc9b04980e7c311d737dccaab8ad8e78d7ac07ab040dd
20260810,13,14,14,"[1638,5868,8028,10892,12937,13344,13798,14260,14995,16584,19192,22550]",12,0.3490431611,4.517619815,0.07726262399,13c25fe6d831675a14a507fca0dece3bcd8c45f1fd02f5604b03f24a9fbf8224,b42d0fad7d0b5aa5d461b3b5fd7cad4ede2bcf51039e090cc73d1fa7c77f74a8,c703a52999aa885841a3a190eb518f86460eef858c0d74c687bcb3d5299913e5,476d801509078fba8e5fc2df892013716aaad5616c42a1191aada7723e0333b6,81a917da187a103a1e76d79ce86f672347d01110cd50c4a93a241302237671ac,fe3fa182dd20fda64c9cc9b04980e7c311d737dccaab8ad8e78d7ac07ab040dd
20260810,14,15,15,"[930,4224,10043,12494,12950,15336,15707,16637,16664,19959,20929,23784]",12,1.06010331,4.517619815,0.2346596999,7ed18625467a64b72f7eaf7b7a63d47a54a04d46d813d6df3fece8de4928c22b,fb496745f378eef613808ef9bfdeda8e6585e0fe4b41052a6cc0179389cf5281,fa9d194223467cd3a3197cf2175677c0b05ef807ddb82ce93339d5deaf6e3bb8,4f0277997cd64ab56a42f726f261b56670beb98aaf1387bab83abdc1016eb88a,81a917da187a103a1e76d79ce86f672347d01110cd50c4a93a241302237671ac,fe3fa182dd20fda64c9cc9b04980e7c311d737dccaab8ad8e78d7ac07ab040dd
20260810,15,16,16,"[821,2040,4841,7768,8559,12741,16203,17373,17954,19959,21966,22625]",12,0.82385197,4.517619815,0.182364166,1d353308b42ffa7fefb6b8aac2a72c648222b8f13761ef39e144e71fd93fbb90,be8522a5409c562671e6a3f3fad71fdd904c446e0d9700e3c3f61cd6d79ac1ba,e45997b4d0f6aceddad049a32e9325fbeab10826f8512a423cca1d2089c527d7,41b7e5f9a72bcb96c0bfb0c75168a44c021cc13fa1a9774636a3cf10c0fa9c60,81a917da187a103a1e76d79ce86f672347d01110cd50c4a93a241302237671ac,fe3fa182dd20fda64c9cc9b04980e7c311d737dccaab8ad8e78d7ac07ab040dd
20260810,16,17,17,"[1638,2040,6886,7698,7768,10892,12289,14542,15096,17270,19016,23245]",12,0.5932814344,4.517619815,0.1313261095,24bb7fd96aec205e27fd8cbde28d95f0e16c8dd13b461d8726583179ef470548,5a6dad451e79cbf7e587e0a2cbc67a6ef3796c49d24e0aa26450708f2a1f23d6,0fc7b3883ad52d3855bcec72e4eb8f04c362d727f4af6aab75791473d58146df,fa45b17d7b2e6385032019e242af17bc8acae8f11da12c4ee30d97375b1e5e84,81a917da187a103a1e76d79ce86f672347d01110cd50c4a93a241302237671ac,fe3fa182dd20fda64c9cc9b04980e7c311d737dccaab8ad8e78d7ac07ab040dd
20260810,17,18,18,"[1638,6846,12097,13558,13798,14260,14388,18821,20976,21966,23139,23704]",12,0.2846191772,4.517619815,0.06300202072,b891aa9229a912bfb978cdbcb38d6e72af615ae512b84542e12403cbf9982f65,ad5ec62b062246ce9dc10581a1d7933d6f55bf619200ebb80d7203fdac2cd811,ab6f36081241fb58a8c26d56e15f03dd738de56cf0da5f0b6a8b72a7dd8b9f18,3198866debdec958bb71628fb8d3783b9ce043d54db1f1abba025cdef2fd055f,81a917da187a103a1e76d79ce86f672347d01110cd50c4a93a241302237671ac,fe3fa182dd20fda64c9cc9b04980e7c311d737dccaab8ad8e78d7ac07ab040dd
20260810,18,19,19,"[1496,5868,6886,7698,11740,12494,13558,18053,18821,19959,22448,23164]",12,0.6500590626,4.517619815,0.1438941499,f1cf5104fc34a3b3d988799d051e63c4ad86c11fa281abea7be5cd03e415dce7,40d6cbe7fc8a60d06a4d43d1c80cab26b231fb5defaf4759c99bb4b90d3f2ed4,ceed2b8aa5a6c30989f99ac63959b1edb961901d6fb217a4162a4e1e7f335482,ff11f8faa5c3833eec5c431e328c5c6bf9fb71319d51f127ab4cc9337349ca51,81a917da187a103a1e76d79ce86f672347d01110cd50c4a93a241302237671ac,fe3fa182dd20fda64c9cc9b04980e7c311d737dccaab8ad8e78d7ac07ab040dd
20260810,19,20,20,"[5336,8371,9450,12644,12741,14777,17701,18821,21275,21498,22448,23688]",12,0.3417132409,4.517619815,0.07564010584,2148c379444328051f1c28170e3bbf106bdfe4a22ee4cd2268abeffa15bca438,601957f1e7452a3599974c3a62a5f42243104cea25e2cd4e8aee205268430898,7a4b156149dbc2c6bf89bea25a5c4ab31e57c7e3d03b6c765b5353b8265f3aed,836f03da9cdb3e1a41527ed61fd7f3f3926b743bc2a733009d8943dd4d53c536,81a917da187a103a1e76d79ce86f672347d01110cd50c4a93a241302237671ac,fe3fa182dd20fda64c9cc9b04980e7c311d737dccaab8ad8e78d7ac07ab040dd
20260810,20,21,21,"[1064,1213,9450,11067,12289,12325,16790,17954,19016,21677,23939,24368]",12,0.4161154064,4.517619815,0.09210943448,d6c47458f8180b72465f40e7965e80a5fd8868e33815367a23e97bae5dda26d7,1c5cabab5ecf0c6cb42bb877160f0d09b8c53139a45e89dad2abee937f601e1d,dd36451b1ceda43dff9ccbff1632d9b035e3f9d7aa24f6d891f6d93b70725970,b450c6c5504ab4ded64c389abb89ecae69ebfe4014d326b7bec96f20a4f73189,81a917da187a103a1e76d79ce86f672347d01110cd50c4a93a241302237671ac,fe3fa182dd20fda64c9cc9b04980e7c311d737dccaab8ad8e78d7ac07ab040dd
20260810,21,22,22,"[25,821,875,1064,8271,12022,12325,13225,13558,15096,22550,24297]",12,0.7397488562,4.517619815,0.1637474791,e6de82109baa3ba0c9a7460eb559a52d4140f6e2e862c6104b4a620eb0532153,05c52f3d8ae69c05fd159f2c136f984e6c80472e5325b8b8540751a719502501,864a4cc3c6aac36574eb0b7e0c9225b47a56ccedc889eca5696a9558cf0ea67a,39b24f8276ada92e7e691d44a85fcea1abbaaf16b3f6f8141a3bb433d518eb19,81a917da187a103a1e76d79ce86f672347d01110cd50c4a93a241302237671ac,fe3fa182dd20fda64c9cc9b04980e7c311d737dccaab8ad8e78d7ac07ab040dd
20260810,22,23,23,"[4546,7198,9450,11067,13390,14127,15018,17954,21677,22448,22625,23139]",12,1.086471556,4.517619815,0.2404964562,9939e9904ea5370a7164a9dd89eff60b331135d5ec5a7657f91850a1e0e5efeb,0940318cfd32b9728ed2858ce15f2d2e6ae0f69cf5e91b7d69268837126c927f,0c2e55a3c505fa49ffb805b541641c7c9b42e99e7f4ee4bedcc98107bc6012f0,3d9b63a21583b607071cbc0c4676710e1ca5130e89f0fd8b02362dd833b874d1,81a917da187a103a1e76d79ce86f672347d01110cd50c4a93a241302237671ac,fe3fa182dd20fda64c9cc9b04980e7c311d737dccaab8ad8e78d7ac07ab040dd
20260810,23,24,24,"[2087,2907,5437,6886,10428,10471,11131,12494,14777,20976,23164,24201]",12,0.8326899068,4.517619815,0.184320492,ba6be8836c82513a8ffdecf9f6eb8ba6193f5b6d8b6b8aa0884ab1b87fe9eaf9,0676a257932def5df9720d57a215d2d39a491ab78e7a11f42200448112a184f8,b9c23d4d1985308c487f698a282050e11529837bc02ff7d77c425bf0d2daf356,073ba4b3c7d4d2f44a92049d32e82a96bf38d5bba9214ada684da7fa53196b4e,81a917da187a103a1e76d79ce86f672347d01110cd50c4a93a241302237671ac,fe3fa182dd20fda64c9cc9b04980e7c311d737dccaab8ad8e78d7ac07ab040dd
20260810,24,25,25,"[581,930,3015,6846,6886,7768,8271,14127,15707,23139,23704,23939]",12,1.21814446,4.517619815,0.2696429779,d26499b029682f9f6bafd46c1c0206714757e87c957c38a3c01cecc51cd9e0d7,9e2bc16e0114851fda5ee62957c5833865f2d72193792b97cf0e91ff7f53a28a,07f29d67a55101ca51a36db2a4290522db010dc04e2bc2616bd7d50d03edb168,369f7e08a161203954e4c49c821a5216ffd9c5426a80b11a7d6f4c5c8c733fa2,81a917da187a103a1e76d79ce86f672347d01110cd50c4a93a241302237671ac,fe3fa182dd20fda64c9cc9b04980e7c311d737dccaab8ad8e78d7ac07ab040dd
20260810,25,26,26,"[1213,4083,8028,11740,13798,14697,17373,18649,19192,22625,23939,24297]",12,0.6492671792,4.517619815,0.1437188621,9d1099b43456a97cea4ceaf892778db6928b3302dfe42594e724428a1908e910,ef3ba1e15033f625c126f3f2f04c979d77a63320819815dbfb0c8e0ed34eac95,ddf084f450caf25f8ad4fbb4988280bd7e1a5a8042b8620d7194ca57f1952a3f,a7bbb4248b3cb4b9446525b3d93edd9d0265ec99cf470e6c2d6616ac4ac3efab,81a917da187a103a1e76d79ce86f672347d01110cd50c4a93a241302237671ac,fe3fa182dd20fda64c9cc9b04980e7c311d737dccaab8ad8e78d7ac07ab040dd
20260810,26,27,27,"[10471,11067,11908,12097,13344,15018,16664,18053,21275,23003,23245,23608]",12,0.1366428916,4.517619815,0.0302466558,f4dd48f6d352db142db15f27d494fa55c3cbda5b160b78bb85916c00b2bc38c7,118f0e8b068f832b06a515e94e94386953198856cc9c0aa03bfdd865dfaa7d6a,ee854147904f6a0a53651bd4882618c483075ccf8f11d01b93895f0a8cb3af34,e142ac3bbec9843a89e1391279208bd384bf60cd511c02da96e3e79c82af1f78,81a917da187a103a1e76d79ce86f672347d01110cd50c4a93a241302237671ac,fe3fa182dd20fda64c9cc9b04980e7c311d737dccaab8ad8e78d7ac07ab040dd
20260810,27,28,28,"[25,6666,6863,10892,11131,11908,12325,13888,15707,18829,24297,24368]",12,0.7323242283,4.517619815,0.1621039969,a73cff38813670c8b298f03d3a029a491f4d0b32a047c36d224cd9bb0e97f02a,1455d59bd59ef0919988e8d88598c54bfeb89cf808e70cbac06e4a478d92b5bb,be31666ba1a727ec3119fec234aaa4718ba48d296b49e985ffca254b6d4abbd3,0e92f08e2ac52ae414e6d864e03d5fe03dea104d9ddbca63102d295fa62d8355,81a917da187a103a1e76d79ce86f672347d01110cd50c4a93a241302237671ac,fe3fa182dd20fda64c9cc9b04980e7c311d737dccaab8ad8e78d7ac07ab040dd
20260810,28,29,29,"[4083,5909,6863,7768,8055,11067,12494,14388,14697,14777,16664,18649]",12,0.5368977245,4.517619815,0.1188452651,05faf67b8ddbaba9042185d7b3dee230033dd60886292ef113fcf852177d6b34,4cc6a1b84b748f7dc1d347ad55c5562404095cdd49e5b293960ef0f981207488,6b35b11454c9665f09e9b3aeb6b0a2a39f8c79f7a27fa67dddd36451249f971f,c42626ee86c9a140d8e8e1a9e0d2b6ca6c6abd9c8c75ebf6c25eb724833993fe,81a917da187a103a1e76d79ce86f672347d01110cd50c4a93a241302237671ac,fe3fa182dd20fda64c9cc9b04980e7c311d737dccaab8ad8e78d7ac07ab040dd
20260810,29,30,30,"[5868,6863,7198,7693,8371,10892,14777,14784,15018,21677,22401,23704]",12,0.5859772221,4.517619815,0.1297092819,1813a8464c5eabaf4a7b3f2ebb929a2763051e16a549080286f49a541aab7bb4,d695ff00341b9fec2f61db783e0308f979737f8d015f7a1cb1133522a621cb4e,940e0efad86a09dd95f0df26892d7f70b8f74c0d8705730ed090b52e32816cc9,f65cd454e219d2c8341c0910d92cb2c4f11631132c16aba62741b6d8563e6147,81a917da187a103a1e76d79ce86f672347d01110cd50c4a93a241302237671ac,fe3fa182dd20fda64c9cc9b04980e7c311d737dccaab8ad8e78d7ac07ab040dd
20260810,30,31,31,"[930,2761,5926,6589,8271,12097,14388,15336,16790,17270,20976,24297]",12,0.7911371501,4.517619815,0.1751225607,c7ee1caf26822ef23e7756219178cfa08bb96ab9f8683273c253633bede815c7,66f3a07ae00dc909f11aa55a5e2cb79daca437f9710ea77aed93cc8d7e2e67ff,22a60033eef785f2e7eb3cb8263aa408826e5acdb9bfbef6085f1641d6df60d1,f86e90d033bb0aad86ee81fe25f50fa5062e0f94d88b096c18d8cc21804b23b3,81a917da187a103a1e76d79ce86f672347d01110cd50c4a93a241302237671ac,fe3fa182dd20fda64c9cc9b04980e7c311d737dccaab8ad8e78d7ac07ab040dd
20260810,31,32,32,"[821,2907,8371,8559,11131,15096,18649,19959,22550,23139,23688,24368]",12,0.7221244351,4.517619815,0.1598462165,c28555a9d1f6d21b47bb86da7942195463d499d974aa1cc2567b19a4ad764183,86cd60917371199198e035df82edfc82b42c7eca7b4f5f9b1b57ccd8ea7d0786,e0e2367d64202e3c404fff4b5acb74d1651bd3b1022b3454b5b1d30da6a4f90a,bccb71c71c3de6835f9984b3d59e346ba935e99bd469b1e83c328323225413ff,81a917da187a103a1e76d79ce86f672347d01110cd50c4a93a241302237671ac,fe3fa182dd20fda64c9cc9b04980e7c311d737dccaab8ad8e78d7ac07ab040dd
20260810,32,33,33,"[875,6589,6846,11131,13390,14995,19448,19959,21234,21498,21983,23245]",12,0.9431041288,4.517619815,0.2087612875,a209485cfabbde66d383468a573655b3916b662e3bf745fdc7c16bc6d30873b7,533268c71e6b1357475b2858766b82f22446f99e5027d6849009de5d3352e891,5e86c3d24435d327ff362c265f09a2215aee835638a6e42517ff1a215d28bfab,9f2bc103d38615ca938a16dd6342eb868513e0348816400fb8e2bcd4bb89408d,81a917da187a103a1e76d79ce86f672347d01110cd50c4a93a241302237671ac,fe3fa182dd20fda64c9cc9b04980e7c311d737dccaab8ad8e78d7ac07ab040dd
20260810,33,34,34,"[5926,8028,11740,11908,12022,13225,14784,18829,19448,21234,23608,24201]",12,0.2851050742,4.517619815,0.06310957671,36923feb47f91cf06e49e9e6aac78543e7681d06c7a2dbde4aab59f8e4ce3887,42e117d8d9e796a60a2a2a85f6ffb6ebab79290154e523b5d06bf25c0e71a745,7979402e215e6a870ef793578fec1360d67175b447f0d9d402d74c7d97074d21,ccd34929b26482cef505fd7fba69d321e90d6f4dfd20d8c1004e8cfecfdb48d7,81a917da187a103a1e76d79ce86f672347d01110cd50c4a93a241302237671ac,fe3fa182dd20fda64c9cc9b04980e7c311d737dccaab8ad8e78d7ac07ab040dd
20260810,34,35,35,"[2040,2907,5926,13798,14174,14388,16637,18649,18821,22401,22625,23164]",12,0.2197435554,4.517619815,0.04864144492,50ffc82bc1c11cfc690635578ac8497a6c63cbdf08cb10bf7f45e85098408d26,37f21f66d6e0d4adce46bf8606fc61a63c867c50411e2f4b73b6b7f710750363,7ac60ddb93abca60c5ffcff7033aa5b2fe103881e2689eb44238ee543c19c1d0,01f5dfacc08e36ab1a10fa25d4bd0b13ab02bce95333ca67c7c5403e2b7e1a72,81a917da187a103a1e76d79ce86f672347d01110cd50c4a93a241302237671ac,fe3fa182dd20fda64c9cc9b04980e7c311d737dccaab8ad8e78d7ac07ab040dd
20260810,35,36,36,"[2907,5336,7263,13798,14067,16246,16664,16790,19016,21275,21677,23747]",12,0.2020445935,4.517619815,0.04472368233,f9489ac83a9fb722d1233894b15cec2ccae049189ea84367d5b61b2820bf9c95,df5d094f70bc570be91dab9d428689cd4c677ae7b2b75429169771e3bff4624c,7aa0f37bdcf8973f489691efd344e300463b8d70005b7998cb85f7a284839985,da7d30bf74dcece543d9306fa8949d69b4905ee75741376043de6fa6a196819a,81a917da187a103a1e76d79ce86f672347d01110cd50c4a93a241302237671ac,fe3fa182dd20fda64c9cc9b04980e7c311d737dccaab8ad8e78d7ac07ab040dd
20260810,36,37,37,"[7796,10471,11131,14697,16637,16664,16790,17701,18821,19959,21275,22448]",12,0.6000790453,4.517619815,0.132830798,6d221b3697dd94785a8b3ad4420bfc722ba959c383a0679a0a1e8ba2054a3048,4e5f3b7197c10b7799a71d3d2889af402a66dcaade7a17e3c72124efbf4fcf51,1e40a9a340daa403924975232cd659863afd1b647964ba36f05ae9f815e1743e,deaed443995a585dafd6205af9d31d6ab2d55344ca98219b2e6be33a35c4ca04,81a917da187a103a1e76d79ce86f672347d01110cd50c4a93a241302237671ac,fe3fa182dd20fda64c9cc9b04980e7c311d737dccaab8ad8e78d7ac07ab040dd
20260810,37,38,38,"[581,1064,2040,6589,12950,13390,16203,17954,19448,23003,23608,23704]",12,0.423792909,4.517619815,0.09380889193,46f4562fc5f6a2a83f8645e85bf02023fe0d992263101b1ad154b781445bba10,0373424072a5267d0d0793447162cb0d2fce62f7c53b7d55c6499243739062c9,c26ebc9d6cd75eddaf039482cd1a9cd0bcf91d386602079676c7e0107c07cb43,f9ff7c359704d0b09b14be3aac5da587749e79ebe917e94da02a19175db808de,81a917da187a103a1e76d79ce86f672347d01110cd50c4a93a241302237671ac,fe3fa182dd20fda64c9cc9b04980e7c311d737dccaab8ad8e78d7ac07ab040dd
20260810,38,39,39,"[6589,8055,8371,8617,10428,10892,12289,12644,22448,22550,23003,23245]",12,0.6640266848,4.517619815,0.1469859599,eb1a2d2510ffbda7a78e46f0e752d718d34c6dd8f01a23195cfdb77829bcf91a,2870e7eaf382721584a28afd50b2217bf7f60ee29c0be8b91378f5b03bdaa937,2fb144d2d8067d821fce6794cb8de5c173cfc92e899f9a19f96ff4a9818115ab,7bedd25194a62a1b9af36aba2fe9daab60a39f51530427cf6df75c01af87ad2f,81a917da187a103a1e76d79ce86f672347d01110cd50c4a93a241302237671ac,fe3fa182dd20fda64c9cc9b04980e7c311d737dccaab8ad8e78d7ac07ab040dd
20260810,39,40,40,"[2040,4083,5926,10471,13798,17701,21498,22900,23084,23747,23784,24368]",12,0.6411796522,4.517619815,0.1419286435,405b12663c25c66ae8ecf9dab0555584cbbc0c2baf13cb38b5fb79fe470b7c20,71d1434d1f1461dbdaa5bc3bdf0ce9f20bb28321632da7633b39251f23c1dda6,3f4addabb106d8361426fc6f3ef4d8170af555fea2d129b68368bb695ef60309,9b617513d4cb78bdbd7335fd4fb8406d64dadcfc6338747627a57dcdd14354ca,81a917da187a103a1e76d79ce86f672347d01110cd50c4a93a241302237671ac,fe3fa182dd20fda64c9cc9b04980e7c311d737dccaab8ad8e78d7ac07ab040dd
20260810,40,41,41,"[2907,5437,6589,6666,10471,11740,12950,14067,15096,16628,21983,23704]",12,0.4488285208,4.517619815,0.09935066233,536385859de44a76a476855de1245a2a73d61d86252c3eb15303d40bc0451236,5b4e0f77f05ff51fa4681f2a1428d3204e25f865938ac150ea8977c5045b20d9,7e063e60481dcdd3f8b178223da1c7fc37b98904725dc68860b16222b506f378,3afde6760e965fdc7da05cb3ce873b3c935bb37e9c0eb85f6737890fa122fb8d,81a917da187a103a1e76d79ce86f672347d01110cd50c4a93a241302237671ac,fe3fa182dd20fda64c9cc9b04980e7c311d737dccaab8ad8e78d7ac07ab040dd
20260810,41,42,42,"[930,5437,6863,11131,12423,14697,16790,17701,19016,21275,23003,24201]",12,0.1103278716,4.517619815,0.02442168136,60837fc27b9ab234626b86c7321be05d1a2f2adab0efa2fe95373dc43b6d1a87,4f6f925c2798517be73b21fae3b67b9800cfa1c02f75232d61c424f673c2e33d,93aeccef8700980f4f6b88889e231c1be06c5ae1350d7f170ef20d8842ad9ca7,a8ecca778a74bf1008c354ceb39df69e4cbdd24cfbb4cfbeb1ffe1591d5806d9,81a917da187a103a1e76d79ce86f672347d01110cd50c4a93a241302237671ac,fe3fa182dd20fda64c9cc9b04980e7c311d737dccaab8ad8e78d7ac07ab040dd
20260810,42,43,43,"[5926,6846,7768,10043,12022,12568,13558,16246,16584,16790,23704,23747]",12,0.2664876032,4.517619815,0.05898849706,5cbb1d0b32134795be3b91f4536994ac85bcce3cf52039cb36013006afb1edee,9fe46be1b0fa993d5ac3e0caeb1850370d935a0bbcfa6397159a35b17119b2cc,f8d9ad67e39dd0842d9adfd7d0ef4434f194a49688e1c9f0295746d608bdce2c,a4a4d3267207f6c27c17b1a6744aeccc9ac854861c073ef3cefa0cb02525da7e,81a917da187a103a1e76d79ce86f672347d01110cd50c4a93a241302237671ac,fe3fa182dd20fda64c9cc9b04980e7c311d737dccaab8ad8e78d7ac07ab040dd
20260810,43,44,44,"[4083,7198,7263,8028,12423,12741,13558,13888,17373,21234,22900,23747]",12,0.8818203576,4.517619815,0.1951957876,48df82a449fc30169da172a2213ff86c332f408db98fe6c2afe45c5376630467,9f650bb1cc266331ac9d445727d55186ebf83b1f6c49a6b9b03f668b4bc94112,2ba3d42c186c4f28d81a969bb3221171b93be3b2498335709c3cad2a52bd7518,13db484d08070754e1c5c67a57aaaf548f1e7e5badca8a80b32fb01855c2b4b8,81a917da187a103a1e76d79ce86f672347d01110cd50c4a93a241302237671ac,fe3fa182dd20fda64c9cc9b04980e7c311d737dccaab8ad8e78d7ac07ab040dd
20260810,44,45,45,"[4083,4841,6846,11908,12494,13344,14127,14697,16203,18053,21275,23139]",12,0.8654557165,4.517619815,0.1915733842,f789134844119132af84673d8b53db1d3f2f05d5d64e4352b23dcbe517df4e9d,c7a181b1fc081156c6eaf677470bdef8806f517f71ad16b3c5345554920f7c36,322c2cd6526f3fa07698dd0f02b9a67549029c1d640fee20f53657b218f4dc36,0e1896d634f6f2d3675ceee1cd42812b71f3ae2f2bdefcf858ee86d38520cfb8,81a917da187a103a1e76d79ce86f672347d01110cd50c4a93a241302237671ac,fe3fa182dd20fda64c9cc9b04980e7c311d737dccaab8ad8e78d7ac07ab040dd
20260810,45,46,46,"[1213,2087,5926,7263,7698,14260,14388,15096,16203,19192,22550,24201]",12,0.573918608,4.517619815,0.1270400413,f241426251b791b776b13fe43e441a2fbabff6b33698bdc7b364b3605e7df0a7,14d7ed8afcbfab19264d6dfe0dd0946c066e9c80f3c77325d94b25b57286fe73,10aaa5eb7ed84db0f8e58adc69c86ef3dacd91593e11707e3667fb71d8740e40,a1d687ff713a4d3587b9fc2289f11d396a6e7acd1e511c1b9b9f0ca7307bc8dc,81a917da187a103a1e76d79ce86f672347d01110cd50c4a93a241302237671ac,fe3fa182dd20fda64c9cc9b04980e7c311d737dccaab8ad8e78d7ac07ab040dd
20260810,46,47,47,"[2907,4841,7263,8617,10043,12423,12741,13558,14388,14697,17373,24368]",12,0.3861180115,4.517619815,0.08546934609,77dcbb3431f144b7ba5961f160d2a4530092e88a777012ac761aa5f2916a3c02,025da5dd6cd8a4d47f9034522a5bf519bc0619a58f266afeaebef67e1c216070,3c65b6db9220558462347544b8cd0fe19dddc7f2d70f1503b2964fd0981f2525,9f43b2a1eb9885538f14555a4fdb5683e55e7d90668681b586e34d6e1cc0c617,81a917da187a103a1e76d79ce86f672347d01110cd50c4a93a241302237671ac,fe3fa182dd20fda64c9cc9b04980e7c311d737dccaab8ad8e78d7ac07ab040dd
20260810,47,48,48,"[25,1213,2087,2761,11740,13344,13390,15018,17270,17954,18821,23939]",12,0.910950648,4.517619815,0.2016439376,29439e6d942d4ae6c60505dfa14795909e0a887392aa7e840785f9055057f50f,5b68e57ea02abee41c8659697f4ec611f115c5cd6763a00f56fd35efec56e3bf,7854de4b56a8d523fda4f3ec190a0c4d1fc1bfa3cfe3c2983c2fed008f665592,96498072f8aad0002b04c099df0030369eb7adf03e9fb8f96f366a288c84417a,81a917da187a103a1e76d79ce86f672347d01110cd50c4a93a241302237671ac,fe3fa182dd20fda64c9cc9b04980e7c311d737dccaab8ad8e78d7ac07ab040dd
20260810,48,49,49,"[4841,5336,6886,8028,10043,11131,12022,14174,15707,16246,22401,23784]",12,0.5900055917,4.517619815,0.1306009837,b74f872774d207a00d0d169c31d9f112eb4f4aff95ccb917e2b16863637de5d0,0108483975796aa4b3d59c2f1bb7e0b9397ebe86a308c586874e7d8914195c2b,092e86e291d156a2db4c0eaae57e03b50f14479d258b19a24c3dca7a371592d6,431ca86cd886cb00e0277afe6b36727100d5d446c2e5437f1304ea055d8846e5,81a917da187a103a1e76d79ce86f672347d01110cd50c4a93a241302237671ac,fe3fa182dd20fda64c9cc9b04980e7c311d737dccaab8ad8e78d7ac07ab040dd
20260810,49,50,50,"[821,1638,2761,5336,12022,13558,18716,21677,22401,23084,23704,23939]",12,0.1750759013,4.517619815,0.03875401396,62a9b6a1437791019122fa5e4927174da83d91bfc89eacd75c6d8a95990f568f,7a9d0b443b4dce0f90bc5108675af23e4236762155ccdaae2d4124b0bc48d742,c193d22834af582e01cd40f3ba3f8b4ba7de360a9652e7837c04c96253f0f279,6ef2672db67f48318f8c223766daab92a4158682c51611aceb24d3136699869d,81a917da187a103a1e76d79ce86f672347d01110cd50c4a93a241302237671ac,fe3fa182dd20fda64c9cc9b04980e7c311d737dccaab8ad8e78d7ac07ab040dd
20260810,50,51,51,"[5926,6666,7263,7698,9450,10428,12022,12423,14260,19016,22550,23003]",12,0.3024214379,4.517619815,0.06694264907,3dd37322c55856a83d534a20ed147af757597f24028a4f79d88f5a274058d53f,9cd89f68c8564e76cec1395a98f4f1ccaf5670be391d3189c71640a027532d41,94d394c1af3c9d7541199abf88db6ff908539f2d1bd00fc50622c1a1ddbe39f9,df6ac018f8c037c5bcaea3134ada88a7737770df0ec46cbae31ef488e04e9eff,81a917da187a103a1e76d79ce86f672347d01110cd50c4a93a241302237671ac,fe3fa182dd20fda64c9cc9b04980e7c311d737dccaab8ad8e78d7ac07ab040dd
20260810,51,52,52,"[2087,4546,5926,8371,11908,14388,14784,15336,17373,20929,23245,24297]",12,0.9442498636,4.517619815,0.2090149022,a39fbdb481d0d331548be2456cb060e85a5a84abc3a0647a72621b24ec6516df,b513c43986b9c805e16d1893ad506451b540a19c11cb242a9214f56007d52010,aff975e2aa8339a8c97cd77848fc2b07a7601f15a19af0b37181d541cb88c26f,4844c0a304b3153f3b407160c8c06c3a36954dea10cb69bc0be242496f607510,81a917da187a103a1e76d79ce86f672347d01110cd50c4a93a241302237671ac,fe3fa182dd20fda64c9cc9b04980e7c311d737dccaab8ad8e78d7ac07ab040dd
20260810,52,53,53,"[875,1496,5437,5909,8028,11908,12741,13390,22448,23608,23704,23939]",12,0.6807174699,4.517619815,0.150680557,c6839c78dbba3995b8cc2b6c682bcfd1f47b79567221beee251597aa9dde5c37,d15019978b7d21d83beabd8a3cbca6fa183ab2cef985e1af8ee12a8fedc49a3c,99a1c446dcbc77e86e5471644ffb93b32872527cc41a52460eb33fb9f6483c1e,dd7854349e5a2b42e3147cee390f55ae5a77b270fb06746b42db585677c56b48,81a917da187a103a1e76d79ce86f672347d01110cd50c4a93a241302237671ac,fe3fa182dd20fda64c9cc9b04980e7c311d737dccaab8ad8e78d7ac07ab040dd
20260810,53,54,54,"[2761,6863,7198,7796,10471,11908,12022,13344,13390,14260,14697,23245]",12,0.186347278,4.517619815,0.04124899518,cff2632fc455576818c5bf294b5a107a641615e6a866df9076aa82efeedff3bd,448aaf0bbf89d09b757f209310ff9e89f90b42a5e1a1d8656679e69fc67706ca,6d0d92c21d3bb2ecfda16e04b568031fc0e3a31c0026b9c7483e16ca476378ec,4dd55894b8e23cb51e760578d714af16608536715292e9effaf80574af0004aa,81a917da187a103a1e76d79ce86f672347d01110cd50c4a93a241302237671ac,fe3fa182dd20fda64c9cc9b04980e7c311d737dccaab8ad8e78d7ac07ab040dd
20260810,54,55,55,"[5437,6846,8617,14067,14127,14777,17954,19959,21498,22900,23704,24201]",12,1.964426697,4.517619815,0.4348366568,cc684f1ab21ee3aa49f9ef8f00e0ad920c0abcb0bc6388e41ed3163efdb968da,9f751bd635da99081430e7b4cdbde90d1d3a5c461a746feb7cb9f9d3bd056502,dbfe641340710ba97b4741a43dddc165263a23075b58d53e6a888aa52f6d11e6,b3b1e7a03ade0265fdfed8b7ab6838ad5d8ca725289bebf5f7f623c8402d8454,81a917da187a103a1e76d79ce86f672347d01110cd50c4a93a241302237671ac,fe3fa182dd20fda64c9cc9b04980e7c311d737dccaab8ad8e78d7ac07ab040dd
20260810,55,56,56,"[25,6886,10471,12325,12568,14174,14260,16584,16628,16637,18649,18716]",12,0.5808899625,4.517619815,0.128583189,7ddb66ce85351693e7e887a679d85e16f2b45524dd8dbe90d3ba846a005ab108,fbc090aa91c04c9ef5ef9ed8d15aae2b5712731afa7a6cf73d005ba34b6191fe,18fe0f4f9f2d6bc25fc76a680275af93af3b328447cfac451269085662722fe8,fc7a68984224733b8a4ccd04bb8d336dcfa031dbe42514c372ef8dfa9a61f8f5,81a917da187a103a1e76d79ce86f672347d01110cd50c4a93a241302237671ac,fe3fa182dd20fda64c9cc9b04980e7c311d737dccaab8ad8e78d7ac07ab040dd
20260810,56,57,57,"[1213,2087,4546,5868,10428,10892,13390,13888,14127,16664,18716,23704]",12,1.251491151,4.517619815,0.2770244514,9c3dbf1ca3bfdf4484bdbda8cfaa6772ab39fcfe6a21e5c2f1d5928f6a8d1cdb,f58b3f1144b3d812afe1ddf330f76d0d0c9517ce07b2aef17e2be4b1108074d3,5bc1c9f50fe83746d174f8f13778326e31f3e8733bb6b9ca2f489b9def9a6f2c,ed3d96308738c10c937537e38dbb95ca450266e11b0eef92ae9e4e948462b1f0,81a917da187a103a1e76d79ce86f672347d01110cd50c4a93a241302237671ac,fe3fa182dd20fda64c9cc9b04980e7c311d737dccaab8ad8e78d7ac07ab040dd
20260810,57,58,58,"[930,2761,5336,6666,8617,13888,14995,16203,18821,19016,20929,23939]",12,0.3254625305,4.517619815,0.07204292167,6f51c34b9d720c56c7376232b0619a81e3ec1c0f8e1a4938babdf9beb6139a4e,8880ab575c364fec16d71983960906e236b96602ceb099e02ea7252e1c6d5de4,f9e14330e6a71ab66d1955cea5439f97a66a060cd70beb5fa137241b234fea96,0f5bf817fb1c938518a6b238af948391db80f4003a812d20aa31e658d0ae2aff,81a917da187a103a1e76d79ce86f672347d01110cd50c4a93a241302237671ac,fe3fa182dd20fda64c9cc9b04980e7c311d737dccaab8ad8e78d7ac07ab040dd
20260810,58,59,59,"[821,930,2907,7768,9450,10471,10892,11131,11908,13390,14697,23245]",12,0.3608771658,4.517619815,0.07988214604,b3e0cc4092aa436fb9b813ce66238c237be8b5639fcaa6bc044c310912c5fcde,e035e77a6dcb54892d8271a4038fe5afb688ef32b40c0085aad970bbcc9b6b35,8dd76ee8dc27a7a23ec8a53029b42c196ec6ecff97ec83bd9ce5050e06965e2f,dd403c5414849858ce3215f16151614783be35404520769c9740490d1440beaa,81a917da187a103a1e76d79ce86f672347d01110cd50c4a93a241302237671ac,fe3fa182dd20fda64c9cc9b04980e7c311d737dccaab8ad8e78d7ac07ab040dd
20260810,59,60,60,"[25,3015,4083,7693,8271,9450,11131,16584,21677,22900,23608,24368]",12,0.6786730607,4.517619815,0.1502280158,b586652e3910f63681f9c048eff3fd661f62da0a3a3e1769adeff94d71789fb4,1ccc009b4b8056f9cb5aac1986ae7ae5af791a4b0dfddebc575e24cccec85551,0e4a4e9e19c973ee5c5fba0e1b74c7aef972055fcfccc8d021baf819a26fb9c6,89f36a6796d0afdce2c0c7334927b6b87b3d9696ef1e0da0201ee9f9ab2f2b57,81a917da187a103a1e76d79ce86f672347d01110cd50c4a93a241302237671ac,fe3fa182dd20fda64c9cc9b04980e7c311d737dccaab8ad8e78d7ac07ab040dd
20260810,60,61,61,"[4841,7768,10428,13344,14127,16203,21234,21275,23084,23688,23784,23939]",12,1.417002406,4.517619815,0.3136612783,f975d111dea7da1ac0a3b7cc80791e98685fbe8f3b159f32c186f1e8c6ec60f9,30571fcabbcd5ea968d335c2d8295a56f601f761f61ccf936b3d4fe9868132a2,e2422203a3672bf1ff7c2e1ccfa715d5b7c8efec690efc6c67ca98ed484aa353,4d122f5006f598c75439f75e8454bc663068cd3ce0bb4766b279ec3f05a48ead,81a917da187a103a1e76d79ce86f672347d01110cd50c4a93a241302237671ac,fe3fa182dd20fda64c9cc9b04980e7c311d737dccaab8ad8e78d7ac07ab040dd
20260810,61,62,62,"[2907,6666,8055,11740,12022,12937,13798,14777,18716,19192,20976,23003]",12,0.4369101191,4.517619815,0.09671245854,b04b72ebf3b2d0598891dcb72aa29d92cbdc1d3b49b76be69ce07b0bf23e21a3,a38dcf1ce31ded81e292e169f7c4351fa9fc7c3f6f46c0607ad86eda4ce636ba,4c852087be7e0fe569b93dd339d8bfc6b29b2366d16b36b5ff8430ef6c47d754,407a4b760c3863a86b58bb18375c662d4f2d8caf2d9bae3379bfd89841fe8776,81a917da187a103a1e76d79ce86f672347d01110cd50c4a93a241302237671ac,fe3fa182dd20fda64c9cc9b04980e7c311d737dccaab8ad8e78d7ac07ab040dd
20260810,62,63,63,"[2761,2907,8271,12568,14067,16584,16664,16790,20976,23084,23747,23939]",12,0.293446517,4.517619815,0.06495600095,a8248f5952f9ddf129c87afd104c08a81e67f32e17e42a6f53debf41183dccdf,03bb69800629af6da5fc4c22b0b0401cd03bbfc59674556db045bd54c22dfda2,c578d9180fa41267a86721c76cc207175579313b790fa85183d16f3de21b92d6,f8bec34064245d69b0cc6519b77b60627ee18f17840f15a78305707bb88272a4,81a917da187a103a1e76d79ce86f672347d01110cd50c4a93a241302237671ac,fe3fa182dd20fda64c9cc9b04980e7c311d737dccaab8ad8e78d7ac07ab040dd
20260810,63,64,64,"[4546,5868,7263,7796,9450,10428,11131,11908,12741,13798,14995,22550]",12,0.4200018152,4.517619815,0.09296971245,8cad03d3d6b5999fb12716ea514300d5781de957620cd171d12dfc9461e07403,be07800eca2424e065ce947da696d86a9187305b81b2cafaed41581cea9c7530,401518c7620ced903f6b916bee6666edf155689b9dd27f5f05277a1f622d4a12,5366e5926da2fc1bfb194cd7fff95a6ca71d0f39d819f2f532ed867b725652c5,81a917da187a103a1e76d79ce86f672347d01110cd50c4a93a241302237671ac,fe3fa182dd20fda64c9cc9b04980e7c311d737dccaab8ad8e78d7ac07ab040dd
20260810,64,65,65,"[581,5926,6589,12325,12568,13558,13798,14777,21966,21983,24201,24297]",12,0.7111991342,4.517619815,0.1574278411,df4ae7fae7feeffe8043a40e473d3bb1b802c5e06865a52dbe98fb1010ae5215,5942be07e751c6bb6f46c359255ab80d222dd7e40fd7d21b2a641cf95bd4cf3f,557808f09d03c580df9d5e5ad2152499aae52fedfcb67a4bf9a540da5a98c495,df7f21f7630e9f4963a7d90576c838edb3778af891ee2997722044e9d1ccc331,81a917da187a103a1e76d79ce86f672347d01110cd50c4a93a241302237671ac,fe3fa182dd20fda64c9cc9b04980e7c311d737dccaab8ad8e78d7ac07ab040dd
20260810,65,66,66,"[821,4841,7796,9450,13225,14784,18821,21234,22900,23084,23747,24368]",12,0.603754104,4.517619815,0.1336442925,6864df408199292d0dca2ba7945e6ec2bf9de4315eca1819de756cff13be5ee3,4b169702df5818d4867b97a963a51fdc3743109312fda3b880b00cf9059959de,409b7d9b4cbac2e4a5ecb303a8f5246db463d74256a5a8ded4e8fe227f729e86,bd7b19d7e7b6f3fd24a967d5b732fa8c8a573a84d32d7f94e3f82850d411dd38,81a917da187a103a1e76d79ce86f672347d01110cd50c4a93a241302237671ac,fe3fa182dd20fda64c9cc9b04980e7c311d737dccaab8ad8e78d7ac07ab040dd
20260810,66,67,67,"[4546,12325,13344,14260,14995,16584,17373,18649,20929,23084,23608,23784]",12,0.9435498142,4.517619815,0.2088599424,332fb58f1a5e3ba92e6cac518f76f5ee2b6324a1551a47a2d6e31ecc0e7a27da,16f84321f89d6ef14fd49b1d67581dd3576d75b962bdae57bd7f7ac8ef31aeb6,599126cbd14bde08fec6cffd0af8a8b13a24bdfca70de3e166ccb4a306ceff8e,2d1635932988cc43cc59c4089e463595055d0fa4ea10a7db94d8dc4bcf332a2a,81a917da187a103a1e76d79ce86f672347d01110cd50c4a93a241302237671ac,fe3fa182dd20fda64c9cc9b04980e7c311d737dccaab8ad8e78d7ac07ab040dd
20260810,67,68,68,"[2087,3019,5437,10471,10892,11067,12097,12937,14260,16246,17954,22448]",12,0.9785046339,4.517619815,0.216597384,69a689db80e0d88b1fc2edc1f6de679dfa84458bde6cc0930e6d2ee7f1fb37e2,22b2ce4f168e4087ceabc31fbdb25a463191dcbeffe0f046ae7250a969a6dc5e,75cae287f54134afd2a5fcb69f73aa3d033049e4ce7b9e5e1fadbd34d63fa279,d6411365bd3322db016758758d3a6288970bdc643388d5a724cce09cd14ad8ab,81a917da187a103a1e76d79ce86f672347d01110cd50c4a93a241302237671ac,fe3fa182dd20fda64c9cc9b04980e7c311d737dccaab8ad8e78d7ac07ab040dd
20260810,68,69,69,"[930,4546,13390,13558,15018,15096,18821,19192,21677,22448,23003,23608]",12,0.3775190004,4.517619815,0.08356590768,acd4e8dadb81e7d027c448bfcf4b4ee06275b8ededa4fd1c2dac49e369cdf6a7,cadf4a3cdf8552342e478f6848c5f120d50cdf6ee8933beccced8d4948202d5d,e59d86f9586ce91bcf998e2737451babb80a9664205e8a4ccc48449a7ef54175,25f518282e86954cf138433320137a2d5b2c6d040aed37d2f3912049a64effdf,81a917da187a103a1e76d79ce86f672347d01110cd50c4a93a241302237671ac,fe3fa182dd20fda64c9cc9b04980e7c311d737dccaab8ad8e78d7ac07ab040dd
20260810,69,70,70,"[25,581,875,5336,6666,12423,14067,14127,18716,21966,22900,23164]",12,1.218705427,4.517619815,0.269767151,35c186c766f2942cc9ac16860661a3779c6c001cc214fa52c544429e1ac14024,620e4750ed48defbf9ed94adfebc6e064a2be9286596bf49c0a54c862f24fbd2,04e7d2f6699cc0aa8b0d7a47d85f2e025219eb50983070267d7f3d59a789278e,49e30d316d535bd4beaaf130253cd9486a91fd635d89fc95a69954cf32ccc5ae,81a917da187a103a1e76d79ce86f672347d01110cd50c4a93a241302237671ac,fe3fa182dd20fda64c9cc9b04980e7c311d737dccaab8ad8e78d7ac07ab040dd
20260810,70,71,71,"[1496,4546,8055,12289,13225,14388,14777,15707,17373,23084,23688,24297]",12,0.7929209884,4.517619815,0.1755174231,041492d03289854309a3b031a4fa9eddfe77ae40b20095c06ef24978bb23f9a5,d6fc4b709da8211bd1203a59529f24c05776fd916c9b0ef060a6b4d97c2ae280,963975d882fe53c60d414756c69d86521729fdf48e90da8881c4b09a916450d9,e3978f3998f142b9913bdd43741a101586f1f85dcbbaaff5cff95dfe9d71cf44,81a917da187a103a1e76d79ce86f672347d01110cd50c4a93a241302237671ac,fe3fa182dd20fda64c9cc9b04980e7c311d737dccaab8ad8e78d7ac07ab040dd
20260810,71,72,72,"[3019,4083,7698,8371,12568,12937,15018,17373,18053,18716,19192,21498]",12,0.7434057236,4.517619815,0.1645569468,e219347548322b72e7726c469841025eafcb8a51a0167646acd874b07d26c58c,6ae5666dae1fd7a5e34058862b0d63b5ab402dd3d10ec32e4e68235f548465e1,c9408cb5ab6d59d38a7ab70ae0706bf3c9178a11c48e3e02f8d008f2da740123,837f237e564e80f6c64fdf34abdcb223a50764244e004c8af7311d40e80dd985,81a917da187a103a1e76d79ce86f672347d01110cd50c4a93a241302237671ac,fe3fa182dd20fda64c9cc9b04980e7c311d737dccaab8ad8e78d7ac07ab040dd
20260810,72,73,73,"[2907,5926,10892,12097,14784,17373,17954,21498,22448,23164,23245,24368]",12,0.2472475227,4.517619815,0.05472959939,76541bda4ab30a337e235a465e6edf4935d47de93b9455ab1671e032c96a6690,a400f292792bf405981ef09850b21cf2ec95c0fc6d0ca81c4a9907e49a305714,a77dcea5102d80196212aa38a93e73d836d2411d918a1e1b927e003f891eeeb8,26fba8ec9e08e74594d3661cce279a8fe944ee503e9ea2fb69cc6fe4d6539c84,81a917da187a103a1e76d79ce86f672347d01110cd50c4a93a241302237671ac,fe3fa182dd20fda64c9cc9b04980e7c311d737dccaab8ad8e78d7ac07ab040dd
20260810,73,74,74,"[875,930,2087,3019,10043,13390,16203,16246,21234,21677,23003,24368]",12,0.8749634695,4.517619815,0.1936779776,a9145ccee0310f474a15380f4a8322f989d30af4b75268342e8a641c8dc76feb,ef417f46f49081d43ebc01a6957e5d3f3bb5da8fe6b64f2e37ca801327b4c3e4,399b27565c1c589c47bbb68b029caf38bea1acc783c9287f7c79384e6d53e9b9,cbe0d8180844f62d711de58ea34e7819bf84a10ba21868e3d0a6ebe583ae7d25,81a917da187a103a1e76d79ce86f672347d01110cd50c4a93a241302237671ac,fe3fa182dd20fda64c9cc9b04980e7c311d737dccaab8ad8e78d7ac07ab040dd
20260810,74,75,75,"[930,2087,6846,7263,8559,12097,12950,14542,21234,22448,22900,24368]",12,1.003082798,4.517619815,0.2220378959,7091e74152e82c6c859ade72c4e832ef1d967c714bc66964bd5b5080292711b2,1978022197bd69e878a8fe676e27c446f3d2d68ebb90e72e08936b23ab1ce253,ef48f0d3473a6b17f1c0859b63eff126e8f8d502dc0df06c99620230523ac783,aa4e4a31df0cc0b0feb107ddeaaaa71e6707d1512f4fa4934b5a509160e1446a,81a917da187a103a1e76d79ce86f672347d01110cd50c4a93a241302237671ac,fe3fa182dd20fda64c9cc9b04980e7c311d737dccaab8ad8e78d7ac07ab040dd
20260810,75,76,76,"[1064,2761,2907,4546,5868,6589,7263,10471,14127,16790,18821,19959]",12,1.753110967,4.517619815,0.3880607573,c939265c6b345f3895c9c863986f1e66d5adcfb8b5a59f108418a5e72a3868d4,675981b5de195a02099d72d29c64d9ad24001fb987e57206053da4e4c0631e85,85c9b8386e697c760ded168de0a0ad97a9e3f8bbd4b69a158aeb41cb3254e9ba,753c997b226588927462abf76a5368be1e2d31dbb6492f475f56158acc6d0b88,81a917da187a103a1e76d79ce86f672347d01110cd50c4a93a241302237671ac,fe3fa182dd20fda64c9cc9b04980e7c311d737dccaab8ad8e78d7ac07ab040dd
20260810,76,77,77,"[2761,4083,5437,7198,7796,12097,12423,12741,12950,13888,24201,24368]",12,0.4681577333,4.517619815,0.1036292899,06f46e1f211b87e5ce77458f926c257aaf2c0a6399c4f7fa35775614588a82f8,13b2fb5939acaebbd3e0ca7c6a6f7d05007d1cc3f18d7095aa40a9e7886a4dc0,5f06593eb6862aedb975e79ae061bf5575de19c7a2b423c685aab6d2da5d171b,b373944ad2469af5d6f81f91a4c67087e1e3544328d25da69a64d700ed5d471a,81a917da187a103a1e76d79ce86f672347d01110cd50c4a93a241302237671ac,fe3fa182dd20fda64c9cc9b04980e7c311d737dccaab8ad8e78d7ac07ab040dd
20260810,77,78,78,"[2761,3015,7263,7698,7768,10892,12022,12097,12423,16628,16664,24297]",12,0.423883063,4.517619815,0.09382884801,9ce734ef725f358c6c93ed4744e359005f5656542796e4807cd7ad962f7e34ab,7356fe40aa448af00eadb6997654ca6de04f45a9221209ea4c0738c24839c953,07b0ded07ff5a3f2509129191b79588fb88d732bfb7e9a97e75d1ab478af8cd5,bcce1d78da07ba2951f4cab3784eec8cfe5e6f718ce3301f06d8633329695e9f,81a917da187a103a1e76d79ce86f672347d01110cd50c4a93a241302237671ac,fe3fa182dd20fda64c9cc9b04980e7c311d737dccaab8ad8e78d7ac07ab040dd
20260810,78,79,79,"[2040,2087,5336,5868,7698,9450,11740,11908,12644,13225,13344,21983]",12,0.8330803076,4.517619815,0.1844069093,3ccd0f110088db88b7810dbf1dcbfa0c22ec4bca8ce62b19191a8ed0e44ee5cf,4c46312ba1d5ef75dd6da28da135775db444e92fd9d3c7ee2cac3d12e7a4bba2,557952d39d90b03091cb0bc8e6356359d852bd0a4d0550ba02ff078f177ff726,3b824dd1b31894051b06dcc2e1fe38bd9c722601c0d3f9ab7a3b6bc9b7e46b73,81a917da187a103a1e76d79ce86f672347d01110cd50c4a93a241302237671ac,fe3fa182dd20fda64c9cc9b04980e7c311d737dccaab8ad8e78d7ac07ab040dd
20260810,79,80,80,"[2761,2907,5926,6589,6846,7768,7796,14260,14777,19959,21498,22625]",12,0.834376475,4.517619815,0.1846938231,2c1d430c9ffc1dd75bfce43816dafca19dad48b7a94a10a37c44a0d019011a7f,8123e45fa84c53d67e9020319172f5aeea6fe124878d76e31cceb17f1c4f7d3e,917c519853df6a411a4a9b6eec22fff629175ae7b1316d33c453a47729c3b686,77909b72de852ad2531c5a57ca2c6731dbdc927cc82db1d6e86119768652f65a,81a917da187a103a1e76d79ce86f672347d01110cd50c4a93a241302237671ac,fe3fa182dd20fda64c9cc9b04980e7c311d737dccaab8ad8e78d7ac07ab040dd
20260810,80,81,81,"[930,2087,5868,7198,10043,13225,15096,17701,19192,21677,22448,23164]",12,0.7006784058,4.517619815,0.1550990199,6ee90cee4170a35ce2bf674aaee55f087c09c8fa69ef5153f70ac4a482ab58ad,7bebbd5227ce7bdba670dd3ac72d100f5cd3f4378e7ee8dfe5d81fdd3f7775be,1463b844e14563b0876bfd1fd8bad0a17774bdf135412dca92be711917c7ead3,73c0d8f4e95c755b5a23ab0b708715e2299ddccf99dca84d64c37b19a0ec9047,81a917da187a103a1e76d79ce86f672347d01110cd50c4a93a241302237671ac,fe3fa182dd20fda64c9cc9b04980e7c311d737dccaab8ad8e78d7ac07ab040dd
20260810,81,82,82,"[6666,7198,10471,13225,13558,14174,14995,17373,18649,22625,22900,24297]",12,0.7274972932,4.517619815,0.1610355282,7e8ed22a9fa143d11d3d23475f7ec18819e986ba0e3dc76d1c61b8fa7ccb8755,e9192d09e90a3bb87a1fb46b93b9a1568703c99f04e7cadcafee53eb817542e6,86809aba234e60129ec287e24ce1821cdf8c32caf3cfc2838da689ace0910a42,0bcf4c4340d1b1b7ea162afb2615f429a04f3fd51ea72156a6dc0da861eebc49,81a917da187a103a1e76d79ce86f672347d01110cd50c4a93a241302237671ac,fe3fa182dd20fda64c9cc9b04980e7c311d737dccaab8ad8e78d7ac07ab040dd
20260810,82,83,83,"[25,3015,3019,5437,10892,11740,11908,15018,16790,18649,19016,21498]",12,0.9840191031,4.517619815,0.2178180421,93d1ab729c85316f99590d330a3875cd2088f57df52a17bbe5f30298be68cb6e,5eb677efacaee96a4e9bdab734a45533751c6ae9cd4aef88e20ad24cfe540299,c75dc8a6a9a10d86482b736ce8d5abeb7fa63bbeace39a98c677ef04b3362f00,a12a94879a9dac7632c08f76d3d414014bd74550610e484e5cdfaaec41e9f2f5,81a917da187a103a1e76d79ce86f672347d01110cd50c4a93a241302237671ac,fe3fa182dd20fda64c9cc9b04980e7c311d737dccaab8ad8e78d7ac07ab040dd
20260810,83,84,84,"[2087,2761,8271,8617,12289,13558,14260,15018,18649,20929,21966,23608]",12,0.5568962431,4.517619815,0.1232720472,0388c70f4f3855c36d6048499e451b47e9986f2e49961d9c423228bb67107770,f08f3dc6269b7381dbdc951a9ee9e2a1c61b91061323c80a32f4e50b5d4b7f59,caad4c0e8d75452d5ddc669be4e16906e7d85476ff0f7a380fade466de302451,d92dc157dd47c298f0ed68a0663592b015cbd5d0d23b5f70a079fe851d9813e1,81a917da187a103a1e76d79ce86f672347d01110cd50c4a93a241302237671ac,fe3fa182dd20fda64c9cc9b04980e7c311d737dccaab8ad8e78d7ac07ab040dd
20260810,84,85,85,"[1496,5926,6589,8055,10043,12289,15018,18716,18829,21275,23704,23939]",12,0.5083159049,4.517619815,0.1125185221,dfb14bd41ce1fde5646941e9b9e0cf6dc4ee866c9bebb87a5f81d212da2a9966,1315c4d46f87607e0bfce7597a77a8d2a5a82c788234936ea0dcdac00268dada,ebf98c6b3e7565a5f42baeddbf10f236846f128e6fff9408595f7062c4ebf6fe,ad94f3e6aa1c59c549b7b461295e042becca8835c5f7e38b2835ddca777a97b0,81a917da187a103a1e76d79ce86f672347d01110cd50c4a93a241302237671ac,fe3fa182dd20fda64c9cc9b04980e7c311d737dccaab8ad8e78d7ac07ab040dd
20260810,85,86,86,"[1638,2761,2907,7768,10043,12494,12644,12741,13798,17701,23608,23939]",12,0.1744363419,4.517619815,0.03861244396,f4853e95a6efa0923000b12f39917bcfc2407251947ab8f01ccc96ca4916f49a,1495943dfe3aa29b284dc39451e5148bf11961126084525078d6ffa54f62485f,e456e72d12c97a8cb61e79af81d9a6d31574a0cdf31a1ffbfcde6b77d9007fca,dbe191e073f84c3ecbed01087eb13b6fa092c467f63346c6c7a722807226e1ce,81a917da187a103a1e76d79ce86f672347d01110cd50c4a93a241302237671ac,fe3fa182dd20fda64c9cc9b04980e7c311d737dccaab8ad8e78d7ac07ab040dd
20260810,86,87,87,"[581,2040,7768,8055,12950,15096,16246,18649,19959,22401,23164,23784]",12,1.075384793,4.517619815,0.2380423403,71bfb7f37afcc0851ab0ea218fb47f6d1d21334302c278bb4a7960f17e54c4c5,0152e083ea3a4fd9e80e1c4d900504d8da2645af3714a9acc62a8260e2b662f8,fa41ae07bfbd8ec36bf654a7491cf3342fdc30b8a9640ca16bf769b78c8d9533,57728eb04160841cdaa2c1288e98446158e5e5b06633554980393c2741144418,81a917da187a103a1e76d79ce86f672347d01110cd50c4a93a241302237671ac,fe3fa182dd20fda64c9cc9b04980e7c311d737dccaab8ad8e78d7ac07ab040dd
20260810,87,88,88,"[5336,7796,8559,12022,12950,13390,14260,14542,14777,15096,18716,22550]",12,0.6147701581,4.517619815,0.1360827567,6c8b8f01d97884177f6216e175aa5de7c55242dd770a815473182c33fce68691,7eb91f215208a491a6ea18063c74e4a933d62e1ca0a508fff7dbd55060d03cc1,13a6b6a1605cc7c06567c215f8b87207afbbd8e2dee9686cc69c13e653cca59e,6d15692cfa902abdf50164058990c1c0ca55d0af3fb2efa8227ca4af7bc63186,81a917da187a103a1e76d79ce86f672347d01110cd50c4a93a241302237671ac,fe3fa182dd20fda64c9cc9b04980e7c311d737dccaab8ad8e78d7ac07ab040dd
20260810,88,89,89,"[25,930,1213,5437,5926,7698,12950,13225,13888,14995,16637,24297]",12,0.7960365979,4.517619815,0.1762070804,bb5c4d899cd9672e4859dbe6dd7cd7c5f9bb3b40b643107dbad8a474027697e3,68b1bc1487e8be8c0ef625bba4d9f317dc7dde8f6f569c9198e2592bf5688226,020ee72aaef4b059d8c54faada4179601c449eba58ad13bb0a4c826bbb8e6012,a9461d547850807185ab37522f342343971a3b590b1a495b5c42d7cca00a4b8f,81a917da187a103a1e76d79ce86f672347d01110cd50c4a93a241302237671ac,fe3fa182dd20fda64c9cc9b04980e7c311d737dccaab8ad8e78d7ac07ab040dd
20260810,89,90,90,"[2087,6886,7693,9450,10892,11067,11908,12325,13225,14542,14784,22625]",12,0.666296339,4.517619815,0.1474883603,c3652087eac6d3621af190f770e4b99d50df6919710ead4346b62c35849a9e35,d97fe42fdd6df4e5fbfc381d167008e4d5771f444a9b2c0b60b5cd51c0d64938,bb591ec6cc35a49dabd0e37b5742f1760486535a9ae1d5ced1ae122631368325,a8f10c385f0435c2d2fc01d6a0eddfc22e1c6497ce0683801528879576e37631,81a917da187a103a1e76d79ce86f672347d01110cd50c4a93a241302237671ac,fe3fa182dd20fda64c9cc9b04980e7c311d737dccaab8ad8e78d7ac07ab040dd
20260810,90,91,91,"[8028,8271,10043,13390,14542,14995,17701,19192,21498,21966,22448,23139]",12,0.3700566133,4.517619815,0.08191406724,f3bee9dc3d01ef78d064cd312de346970d64ccd9bb16f5d281871ee9f4af7f93,e3311ed924e5abafac271c4f08463f76fa55f47c52c46ca85fe191daec59b278,7ab5c86f58e799a8587aaa6fc82c017eedbbe82f6beeab8a4bc7ff629711a9c1,d0c482ef7d0e2cc029878b1e9e541c9f58324322655a70268c09fd3825f02d59,81a917da187a103a1e76d79ce86f672347d01110cd50c4a93a241302237671ac,fe3fa182dd20fda64c9cc9b04980e7c311d737dccaab8ad8e78d7ac07ab040dd
20260810,91,92,92,"[6846,7198,9450,12937,13390,14174,14697,17373,20929,21966,23003,24201]",12,0.3658126593,4.517619815,0.08097464467,e85c83225f1cfc951b00192687cd857f356ce620f2baedfdb3d515baff85798b,fcde3594bcc18b981816d1012da65d5c1065db8b6385f66947da60ef60612a2c,b91f535f1caff0d4cd088d5ea427a680bfb747ed1a4dad954184498379f30311,c35defe458cef2a4e70accbb61f0eb246684d1dc2ac9401a7955ae62973a4128,81a917da187a103a1e76d79ce86f672347d01110cd50c4a93a241302237671ac,fe3fa182dd20fda64c9cc9b04980e7c311d737dccaab8ad8e78d7ac07ab040dd
20260810,92,93,93,"[6589,7698,8271,9450,12097,14067,14542,14784,19016,20976,23084,23939]",12,0.1659001398,4.517619815,0.03672290866,2389f9a684cec729fcac9bfe922a447a116d229be3a5712212a158b789d5b18f,3385b4198c3b86e5393277cffcffb22290f255f268899122c89de268177b86cc,51a9353ddf67580f88ded0339c9a6fe3a09673c668c0a4763d6435c7983d5a99,64e92d48399b67a99e760fb1f258c10961ce6b01d56b165199e2e86b5a3e3861,81a917da187a103a1e76d79ce86f672347d01110cd50c4a93a241302237671ac,fe3fa182dd20fda64c9cc9b04980e7c311d737dccaab8ad8e78d7ac07ab040dd
20260810,93,94,94,"[821,5909,6846,8559,14784,16637,18821,19959,22401,22900,23704,23747]",12,0.8229553,4.517619815,0.1821656832,dc7ea0d083d6dd5bfc89c56ec4feb65162dba8cdf02b5aaae27e51a2ba7222ce,e58505a18747da27411faa0dbb599b4f5f22c8b54a883d3e6f589772a9ef408f,2668247844896c403da581b8788df6fa6964e7800f7ec506da1a4b78d75575fb,eb20e8d705a0b2f0d5effe217a85bd972ad043a11536e69be2dd34b3779b6149,81a917da187a103a1e76d79ce86f672347d01110cd50c4a93a241302237671ac,fe3fa182dd20fda64c9cc9b04980e7c311d737dccaab8ad8e78d7ac07ab040dd
20260810,94,95,95,"[2040,6666,7198,8617,13390,14777,16584,18649,21677,23747,24201,24368]",12,1.206501374,4.517619815,0.2670657168,c6287c14222427d284d567004acb952c5dadb5f0020246675a552881d14b8cf9,7fdd76c7347562059b049269c7bb7f3513a92e614217e9e3bfcf61c37206aba5,f8c28a33d53c8ce1c7f1720ea77d29cad71e7067f0603fc2de016ad61df3e74d,dc543923430f3f351f78a3c0dd29098c8c7d15d6ebeb68672c49ad4f914640da,81a917da187a103a1e76d79ce86f672347d01110cd50c4a93a241302237671ac,fe3fa182dd20fda64c9cc9b04980e7c311d737dccaab8ad8e78d7ac07ab040dd
20260810,95,96,96,"[4224,5336,6846,8028,8271,10428,12494,15707,20929,21275,21677,23084]",12,0.5082249864,4.517619815,0.1124983968,a3a972096cc2c22236e41a82fa396fe1c1b27b5145bda259446f57ed9755a983,3cb79003a4f01f904fcbce5d5d5e822374b1f2388744cc7e9700978341937544,944d9f7b5161f267cf14faf469aa959897c686ee2c405fb5adc5914cb2ed4fa7,195b4c8ba1bc41c71345983c8340e7281e0cd9c9f34584ece0dcb4ce4d15e7a0,81a917da187a103a1e76d79ce86f672347d01110cd50c4a93a241302237671ac,fe3fa182dd20fda64c9cc9b04980e7c311d737dccaab8ad8e78d7ac07ab040dd
20260810,96,97,97,"[821,7198,7796,8028,8271,12494,16664,19448,21275,21498,22625,24201]",12,0.2232638486,4.517619815,0.04942068119,c0d368e30725efa12aa43ec64849d250c371d8403e82610dc74b8cbef2d682b7,1a251ee91ae34d2b1ec565b0923c79c41a2260bce52f1bba17029bec4e91bef9,b4758ed91300a7e2f2d6e67c5e485e18ec76a145f4b0c77b7d4df4784850f7c3,4d208f5812c772a751f908e232b3130a8a53e656e099af9be7266d500aaa7303,81a917da187a103a1e76d79ce86f672347d01110cd50c4a93a241302237671ac,fe3fa182dd20fda64c9cc9b04980e7c311d737dccaab8ad8e78d7ac07ab040dd
20260810,97,98,98,"[5437,12325,12423,12568,13390,13798,14777,14995,15707,17954,19448,23784]",12,0.7417101955,4.517619815,0.1641816323,98fe8fcfe73d3cda9c9119b0de3fc7533f7311856e249ff217bd4b0c28d371c2,8ea6b5e25ced080c5312c4ba446a1821a1bddd03aa41be0d6374718b796a4229,ae7e358dbfbaaf709f149100ee34451536445140cd02923d203e3bf70f7aae65,3818155e3d0d1516be19fb6c3778720dc90afb5d51c3ddfc9d16a70536878a28,81a917da187a103a1e76d79ce86f672347d01110cd50c4a93a241302237671ac,fe3fa182dd20fda64c9cc9b04980e7c311d737dccaab8ad8e78d7ac07ab040dd
20260810,98,99,99,"[2087,7796,8271,10043,12494,13344,13558,15018,16584,19016,23139,23747]",12,0.4388824813,4.517619815,0.09714905177,ea7a943276b64444f143b5ac86b4533871921c7af972027a9d40b45f8c981432,e5f7792d27afef82053388f1c254fafefecc96f196cf24065370470968400a7a,39a801e340f1e17491e4ae33d73b54eee1ee1457c93cd23e85e7ef87d0288e21,ec51c230e6123ab5952e2e46df3324a756ea8b391b9b4571a24ece6e7d4161cc,81a917da187a103a1e76d79ce86f672347d01110cd50c4a93a241302237671ac,fe3fa182dd20fda64c9cc9b04980e7c311d737dccaab8ad8e78d7ac07ab040dd
20260810,99,100,100,"[875,5336,6886,7693,8028,8055,11131,12097,16790,21498,21677,23784]",12,0.7364581792,4.517619815,0.1630190696,d2ce6f743d69e4ffb72567873f5435b4366c959a4d6519f0ff1725f14e098654,f7efe018665533eb6d6e8d22ea591fcdbacf558de5acd0e2ad87a67956cb0f5b,b50fee312ec779680dc0f9fdd6f2f146004d22cd1a3ddf371beb29fa5ede80e2,323ca98c43106194a9a289c761a8694b90c7d56627fe09947c641f42a4b41917,81a917da187a103a1e76d79ce86f672347d01110cd50c4a93a241302237671ac,fe3fa182dd20fda64c9cc9b04980e7c311d737dccaab8ad8e78d7ac07ab040dd
20260811,0,1,1,"[1638,5437,5868,11067,12097,12647,16628,17119,18829,19959,21275,22746]",12,0.7768931754,4.37375069,0.1776263053,d188329a84d3b0ed974a6c1a79db6f036d99008536dee5f460c383f14768a3e9,e828603a83e3aa9decf4dfa90c816d020cad3ae9aff478693119c1e4f3e3b365,77ae2a03fb30ebf472ae38511ad516ec6b7af9cb48abc57222241f059ad77ddd,0433d78a11ba365cbd61101006bf6ed7152ce672e75d7cdb91521846a78f75ad,81a917da187a103a1e76d79ce86f672347d01110cd50c4a93a241302237671ac,fe3fa182dd20fda64c9cc9b04980e7c311d737dccaab8ad8e78d7ac07ab040dd
20260811,1,2,2,"[2619,4149,9377,10572,12325,12950,14697,14784,16584,16637,22625,23139]",12,1.020426712,4.37375069,0.2333070137,49c4942039781dc8741f49bd204c41f0cf16c0028af295c2f347e6967d908ced,bfaaf910957ca7a1f08d1648b522acfb2788c6ecb9cdc8014c40ff3a6ccb7ec9,b2d74858978d3927b769c1c34fab11916ed01addd8c73219d642c28764dfd7e0,80fda58e8f29196fdb6a03d66cca01265533dffb25353a121483df98373f6639,81a917da187a103a1e76d79ce86f672347d01110cd50c4a93a241302237671ac,fe3fa182dd20fda64c9cc9b04980e7c311d737dccaab8ad8e78d7ac07ab040dd
20260811,2,3,3,"[6589,6846,10572,12647,14260,14777,15096,16628,17701,20761,22401,23003]",12,0.7374952761,4.37375069,0.168618499,0e6e6ed481781aa1c090d8afbaa7b5ab3dfc67f058501103fd3b2bafe2fed32f,3042e18f3ab6e2b82335f79bfe094c6c4bf4065623bcc659e4329a522012ab2d,817ab4accb74b66094b28ff6b4c81294537ebfb439249b0e380af8cea1f94a24,0bb406dccb57d9d778aabfd1d801f113324dedf24251b2a9e2509a6c682afa45,81a917da187a103a1e76d79ce86f672347d01110cd50c4a93a241302237671ac,fe3fa182dd20fda64c9cc9b04980e7c311d737dccaab8ad8e78d7ac07ab040dd
20260811,3,4,4,"[581,6666,8705,11067,11131,13888,14260,16637,18821,21234,23245,23704]",12,0.4756417433,4.37375069,0.1087491668,dc8fc11e345b36e9912e83ab8dcabd1a8bfa13b5a45dc4d3456dd803fb39ff54,a5decabe89d7fe88967611aca4cdf6a3abb859914fcb1337df41ae818c087fc8,e4356e5268536972c549e1d4798d19febd1776f80e4bf8e4c9b083b9d8af390b,72e336fda98796e5a5ba0119accdbfaafafc910a12a8d88879d2abd809b66f90,81a917da187a103a1e76d79ce86f672347d01110cd50c4a93a241302237671ac,fe3fa182dd20fda64c9cc9b04980e7c311d737dccaab8ad8e78d7ac07ab040dd
20260811,4,5,5,"[2040,6863,8028,14535,14777,16584,18749,19014,21966,23245,23704,23784]",12,1.516138684,4.37375069,0.3466449717,c92c33d1117151120ea2a1b6e86bc39c3ec6284c7895552db885eda8c7333bc4,1d52bda79ef4dbe6605d50f52ac99c5426571aa550780853656e23cba0b68bab,0c193a148040c0c1e615e442056df30bfa799473a7e60be9fe9c7bf23c4cf9b6,229a2752f794f88e265973d5d1f691d3b1ed65380b4cdd91b04bd1635b2fb315,81a917da187a103a1e76d79ce86f672347d01110cd50c4a93a241302237671ac,fe3fa182dd20fda64c9cc9b04980e7c311d737dccaab8ad8e78d7ac07ab040dd
20260811,5,6,6,"[581,1213,1919,4083,6846,8705,10509,11740,15096,20761,22625,23164]",12,0.9467090464,4.37375069,0.2164524486,e95187b9f04bf23368530d882a283478e092f57029a53d9e27ebaaf5d1ca45ee,5df8bb3901053d4e085f94c16973de7a534b69d2a46e41c8a8c62e4f65df747b,b2b379867bea0895ea09307e7727f00841545befe99cf95cf1ebf30b9664b1cb,fe2500cf739901dfd5627e4db9a5fb7e17b012e412b9256139ee964d61b02f32,81a917da187a103a1e76d79ce86f672347d01110cd50c4a93a241302237671ac,fe3fa182dd20fda64c9cc9b04980e7c311d737dccaab8ad8e78d7ac07ab040dd
20260811,6,7,7,"[1960,7198,7698,10509,12950,14388,14995,16584,17270,18829,19192,22746]",12,0.7282960924,4.37375069,0.1665152278,21e2aafc1e427ee096ac07c1f022a3626f93e2e17a0cfa939814022a2eb0503f,81ae97a1174f3528d3456697fcdeea293a0eba2f31bbb1f66ba74d0599f140b3,ab4a742b775715faf43d1dd420462fc46c7031b6f30f785e84e581cf802f26b2,eb07e6623094e94d01e4964f9b32f35ce6e50586d0aad7f8b95eeaa94329b87e,81a917da187a103a1e76d79ce86f672347d01110cd50c4a93a241302237671ac,fe3fa182dd20fda64c9cc9b04980e7c311d737dccaab8ad8e78d7ac07ab040dd
20260811,7,8,8,"[1638,4149,6846,10509,14388,14777,16628,21275,22248,22929,23164,23747]",12,0.3443407949,4.37375069,0.07872894897,89f04abbc4ec39f327843f8d73cbd872b036f7e985c7cb99b7c8592cc9e95287,96998737a4e54ba6796b8b2aab77d66d6030cc14407209d6f79fb577423a9c2b,40a3a48560f3330bf94e1db7a2c8f18c05922f6562437bbce4fde8b3438349e0,c4d1f6209fceb7d76280b53284f80251368427948ac8a9fd92851a96d1634387,81a917da187a103a1e76d79ce86f672347d01110cd50c4a93a241302237671ac,fe3fa182dd20fda64c9cc9b04980e7c311d737dccaab8ad8e78d7ac07ab040dd
20260811,8,9,9,"[3015,4149,8271,12950,14121,19192,20311,20761,22401,22448,23003,23784]",12,0.6013814767,4.37375069,0.1374978867,aa4efa9dc7f6d671ab8155969a364f5f480fb739ddebba5ea6e3fbfb42cc1f32,d3a03d5ff3a048b4f88e1f1e14280a97bd64738cea3ef5210d8a2736fe97807c,c57852232126195a080e52b7f93bac5da1d383bd01a6a64af11980cdfe340b78,6628f8dc48c9efd9bd99797c1bd27da5d5fc23a4c179ad95559b62478b12ec31,81a917da187a103a1e76d79ce86f672347d01110cd50c4a93a241302237671ac,fe3fa182dd20fda64c9cc9b04980e7c311d737dccaab8ad8e78d7ac07ab040dd
20260811,9,10,10,"[4546,5336,6863,8705,12325,16637,18829,19959,21498,22401,23164,23704]",12,0.9937580681,4.37375069,0.2272095825,775ab2e4a3d714ca30279d374efa09abfb4352df7aedfaa85fdb171e80a79afd,1354480e43c1db643a416e00014dc3d623f5990f5eaee6d0e0562983f53e8fb0,b76b17b8533d0e9c5af243ce324a77094a2a649e2fa937924f8aaf1fd25f8e8d,afc8328d55abaf2c3135ba3354451444c017c2eb334b33607aeb281ec4d145b1,81a917da187a103a1e76d79ce86f672347d01110cd50c4a93a241302237671ac,fe3fa182dd20fda64c9cc9b04980e7c311d737dccaab8ad8e78d7ac07ab040dd
20260811,10,11,11,"[438,1213,2073,2240,9377,11744,12097,14127,15018,17373,20761,22900]",12,0.9635852385,4.37375069,0.2203109658,882e4390dae00aa1b82b02bf703c0824cb0542033937124631a7819d3078efb5,6f8aaf3f22991c56547f984487f3d3714caf8174c26abd5a176da7d6472fd9fb,1131e4818e158e5a47bccad2df594e39dcb6f25f80ae5fe2560f97a13e61be6c,f9812a45f08528ba398f4c7ebdcd33398d09e89b21f481ed3cbdeea239a33461,81a917da187a103a1e76d79ce86f672347d01110cd50c4a93a241302237671ac,fe3fa182dd20fda64c9cc9b04980e7c311d737dccaab8ad8e78d7ac07ab040dd
20260811,11,12,12,"[1496,2040,4841,5437,6589,11908,12647,13225,14777,20324,21354,23608]",12,0.8666693481,4.37375069,0.1981524347,e158e023a4f9387c1c3d7d07ce7ef66d03c0586d533ce0c861893344c78c91d5,191ed91e854f87f6a9ea5ba2492956e2ad91d20dc5c93f4a3a6027a5485c3a5c,eb702c81299089b3ae236db24e8c20f73dc28ca408c7e8fd9c564a376b96c2ee,3739370824c453d5c9a27e8a8d39a0e59e148966b96fd6207e060804d37c9bb2,81a917da187a103a1e76d79ce86f672347d01110cd50c4a93a241302237671ac,fe3fa182dd20fda64c9cc9b04980e7c311d737dccaab8ad8e78d7ac07ab040dd
20260811,12,13,13,"[1334,2992,5078,5868,6589,14260,16628,18716,18829,19959,23139,23747]",12,0.8717890962,4.37375069,0.1993229971,2b62a2b3e3562e74c5e46993f4012d563d3541cab0937540d6835c9347ba9238,c3cdcc0d4f0f8b7dacf9769cda7b44ac6c72ea7805bc422326cc3adbd468e3c5,4dd37b4d6237650b759ca0bb714d1ef01959c09b1e8849379d40433b7a4f339c,829141ce9356470bfc21d024c35758e916b12ea53ad766c833c01ace4df2cef6,81a917da187a103a1e76d79ce86f672347d01110cd50c4a93a241302237671ac,fe3fa182dd20fda64c9cc9b04980e7c311d737dccaab8ad8e78d7ac07ab040dd
20260811,13,14,14,"[784,2040,8605,11067,11740,14127,17270,17373,18716,18749,18829,21234]",12,2.527258635,4.37375069,0.577824118,717eb77169a9c2aa1dec37b5b7503e28065afb2fd0976a165f9d7f0b65dbb5f8,a448b768d7816e560dcf0738dc021547dd1bc0e2bd2f7b1ecbd58149b2baf593,ed85895a66251f8818ad1784dac8b056bcfed22de783a186f8b23b4675f3b7ff,64e63ced8c3709d05abaa12f3597a3982804ea4dc1a88ec6f6bd460d904f99f5,81a917da187a103a1e76d79ce86f672347d01110cd50c4a93a241302237671ac,fe3fa182dd20fda64c9cc9b04980e7c311d737dccaab8ad8e78d7ac07ab040dd
20260811,14,15,15,"[2992,4149,6846,7195,7698,9377,11740,13758,18829,18913,22248,23784]",12,0.5579821444,4.37375069,0.1275752058,386b71b506a381965c934ec27d4c0f165be5d16dbe2b702410bd5f32dc67e97b,d49fb2f88d3400a52315727f13552377e8daba048a5993b41af90f92f295aa67,55f9d5ab965df5a8a3f3f771bf5c0bef1d963b3b87016dcbe2386db9bd745892,b398e4d1e8ffa37383c2889086156203623b3a5c9bbcb77cb6f5bc11623779ea,81a917da187a103a1e76d79ce86f672347d01110cd50c4a93a241302237671ac,fe3fa182dd20fda64c9cc9b04980e7c311d737dccaab8ad8e78d7ac07ab040dd
20260811,15,16,16,"[581,1960,6666,10509,10572,12423,14260,14542,16628,18913,23139,23784]",12,0.9637104972,4.37375069,0.2203396045,ea91edaf9ff105c8a08d6c72ce59bc4de558c9a7f9bf1b4655ae36a380f8cf0a,1e69b21c416c99b9dd4dbbb160dfadd622ba7a8198d947af58c3e25f43c3f60c,fb500c80a72b5a28a8c0094c7147814eb170cc02c13494dd058a3a765c669666,875096b4f1d9236aa3b1aa7aac8f13608f899e1dbc75918be76e23ffa250ca19,81a917da187a103a1e76d79ce86f672347d01110cd50c4a93a241302237671ac,fe3fa182dd20fda64c9cc9b04980e7c311d737dccaab8ad8e78d7ac07ab040dd
20260811,16,17,17,"[875,2087,4841,8705,10572,12647,13225,14127,18913,19014,19959,24297]",12,1.718363048,4.37375069,0.3928808865,cdcf8837c57bdbef2b5f5b12858d99b5a09be83911226491003ac259a3b27c3f,20d13716f6be699b5122da1f03deaf9f768d74a87341042661ffc937ad1ea23b,e3899f2b08a35ce4f5f8babc17cc99247b3f67fc6031a177f91c957b6e2bb0e0,64c701c7f6efa52470104a0e831684ff6c61881c9fc0b7a2356a9410f1ad934b,81a917da187a103a1e76d79ce86f672347d01110cd50c4a93a241302237671ac,fe3fa182dd20fda64c9cc9b04980e7c311d737dccaab8ad8e78d7ac07ab040dd
20260811,17,18,18,"[1334,1638,2087,4149,11067,15336,16503,18829,19959,21498,22625,23608]",12,0.9266218805,4.37375069,0.2118597849,f43ee9bbd46cfc1d07ff85ff9002f909bcb53ddf0fb2fa904a116d38202b8647,7b81f300d5327ca339fbdc506651c02bff8db91cb76856eba7739dedee9aca67,05c5b34f6b2fbc393f2d5020b9f90fbfd4b7ded579ef2bf10bece21fcae4c69f,e87f01d00677daf5d34d7b0bfa1bc1d76ca21685bc404a465fcc32502f6fd62d,81a917da187a103a1e76d79ce86f672347d01110cd50c4a93a241302237671ac,fe3fa182dd20fda64c9cc9b04980e7c311d737dccaab8ad8e78d7ac07ab040dd
20260811,18,19,19,"[6589,6666,8605,14784,15096,16503,16584,16637,18053,21908,22746,23245]",12,0.2258623441,4.37375069,0.05164042492,109546ab3116813b3523c490070f699a2b57ca63887747538184b952317e8591,ac56d67e904fbc29e12579d8ab20ef64168db5bfee32508244657cb21b21e5a9,f222c9d4daafeb7e4ffb680dcba14965004fcb5843cd63a98154898438544109,eecfb4cfdf28db45d70868dbf094b6ec6b371f1cb6b5e6f8cf1b8547d62ebf26,81a917da187a103a1e76d79ce86f672347d01110cd50c4a93a241302237671ac,fe3fa182dd20fda64c9cc9b04980e7c311d737dccaab8ad8e78d7ac07ab040dd
20260811,19,20,20,"[2087,5909,7195,7768,11131,14127,16503,20311,21354,22448,23608,23704]",12,1.087816819,4.37375069,0.2487148664,7de7cf167a58068981cba0e943fcd7f1401542f1b75d03a232fb87df26ea7906,ec78831462891ff77126840b4bd94b82e54fcb18aa80c70b10584a8cd4c767b7,676e2244b366f3951706922914bab2d505eb75cba023fc39ab35e86094b124d6,833e5d360d4c0267c0a8e85c0da2928357a5cd6f4f94e685c27d3f7586991765,81a917da187a103a1e76d79ce86f672347d01110cd50c4a93a241302237671ac,fe3fa182dd20fda64c9cc9b04980e7c311d737dccaab8ad8e78d7ac07ab040dd
20260811,20,21,21,"[2040,4083,5078,6666,7195,10892,11908,14777,16503,17119,19014,21275]",12,0.9443748045,4.37375069,0.2159187552,d8886160d25f55774e4e024a330fc54820f0547e61bb0b29d24a17d2a41c8e4d,3cdecd8f2f8dc3223973dbcc1c8560166734b6b80524d872799b33be682d67dd,155ab78975a78e36fc519121747f39de9c621cf4b36ae9f111eccdbc668ec081,054579b663b10f1af2cce4c282b4c09473f0281ffe5d565ce631525cebfe34ac,81a917da187a103a1e76d79ce86f672347d01110cd50c4a93a241302237671ac,fe3fa182dd20fda64c9cc9b04980e7c311d737dccaab8ad8e78d7ac07ab040dd
20260811,21,22,22,"[821,1334,10572,13225,13758,14127,14388,14697,16628,18716,18913,22625]",12,1.503150622,4.37375069,0.3436754238,6fffa2d31723b86c792798801b25c0ddf0ff3f010270ba8bd9f5c26696f89754,0653576e354f2979a1ed744d6f3633eed2d404871a8a3fdc5e0b2e4d503b9e65,138a89d6114b3bce56f2d0567f55a7e9caacecaa92407d8767eeff46a79a659b,fca033af37c71fa9b03ba69c3b37d0f888a1f8be2b78deb4ad7dfa87721f10b0,81a917da187a103a1e76d79ce86f672347d01110cd50c4a93a241302237671ac,fe3fa182dd20fda64c9cc9b04980e7c311d737dccaab8ad8e78d7ac07ab040dd
20260811,22,23,23,"[438,2240,3019,5926,7198,8028,8906,11740,14127,21275,22625,22900]",12,1.73838576,4.37375069,0.3974588136,927880f60eb49daaf27c15c1e5462bb933124ff91461f6f152aa75603c8a8455,66b383931344fa01ba5569c27694d354104631c73a406b55c470c5127c329e7c,5baa00de7519a55417ef9564468e1486374d42425ca3b0c2d1a5382ed1df91eb,2eea6c819c8ae9a69791f409187bf1729a8d290c81a264efc33290c05220fedc,81a917da187a103a1e76d79ce86f672347d01110cd50c4a93a241302237671ac,fe3fa182dd20fda64c9cc9b04980e7c311d737dccaab8ad8e78d7ac07ab040dd
20260811,23,24,24,"[2087,6863,7698,12097,13888,14121,14127,14535,16628,18821,19615,23784]",12,1.092149739,4.37375069,0.2497055312,73916458d0eec3071f8ff07363f8b5124ecf33398c3428a5440131e2a453e658,d74ee77d8bd5abf42266b84002899e7607238a2952b5797d61f1291ba28a0095,0292b5630e0dedd5dfdf7b9ca1b51fe98414a1e85de28c3eff70b4603e0cb7b9,dbed0870203500a730adcbddebc539c0a185b7c044c9c5e4fc6deda7407b14a5,81a917da187a103a1e76d79ce86f672347d01110cd50c4a93a241302237671ac,fe3fa182dd20fda64c9cc9b04980e7c311d737dccaab8ad8e78d7ac07ab040dd
20260811,24,25,25,"[438,2040,4083,6589,11744,14784,15336,17701,21966,22248,22401,23139]",12,0.3558070517,4.37375069,0.08135055628,9fc321b12efdf1601d41988d68b4a65ddab24087d2ed978583dc040b0a5d1ab1,d2a5a0124cba406624df0d87dc35fc07363609cdd488b2405e888299e1a4eab9,04c580b6b3f00e20a72079ef968fb17e4a8b96d384a63e56c37ea1356e731ac0,31aae943c5681364e72592eaec156f63968d8ef4f894f65d61ed4b721fb21373,81a917da187a103a1e76d79ce86f672347d01110cd50c4a93a241302237671ac,fe3fa182dd20fda64c9cc9b04980e7c311d737dccaab8ad8e78d7ac07ab040dd
20260811,25,26,26,"[438,5868,5926,8705,12097,12568,13888,18749,19014,19615,20324,23747]",12,0.3502162393,4.37375069,0.0800722913,b6091d7118b611030f41bd46555684e67450fe121f5099bc0e11ab5cd087244a,bc53802e3cc381dd09260b778335db9c9e19f4bbf92b3391fb893f89fa6ab742,7bfa1c5fd51d390571b0a0b7f2065c94cc7f4d5ee277fe6adea89cc04ad9f92e,f4b5e3b98237071a9561a501867528cf35596902e1262e4b3ce9d023f2246ca0,81a917da187a103a1e76d79ce86f672347d01110cd50c4a93a241302237671ac,fe3fa182dd20fda64c9cc9b04980e7c311d737dccaab8ad8e78d7ac07ab040dd
20260811,26,27,27,"[581,784,8028,10572,11067,14542,18649,18716,20311,22625,22929,23139]",12,1.997574695,4.37375069,0.4567189208,d18fa49db9ea774ddb97ddec577836d3930319295b2db7682aafaaa3aabc73cf,1b2e5f5c79538af876776d48d6a7e6e73c375b355b468dc6c47c7d14a2f3bca0,17852ba24e87176de7bb8e70d0b75374712cb0053f776ea38553a8e223ab527e,2b8fa3da1968755b2e7ceb319ad9cf5690dc76bcc5badbb988660cc14e2ec8b9,81a917da187a103a1e76d79ce86f672347d01110cd50c4a93a241302237671ac,fe3fa182dd20fda64c9cc9b04980e7c311d737dccaab8ad8e78d7ac07ab040dd
20260811,27,28,28,"[2087,6863,7263,11067,12647,14121,14777,18649,18716,21908,23747,23784]",12,1.05465991,4.37375069,0.2411339797,f5467875c7fcef78b00e3afb858eb49b01c9e9ac8ef5ec08a8c0cd1562025b3d,6530eccf7a81da420eaa3e59ed70e3086aa798e1e10cd599c0d09907d8d693ba,ebc294b14e2a14d9fafb5296666244a7a3c951f38d13cbb36b4b85235f9cba09,7c1bb1de0311595d8801eef73ab1b37562b4813f2baa1830f75d3cd7d0d7ac9d,81a917da187a103a1e76d79ce86f672347d01110cd50c4a93a241302237671ac,fe3fa182dd20fda64c9cc9b04980e7c311d737dccaab8ad8e78d7ac07ab040dd
20260811,28,29,29,"[821,1334,5868,6666,9377,10892,13225,16637,18716,18913,19615,23688]",12,0.251606404,4.37375069,0.05752646226,ec429d668ce6ca1a4202605bd9d42e283275fe3d8f3eac74d672992f997d14fe,9b871bd5452d89d0bdace2ce0800e6fc1c72f1ba7e0d515787e440bc2edd9501,1cae7567ab371ab642d12feb647a88f287569de310f9f53f2f0e72e12e5201d7,f23850a27d53640cbdcb9135484d1d12ee257cef497da70b39411368eb4e579e,81a917da187a103a1e76d79ce86f672347d01110cd50c4a93a241302237671ac,fe3fa182dd20fda64c9cc9b04980e7c311d737dccaab8ad8e78d7ac07ab040dd
20260811,29,30,30,"[1334,5926,7263,11740,12097,14995,18649,18821,19014,22248,23003,24297]",12,0.757000645,4.37375069,0.1730781425,620b8b11d3329c78f219d8a41d715a57ff9cf76d829a0c082a1c30b31dae277d,c267881035f97c01348190cf13b1409321a163f54bbbf4e6f0af37953e137753,6d4fe62d0814f37812259f0207638a93dccdaaeadeaac51d820c73a7afa22122,fd1cde625e4590941319bb014b8b5e0f6f56a98f293299d53da3a00c1f462476,81a917da187a103a1e76d79ce86f672347d01110cd50c4a93a241302237671ac,fe3fa182dd20fda64c9cc9b04980e7c311d737dccaab8ad8e78d7ac07ab040dd
20260811,30,31,31,"[1064,2240,6611,7796,8906,13225,16503,17119,21908,23608,23688,23784]",12,0.5515893459,4.37375069,0.1261135774,fba89c88914b787ee4e302f1ba8651672347f2055e6ec156fb9e5f0782dfa398,af818113cbc31413371cee3b320f30805261aa9528547b4f61d3d275a60b3581,e8c81482ae8bc053854eecb93dac56d3a144b56aecf61a41129033203a08cada,3aab0e1b61601f8cbc1b50b7c74e11de8088b373d19c051bd3d460c9fbea0dec,81a917da187a103a1e76d79ce86f672347d01110cd50c4a93a241302237671ac,fe3fa182dd20fda64c9cc9b04980e7c311d737dccaab8ad8e78d7ac07ab040dd
20260811,31,32,32,"[3015,6589,7698,11908,12325,12423,13225,13758,14260,15096,19959,23164]",12,1.036415839,4.37375069,0.2369627152,c8479add4f7b22910fea23e9044b7e9ac477d452d8d4cb997e53da86191493fa,865a4d59618e2fbc819505cf2e262801d9fcef7fa9f6b8cf5c877a913331e4ef,b5ce65cb4be8d61f8a88c8fae2df8afa301713764bd5ad502a69a1f0ecd742d9,f59e4ecd1667d24d0174f9eff45b72bcb3803f3618fada1b50740b7352f6a6ca,81a917da187a103a1e76d79ce86f672347d01110cd50c4a93a241302237671ac,fe3fa182dd20fda64c9cc9b04980e7c311d737dccaab8ad8e78d7ac07ab040dd
20260811,32,33,33,"[875,8605,9377,10572,11908,13888,14535,16628,20311,22248,23139,23704]",12,0.4784965007,4.37375069,0.1094018691,2e255c3d3f71a0ba60ac904c1534aaeca3a438de0be173dd32f7066e037fab18,f779e9d22c459754255479e9d0cb23fafee62d3bbf0727ac185a9264af4542b8,81a629dca42f1bf377ce6f92522684e7fd8ba216d09fda650e64cc07c1f5bcbe,951709e01eec377e5570ce0b76622c02cbd4e7423c50561489d305136281f6d0,81a917da187a103a1e76d79ce86f672347d01110cd50c4a93a241302237671ac,fe3fa182dd20fda64c9cc9b04980e7c311d737dccaab8ad8e78d7ac07ab040dd
20260811,33,34,34,"[2619,6611,7198,8271,8705,9377,10572,12950,14260,15018,15096,23003]",12,0.6866729196,4.37375069,0.1569986422,36d13e37167da1b4ee6f400ec1bfa4a5c23aa82ae3ec4f588ad4622057352120,ab420933a39b8f6afb234d440e222ab56a5c55ea370b696fe2ef17be17a0c7c8,6c8ae6a4a91fa1c54946c177be3f76c254b3671002457190ea19e79265f04b29,f0fd687ce4aa05f519bde6fd4a41ad68856b7210e2d89d08d6029d4757ae64d7,81a917da187a103a1e76d79ce86f672347d01110cd50c4a93a241302237671ac,fe3fa182dd20fda64c9cc9b04980e7c311d737dccaab8ad8e78d7ac07ab040dd
20260811,34,35,35,"[875,2619,4224,5336,6611,7198,7698,12289,15336,19959,23245,23784]",12,1.194857108,4.37375069,0.2731882068,198bf301a2ee174aa2dae0e71f184871554c37947448e89dcc98e55bd330ec6b,8b2d11ac86d4ba7482be21b04487b4607d64f84ad8e93b04ed70d8f3c2d73dab,e66619da774ea008c5d55202d50df04a4cbd3b09d50875f055ca79a5d85b3654,c91c93146bdee13fcc24d8a889268f5a4282c79d26376b030a0308f3f439e4af,81a917da187a103a1e76d79ce86f672347d01110cd50c4a93a241302237671ac,fe3fa182dd20fda64c9cc9b04980e7c311d737dccaab8ad8e78d7ac07ab040dd
20260811,35,36,36,"[581,821,5336,7698,9377,13888,15018,17701,18716,18821,22401,24297]",12,0.4812266668,4.37375069,0.1100260854,68b976290a482d7de1c508467f25b5a62a89cf3ea8294e375480746d5b1e06e6,dc53e6b0bdf4093cc60fc2e8bcd505142082ba78de24d5a6d894599b1b6dd97e,6422426b570ff8fdda688992db5d0f991c8014b01a4ee50341d9edad1f2b281c,aa26b80dd12032d0777bdc9d6d6b42a8bca7b62c0fed397b1cc2c319e04ff236,81a917da187a103a1e76d79ce86f672347d01110cd50c4a93a241302237671ac,fe3fa182dd20fda64c9cc9b04980e7c311d737dccaab8ad8e78d7ac07ab040dd
20260811,36,37,37,"[1064,2040,3019,4083,6666,8605,14127,14777,19615,20761,23003,23139]",12,1.713172412,4.37375069,0.3916941164,7c6c90a49473ef354de1abdb83832ca285f089fa4c6383c809e5727143c2489a,9bdb3dca0e8c33799fed69b7bbd2e6a28a546df7e3ef4854d5d0a60128e645e7,bbc7708812ca251cb1a1af4d2d35713538b409b705a0fa91b07191f930e459e5,41aa2202efeb1b6d06f39ba854308a85ff4f05dcc95c72072881a2fda57f606e,81a917da187a103a1e76d79ce86f672347d01110cd50c4a93a241302237671ac,fe3fa182dd20fda64c9cc9b04980e7c311d737dccaab8ad8e78d7ac07ab040dd
20260811,37,38,38,"[1064,2073,2240,6589,7195,7768,7796,8605,10088,11744,12289,23245]",12,0.4749281836,4.37375069,0.1085860208,8381a1519a473268df0d2265e1e50254b5b2bfdf6f442a33bbc4d872e2d19004,a5261b52e2a1414f4288f729ae7d583c5312c99288e1950291862e8a67dc5381,e15cf09c01260eb030735b914e0b2946cc508e2c8a735b7153d1950b30eb7d36,b84f4f4afc572e87991a9d670298df62a2f8158d40ba92e56fc6c1ecc1a1ce2e,81a917da187a103a1e76d79ce86f672347d01110cd50c4a93a241302237671ac,fe3fa182dd20fda64c9cc9b04980e7c311d737dccaab8ad8e78d7ac07ab040dd
20260811,38,39,39,"[1064,2040,7698,10428,14535,15336,16628,21275,22248,23139,23164,23688]",12,0.5155821308,4.37375069,0.1178810059,f15e3f946906088e47437e0436d83482fd4518463f75a09d9058997d7ee07230,d17a8f472a725a6502e162497c908ed60804f9a2590585e2a47d6e38e834ede0,a35417ed9b3d70f7d8d6ca307707360e1a422631a991669debd777e520a16502,f159988dab027453545443922cda39eec398c0c39ba781372e01604bf87d5208,81a917da187a103a1e76d79ce86f672347d01110cd50c4a93a241302237671ac,fe3fa182dd20fda64c9cc9b04980e7c311d737dccaab8ad8e78d7ac07ab040dd
20260811,39,40,40,"[875,7195,7698,10428,11740,14388,14542,18913,21275,21908,22401,24297]",12,0.3760741599,4.37375069,0.08598436139,68b4026eef900d6de70ce13b27141eef12de6d74d5db5b36209f5a9d98ab32fe,8f02c68fbbdab4a1e3a1aca31890573259e3e38931bef37cc99adb92b70a2830,1d7ed14bc9c0a3a7ad739c8be038c1a2ec7007509a07a1b67b8d276795629aa3,7c3a652dc6d4ea6679f29abd44921216bc67a2f51328d625359bd36a087bd2e7,81a917da187a103a1e76d79ce86f672347d01110cd50c4a93a241302237671ac,fe3fa182dd20fda64c9cc9b04980e7c311d737dccaab8ad8e78d7ac07ab040dd
20260811,40,41,41,"[1960,4546,6589,10428,11067,11908,12325,15096,18821,23139,23688,23747]",12,0.4794178565,4.37375069,0.1096125249,dda2a5fa6b537a0a79a5e709a6b4395d086ee817c81dbca1df3febafdcfd61e8,138959019ac141b9d18da3130ade3e62db5467f44ca12fb393a9465e10ce19d2,b004c59fb76b309db336156ffeb35853acb0f74750855ed76d8a3e4382b31d73,13411434c8a3a039de5ba6d9f5fd1c05bae3b9647b84727dd65a5cc68d1677ae,81a917da187a103a1e76d79ce86f672347d01110cd50c4a93a241302237671ac,fe3fa182dd20fda64c9cc9b04980e7c311d737dccaab8ad8e78d7ac07ab040dd
20260811,41,42,42,"[5336,5909,8028,8705,11131,11744,14127,14260,17701,18053,19615,23608]",12,1.153169758,4.37375069,0.2636569478,e757c86a18ea42424edb489f5a8663390d1a88c1ab6be25c4d7abd54bfcf5f3c,45a8d15597966c913a98e89223e6b5c1e8da42c8ebb1952e1f67855ff7a02d7d,b6399ca38c6d18d68f9812307c4c4ef012369be7edac1d3a0080225ba2c9ac9d,dd66b734bb6cc06eec0282df2932365db0809bb7b78c06cbe78a9131143d3ad7,81a917da187a103a1e76d79ce86f672347d01110cd50c4a93a241302237671ac,fe3fa182dd20fda64c9cc9b04980e7c311d737dccaab8ad8e78d7ac07ab040dd
20260811,42,43,43,"[821,1064,6611,8271,10892,11740,11744,16584,18829,21354,21908,23704]",12,0.3824685923,4.37375069,0.08744636342,c89ca4c566eb9f463b0ea0034c2aa21164c859ab2fb0cd63b9e299ee1f4fe485,2a7f569b35e5d3cd27174e8da3bdba026273fa4ffc743cc0742c00a32c1e880c,8b7c55e66c598c07aa8539df9ab953516d14a2e17a64051ead79f82273d698ee,00587ea437d65642bacc35184e450d8043dccc4c9291440871fed2105f6379ef,81a917da187a103a1e76d79ce86f672347d01110cd50c4a93a241302237671ac,fe3fa182dd20fda64c9cc9b04980e7c311d737dccaab8ad8e78d7ac07ab040dd
20260811,43,44,44,"[875,5868,10428,11067,11744,12423,14542,14777,15018,17119,23608,23784]",12,0.7345291789,4.37375069,0.1679403402,59fe1e2840ed5bbb0c5dbfd852860c63ce3b4f6f8fad32ea111c55c98f7ec34c,1d5ab58ccb3987570a46921b81bfd19890a16be5f73fe6603add5a08f694ca20,42891a3cb1ec91b19aa78f917bb0f75df2b0f81e5f2688ce182a2ba683782a77,35047773ceb59137ae6e21f90043d69f1d278b32b0c52b646a81042376666c9b,81a917da187a103a1e76d79ce86f672347d01110cd50c4a93a241302237671ac,fe3fa182dd20fda64c9cc9b04980e7c311d737dccaab8ad8e78d7ac07ab040dd
20260811,44,45,45,"[1496,5336,7198,8605,12289,14697,15018,15096,17373,18716,19192,23164]",12,0.4509314919,4.37375069,0.103099496,d3f66917dfbab6e1206172e79a80198abf22733e88162ce1dd49cd3878c25ecc,4943383a49f950f81b296eb6ad5691f2ea65e550894c39a3f349d6706e37cc39,7efce20eed26edc82e6d49cf27e6f4072ede55efe22dfdb92fd67a41a9af0a00,9f6e5a47318e3b69a854a834f535dbbc6fccf487f02ea7dccf8081e4caf64e67,81a917da187a103a1e76d79ce86f672347d01110cd50c4a93a241302237671ac,fe3fa182dd20fda64c9cc9b04980e7c311d737dccaab8ad8e78d7ac07ab040dd
20260811,45,46,46,"[821,875,8705,12568,14121,14542,14697,14995,15096,17270,22625,23784]",12,0.9635793606,4.37375069,0.2203096219,002c3d5d844959a38e35334afe2b1cf45331187ffee703578e20b529566afffa,623ee32b491aaee883429bfa003fd144fd326d9dd794d72419efc22b6f913d84,1be9ea3204a4119fc7dec382b8f6efdc4a9fb5cec9001985c3e0a38ab34bb2dd,427ebbbb7378276e2bf9d38d19d5ec2c7bc211960f2a7b7b03564ec2b3254bcf,81a917da187a103a1e76d79ce86f672347d01110cd50c4a93a241302237671ac,fe3fa182dd20fda64c9cc9b04980e7c311d737dccaab8ad8e78d7ac07ab040dd
20260811,46,47,47,"[438,2619,6863,7263,7698,10509,10572,11744,12647,16584,19192,19615]",12,0.767006402,4.37375069,0.1753658259,0b1da81d5b0c10db5533cce5ca9c3efa70769f22ced11f8cf04b4b2863f89758,92a46f7c6571f963778927d54c4324b3797b52ad05bc08090d1bf7a15164b35a,d35a890a82764706fcc07af53a83cb154edf055bf589f2fd8a156f81179939be,e8e120dbc1b34b30c91bfe08f51027b3b6a14e30c931b5fd2c210827211e6367,81a917da187a103a1e76d79ce86f672347d01110cd50c4a93a241302237671ac,fe3fa182dd20fda64c9cc9b04980e7c311d737dccaab8ad8e78d7ac07ab040dd
20260811,47,48,48,"[821,1496,1960,5078,12950,14127,14542,14777,16503,18821,22448,23608]",12,1.471199932,4.37375069,0.336370323,ac8aaec410a3c95a42d4ac6fd07150f7b18e8a07108b03934f16a43a08b90c3c,6eb3e1f330995203345c3f27f113a0eec73d0adbe3d50283bdb3969ee2cb12ad,d4d3ad02c72a98b0f16bf7f6b2985f57d85327fe35e101ba6f9c7c532eacf673,83faea5374762f4569f651480929d41b2e7085bd5b61792c265a3d483ea697b7,81a917da187a103a1e76d79ce86f672347d01110cd50c4a93a241302237671ac,fe3fa182dd20fda64c9cc9b04980e7c311d737dccaab8ad8e78d7ac07ab040dd
20260811,48,49,49,"[581,821,8705,11067,11908,16637,18821,19192,21234,22448,22929,23608]",12,0.5180335347,4.37375069,0.1184414868,42c661e0f5b9d13b6d65465800ce5f34105a9823399655dccad8348d4462c468,ca4c30a6eb55ab76cc5e95438324ee679e10f2187bcff6214bb441f68f705a7d,190d829010f55cdc5ce8b51e7da150630c50561537da389e5bf11bb66522b119,0e8b05527a6d8c162cfd8810c604d311c9f2e6df41dc1dcb04bba823bc6b964e,81a917da187a103a1e76d79ce86f672347d01110cd50c4a93a241302237671ac,fe3fa182dd20fda64c9cc9b04980e7c311d737dccaab8ad8e78d7ac07ab040dd
20260811,49,50,50,"[1496,2992,3019,8028,10892,13758,13888,14784,17373,18829,21234,21275]",12,1.211646384,4.37375069,0.2770268517,2218b556d8bec0e6ede89d584fb341b2f462227819152163890fd44df5c783b7,766eb70192b290450c8ff18b007a620845a46973a400c06375a147f051d5d552,3e49ac630a5cebde2f694be152a74f6f05fadafb87dfb23337f4c29e867bb194,0cfa0f267e03eb23aefda13f6d8fb18bdac56fc718cd40b8eb579540b8443542,81a917da187a103a1e76d79ce86f672347d01110cd50c4a93a241302237671ac,fe3fa182dd20fda64c9cc9b04980e7c311d737dccaab8ad8e78d7ac07ab040dd
20260811,50,51,51,"[5926,7198,7768,11744,12289,12423,12647,14127,16637,22448,23139,23704]",12,0.864959391,4.37375069,0.1977614757,4ab1f0666057c5701d7bf87cfcbfa935c298a7135bc1220bde1c6736a242331e,ae310703a634b1f515c224e1d68bf88a1189c3940465d447fecdf5a0dedfddd6,2f37e6768cb3aed7937ebb7c1bc48e07599ea22f6db9fca4588505ab6e0749d9,f1db7a4ea0fe7e6341771c389e488bf1684a03160b71ba958a903610ab3a0e05,81a917da187a103a1e76d79ce86f672347d01110cd50c4a93a241302237671ac,fe3fa182dd20fda64c9cc9b04980e7c311d737dccaab8ad8e78d7ac07ab040dd
20260811,51,52,52,"[581,1638,4149,6666,7698,11067,11740,12568,14995,15096,21354,22900]",12,0.5096989044,4.37375069,0.1165358843,b3eca5156469efe320519267a6f6cb3482d481c2ca0c19924d1ac583d6ecc17a,44f19c745cd28ea5177d91aa0ed9973b7f11db07516373e509000fe208cedd39,877d3078935ced2eabd8cc768f3bd590844eb0c1078d80aca42120cac5c50fc1,dd2ac43418ce763232a91f68e41da9c21be6c257125ca27db244919471f4787b,81a917da187a103a1e76d79ce86f672347d01110cd50c4a93a241302237671ac,fe3fa182dd20fda64c9cc9b04980e7c311d737dccaab8ad8e78d7ac07ab040dd
20260811,52,53,53,"[821,2240,8028,12950,14542,17701,18053,19615,21966,22248,22746,22929]",12,0.4878848584,4.37375069,0.1115483925,9877813875f6360a193197d5474c8d071cab0e7d1f8ca117f6dd52166572f495,0704065cbe932de28ff549150b38dda7206b8c7a331cc805ad38682a5031703e,219e9f581a91f52b65fb8304820ef96e324ad14783e72d4cc0b33c9e4f7d6e74,36217a9b52b4f43712d0370d87828716f28138bf7ee171dfe31c6ca71f3a974a,81a917da187a103a1e76d79ce86f672347d01110cd50c4a93a241302237671ac,fe3fa182dd20fda64c9cc9b04980e7c311d737dccaab8ad8e78d7ac07ab040dd
20260811,53,54,54,"[821,6863,7768,13225,13888,16503,16584,17119,18716,21234,23164,23784]",12,0.7358192364,4.37375069,0.1682352947,5c70e2b231e7bdc2a79f52596e15041f7dbd837309dbb17eeadf9c732c0a9b8e,7031e3d96a7d12f39d062ecb7b7e8435aa17e0881e5d4f55b8f3bb9b423c43bf,c3f87beb4e2aa54bcb720e9ac74485293fa0722e863919f2ca5cec5c523499b1,3668d157b7244c9f315ca3c7447889590e5740d815471650e40a42adba42eeb1,81a917da187a103a1e76d79ce86f672347d01110cd50c4a93a241302237671ac,fe3fa182dd20fda64c9cc9b04980e7c311d737dccaab8ad8e78d7ac07ab040dd
20260811,54,55,55,"[784,821,1334,2992,3019,5336,6611,9377,15018,16584,21354,22401]",12,2.097957942,4.37375069,0.4796702168,686ef9ec45c477c84bf556f3b331e44dafa7ae40fdc9c8d79a9e733d3d3150c1,8cfa80725ed1588a079b6e64f945b9e6309cb1ea2df55a005d89047f1b26caf1,a55d79188acce56ff260ca63a0fe7176c7b4ccbed6ff4757aec5d06b235e6a39,f11afde91fef36246180820b5958a94a082b495cc7c7732a6d7727313a90a6ec,81a917da187a103a1e76d79ce86f672347d01110cd50c4a93a241302237671ac,fe3fa182dd20fda64c9cc9b04980e7c311d737dccaab8ad8e78d7ac07ab040dd
20260811,55,56,56,"[2619,4295,10892,12568,14697,15096,16637,18716,18829,21908,22248,24297]",12,0.4935946528,4.37375069,0.1128538611,d2cb409742f1994ba94771a17b57fa852a3a958cfa26ffa22ef8f5a187d072c9,c6887224d95b2ba528d1bb98948d48a70accd79257ab8eaa5cb9c1e1221974e8,a46c995151d3908765a06e83b853be7f1fa9adb0fddf1e139ebe6580af0b9cac,9e1ac3957ba9e0837b6e4b522ac56bf32c6cd6abeb463ced924bc810ffc0acae,81a917da187a103a1e76d79ce86f672347d01110cd50c4a93a241302237671ac,fe3fa182dd20fda64c9cc9b04980e7c311d737dccaab8ad8e78d7ac07ab040dd
20260811,56,57,57,"[2087,2619,4083,8271,8705,14127,18749,21498,22185,22746,23003,23245]",12,0.8943797572,4.37375069,0.2044880517,b529827827b5ffa1d01f542ad6663407e35017375ef6deed3f9d498504e8dffa,f8be8bb9ecdff1202b2f4c1a2b6358ab9b68828cf1e55852e62a145ecff79006,fcdb42801db85b7326f023ac1ec421c0eb5a3c6b8c11db00a80c2368d0f6d918,f0ac5fef5a9cb95abda99f84ba2461f236cc17dfc78f6f3ea846c0a61b04c63d,81a917da187a103a1e76d79ce86f672347d01110cd50c4a93a241302237671ac,fe3fa182dd20fda64c9cc9b04980e7c311d737dccaab8ad8e78d7ac07ab040dd
20260811,57,58,58,"[1334,1638,1960,3019,6611,7195,11908,12950,18829,20761,21908,21966]",12,0.7731127469,4.37375069,0.1767619605,86388dc37a188fb405642b616957dabda5751a6b38a046ff52f0fa6ea7eae524,afa1afea955cf3667aca9b94d6e3ce05e916da37d15c136ebcbf9cff60f8d823,170190a808206ffeae68fb6279d87c2c6ae0315408b45dbb1f8f6aec5dcbb14f,369c508df979519cdd2f59402f17af1675c469b28052954c198f61a97ac12534,81a917da187a103a1e76d79ce86f672347d01110cd50c4a93a241302237671ac,fe3fa182dd20fda64c9cc9b04980e7c311d737dccaab8ad8e78d7ac07ab040dd
20260811,58,59,59,"[875,4841,5078,11067,11740,12325,12647,13225,18053,19014,23164,23704]",12,0.5113740555,4.37375069,0.1169188854,5513644b9b8a76d2d8d5ec73206f4552acbeef88a6b2453631ebac4b1feca978,adc71eecebbb1b456e38d6a0792abc360f83c2c325889afe3db887c5b28de936,0eb8629e852d1f2bce0567830880974cb73375b2b904370b20da6058c7bacac6,7d7bffd26b6b6a899a4404135f1af83cee5af7617d770a36c70827221ff830ec,81a917da187a103a1e76d79ce86f672347d01110cd50c4a93a241302237671ac,fe3fa182dd20fda64c9cc9b04980e7c311d737dccaab8ad8e78d7ac07ab040dd
20260811,59,60,60,"[1064,8028,8271,8705,12423,13758,16503,16584,20311,22746,23164,23747]",12,0.2183974838,4.37375069,0.04993368377,a0053f65f17b546bae049b607a514ca1f213efd2c411b6600c0cd4bd7dc89094,530dfea6a89d4f7624a28d35889279b909ca6a36adf17b89bb73277a8646c714,61d9c73d2c3c8419f9cb3eb2ae20e7106a29b41fe9b2476a0fc91cd5af7169d9,cde248994490a41cc8ced1de1c57a36dda5b0c96fcd5a316d826271a88d4909b,81a917da187a103a1e76d79ce86f672347d01110cd50c4a93a241302237671ac,fe3fa182dd20fda64c9cc9b04980e7c311d737dccaab8ad8e78d7ac07ab040dd
20260811,60,61,61,"[2040,3019,5437,10088,11067,11908,12568,14127,17373,22929,23704,23784]",12,1.365211444,4.37375069,0.312137463,65b2f6406818d1a972eaa8a5460e16bcfa8cfc537169d96095fe64b37f218906,358f15e16d566eee9bf14dbc7337bc5f13d80f466c79d69b788bc9488289a3c2,15e1e9a0ad123b93a3d0f488381b13f0ae58c8ada28e5895febc92e7d3265458,9ae9f47cda482c8d611faf8ecf8c6775c0c53e314aadd352b2fbf037cbdeaa26,81a917da187a103a1e76d79ce86f672347d01110cd50c4a93a241302237671ac,fe3fa182dd20fda64c9cc9b04980e7c311d737dccaab8ad8e78d7ac07ab040dd
20260811,61,62,62,"[784,1638,2619,4083,8705,11740,16628,17270,18649,19615,22185,23003]",12,1.726275468,4.37375069,0.3946899561,5b2ca23ba74ab7a555a2642aa83af4604d5a9b0cb3da648df8e607033e3b1b26,19301ac7d3f4454f383a0fa0db47417bb12b0fc452b0f7d64a6b4b461b92e580,1592296579141481e019304e9a486592af8fb66bd063a4d463782f1212171a20,66279861cf0fd38c2ba0a5ea0f09da9e7c3e8a4d4c5d519a29321d8c75267744,81a917da187a103a1e76d79ce86f672347d01110cd50c4a93a241302237671ac,fe3fa182dd20fda64c9cc9b04980e7c311d737dccaab8ad8e78d7ac07ab040dd
20260811,62,63,63,"[2087,4546,5437,8271,9377,13758,15018,16628,16637,18053,18749,23003]",12,0.4697401412,4.37375069,0.1073998439,35f4cbba770bf9a372bf83575eab88efe54a13c9539c6c35c14251cc4160c1f2,ced842d4bce3214172c423b6fe3f62249d2430467ad506bdeda3b4be75f5fa3e,8828bef750229e26971bf917d6e4647dfec6b212ac53736ba2a66b993eb8e1be,232f5ee9e157a36832372f58b4f5c11fc4fc89838182ace86d36edc0449008b5,81a917da187a103a1e76d79ce86f672347d01110cd50c4a93a241302237671ac,fe3fa182dd20fda64c9cc9b04980e7c311d737dccaab8ad8e78d7ac07ab040dd
20260811,63,64,64,"[3019,5078,6666,7263,7768,8028,11908,12289,12325,17270,18821,21354]",12,1.035161139,4.37375069,0.2366758447,81efda976e7fb9667bcf98470b85798c4510e0f1b1daace00c672f63380f5cbb,ce3b9c7daecaa8aa39ff12c3b3845e92911088ad1393f4f39a694cbc4d59aed6,462b37b2313096d1aed220c3a684ccc378da4924a108fe5aa02dc8760d3f0efd,3e5becc3e31b29c09083c94a7d777021e155c0c6f7f43e9b0d3f69504d4e2295,81a917da187a103a1e76d79ce86f672347d01110cd50c4a93a241302237671ac,fe3fa182dd20fda64c9cc9b04980e7c311d737dccaab8ad8e78d7ac07ab040dd
20260811,64,65,65,"[1064,1638,6846,8705,14697,17701,18649,19014,21498,22185,22746,23784]",12,0.4940514247,4.37375069,0.1129582959,483672954716edb5a942e23da5f0671506f6484972df691048707b06e5a5c2c6,fd7345b2b7f3d36300fd85f66accb948d86ff5121cf1a2365a2f571416825cfd,a46c511ce23815ca5f7438270e61320f597cb613fe57036ec50097c98849d47b,639ce44b7457b594b41ac078a434e22ebe36393497951bcfac933825727136ea,81a917da187a103a1e76d79ce86f672347d01110cd50c4a93a241302237671ac,fe3fa182dd20fda64c9cc9b04980e7c311d737dccaab8ad8e78d7ac07ab040dd
20260811,65,66,66,"[1334,1638,4546,9377,10428,11908,12325,16584,18749,22401,22929,23784]",12,0.7319877561,4.37375069,0.1673592777,a6d924f0ee0ec16beb284cfe5244b46a7fed00ba5b8448436636918919699345,d20220014ffc8fe7bd23aba25cce72b6066c384841e2cfca035881ed119a0755,4a1ba2bc70919d41dac92aa4cdc5e954c845667a164608bdbbeb427629c0cd83,bffb2822f92b80321f155b673fb441359b61aff31f2e08afb69bb345994ad91a,81a917da187a103a1e76d79ce86f672347d01110cd50c4a93a241302237671ac,fe3fa182dd20fda64c9cc9b04980e7c311d737dccaab8ad8e78d7ac07ab040dd
20260811,66,67,67,"[1213,1334,1960,7698,10088,11744,14127,14777,16637,17270,18913,23688]",12,1.32538936,4.37375069,0.3030326724,0b2b1ae52f1326154ebc560cf7ba2ceb19b7ea91cfdda2b8efae9a2b0932f203,2838b5d7ba819efc87b50cea7788976a74e70bdd1e9c8b06bc643b80a64261bc,cb2c346e5c942d829e08d19e53d481d3f5e860fd04f94f9c11e21b266f071080,81862bf5335f607d654ede5866280ea4546e3d31061caf3da78ba1c2081b65a4,81a917da187a103a1e76d79ce86f672347d01110cd50c4a93a241302237671ac,fe3fa182dd20fda64c9cc9b04980e7c311d737dccaab8ad8e78d7ac07ab040dd
20260811,67,68,68,"[5437,6846,7198,10428,10509,12289,17701,18649,18821,23608,23784,24297]",12,0.7089263105,4.37375069,0.1620865844,7311ea2fd5fc58519d3ff3875112987c1dd6dd40659df5565cb8eda299ac9fd8,8a221fa6c207aec3a96e964fef78183d04920701fa4f28c62769106adbe0dfe1,828722ab0d954658dacc64e02e9218f2d753bb58acfd996c6ecf0b51f308afe6,8e689f8bed2c1b944e80b9eeec3c30eb9c0290d522251be2339181a79ab05215,81a917da187a103a1e76d79ce86f672347d01110cd50c4a93a241302237671ac,fe3fa182dd20fda64c9cc9b04980e7c311d737dccaab8ad8e78d7ac07ab040dd
20260811,68,69,69,"[1064,1334,1960,2073,6589,8028,8271,11067,11740,11908,13888,22900]",12,0.3135783799,4.37375069,0.07169553141,c8fabb999101a345714169c447269211a1b5c6116c77831dd59c4dad9e717b51,68b21e314201739a04d4a63cd54b38b4d573a4adfdb3d37cb393e180fc7111fa,93db4ab4d826e647fc7661b08cdd8323f124320027715b4b8e429bc43f25e9ad,f3b7a268cdf05189c5dc101cadf4aefbdfd14db24df315893af8960c80d2443e,81a917da187a103a1e76d79ce86f672347d01110cd50c4a93a241302237671ac,fe3fa182dd20fda64c9cc9b04980e7c311d737dccaab8ad8e78d7ac07ab040dd
20260811,69,70,70,"[1064,6863,10509,10892,12647,12950,13225,16503,17373,20311,22900,23704]",12,0.4774088955,4.37375069,0.1091532027,8e0c4e2504a011b74388205d006b54221911f4269a464157fecb95b312eb91e7,b297db6ef76cc3696576f0613a34e69d74b3521d3a69b674bbc66874ac06fbef,35affa898d281a45a7d4a213d0273c4620322c42a816e49ccd1620b932a14691,d9f377596eb5c29148061198a94a3e18d80f64684b385589a6f24e55a99a41e5,81a917da187a103a1e76d79ce86f672347d01110cd50c4a93a241302237671ac,fe3fa182dd20fda64c9cc9b04980e7c311d737dccaab8ad8e78d7ac07ab040dd
20260811,70,71,71,"[1064,1213,3019,4546,7768,8906,10572,14542,16584,16637,23608,23784]",12,1.349648439,4.37375069,0.3085791886,4c5e54f785e45f9f8c57a74f8d7680160fbb66f29d3f2e36a62da68af17bd401,9eb8e743a3e17e653ea65a166b3d05eb122c254c4cf914431d5606f55595a7cd,f2a08f5f2990cfe0e8eaf8c973a803072bdedfac9ce12ef7fbc7629ec78236bb,ba05b71fa1bed6eca8aec5261d72fed0603e711dcbda61ef14ead0a246e74dfe,81a917da187a103a1e76d79ce86f672347d01110cd50c4a93a241302237671ac,fe3fa182dd20fda64c9cc9b04980e7c311d737dccaab8ad8e78d7ac07ab040dd
20260811,71,72,72,"[784,1334,1638,2240,2619,5078,8906,10428,11131,13758,14388,23164]",12,1.399697305,4.37375069,0.3200221971,6eca4cfdb6ab92047f2584509ebe209d264539e41e2b1c9a5c73f8a16fba29a7,2fad8eb3b5b9cd1aa2ea1cc24beb622db7b1c7fe772bfb689ddd3d691c01d6a7,a7254ac40fa99606767bf07abbcb5f55e049459ac1760b34f5c83e11c22df627,98886b2952a2ab22bc9e4c23ec942e99002b82c2b9667f1789f4f607b123e310,81a917da187a103a1e76d79ce86f672347d01110cd50c4a93a241302237671ac,fe3fa182dd20fda64c9cc9b04980e7c311d737dccaab8ad8e78d7ac07ab040dd
20260811,72,73,73,"[2992,4295,4546,5437,12423,14777,14784,16637,17119,19192,21234,21498]",12,0.3969098663,4.37375069,0.0907481689,a5af72d74723176c5806847ed8e294da4dc7570b8a9c043d9be0199f6357779b,7c0b379a7a54ac6b2ce59405339220b38219e5f2e61ec442f323b212daf01ef0,8029c8870982097e91a605180eca84c1b2764374b7dffee726bf0e098455a848,e6f2a9257aa164894d792088f8cebfa4a58dc908ec60580c6a1c9b25df3ce3f8,81a917da187a103a1e76d79ce86f672347d01110cd50c4a93a241302237671ac,fe3fa182dd20fda64c9cc9b04980e7c311d737dccaab8ad8e78d7ac07ab040dd
20260811,73,74,74,"[875,1496,6666,7195,7198,10088,10572,12325,14260,15096,22185,24297]",12,0.9127066072,4.37375069,0.2086782425,425d8f84ecbe51ec1d35f073cb6486ce9860d2d8821b49220ca593c627fa6f87,0871d00d2ddfb041e078af2c3ca2bd0f57db1419ca23cc253dbaeb3fd8c661e4,94ef1451ba8d2c64b3e6273c77eb6f2c2915d5654cee077b35af8552603ba18a,ba25f3567f8e8fb35ec158148c4f23ec14731d1121e58d4fccaf8aba47967877,81a917da187a103a1e76d79ce86f672347d01110cd50c4a93a241302237671ac,fe3fa182dd20fda64c9cc9b04980e7c311d737dccaab8ad8e78d7ac07ab040dd
20260811,74,75,75,"[438,1064,4546,5336,5926,7195,10509,13225,14542,21966,23164,23747]",12,0.08455360572,4.37375069,0.01933205885,7c445b6a46e8e596a74f44094fd1b02ec2dd115a9389e8185971ef7cf249914c,ca88b239b49348cb1a5baef866e2b4b95ac6db6246ca7e266af2731522f45f22,c2e440c9780a3fc8e74025247792684da22bde246fe720db7019812db009f919,628b3e3eedd9950f104ff4396a2fd90ad42ce4a347ab9fb36233ed28aa242f04,81a917da187a103a1e76d79ce86f672347d01110cd50c4a93a241302237671ac,fe3fa182dd20fda64c9cc9b04980e7c311d737dccaab8ad8e78d7ac07ab040dd
20260811,75,76,76,"[1638,4841,5909,10892,12097,14784,16503,16628,18053,18821,19014,23747]",12,0.2943608777,4.37375069,0.06730170477,6710dd91e799a91bde64f0dd282bac27a37ac0aa4a55e73bec56a56a73e18df0,c82a5cf39bd31a507eed413874190fd3b6543b31d3e1fec00cb121095b2f3c54,6f9b9c2cfacec514ba7d94d5c4c4b35b101f173a09c6820b20cbf09cc3606304,393b27ba4427d96581a9b70bf731a3f8d854ed60d8957a6ba610bf3f3154e5cc,81a917da187a103a1e76d79ce86f672347d01110cd50c4a93a241302237671ac,fe3fa182dd20fda64c9cc9b04980e7c311d737dccaab8ad8e78d7ac07ab040dd
20260811,76,77,77,"[1638,7198,8605,12289,12423,14121,14127,14388,15096,18829,19192,24297]",12,0.8523790137,4.37375069,0.1948851396,0eb552baa8c8aaa7823e9f50b7e8134430a08a59ef0a15e6d1fbc2fd252b3250,f513a2f34765a8054096c51604e14a6d08fdd48b362df14f851e324a71817c97,3dcc84b46f4810a08a4ba8913b04ca6a7c91730991cb34591b422e677669f208,34f6829ebb5716cb79c6dd191883b4c0694e0aa2a82d1a9aaad914201044021c,81a917da187a103a1e76d79ce86f672347d01110cd50c4a93a241302237671ac,fe3fa182dd20fda64c9cc9b04980e7c311d737dccaab8ad8e78d7ac07ab040dd
20260811,77,78,78,"[2073,4224,4841,6863,7198,7796,12423,14995,20324,21354,22185,23608]",12,0.08434487661,4.37375069,0.01928433571,4df449213d893f381924112d8f565be4490756f6db1e11137d31810d1f81d4ea,60309b256987b18113deb2cab4e345738b8bf95a2aa24d98aac8678e2eff47ab,6d1b8af7f74b1ec3cff0343311c4d5de924bb91377b0859974cbf35927e68869,3c652d6f3d992c309273cb1ddb0bb71b5111c3108f851f8f268750d9fc2e132b,81a917da187a103a1e76d79ce86f672347d01110cd50c4a93a241302237671ac,fe3fa182dd20fda64c9cc9b04980e7c311d737dccaab8ad8e78d7ac07ab040dd
20260811,78,79,79,"[438,2240,5868,7195,9377,10572,10892,14260,15096,17373,23003,23704]",12,0.5353508425,4.37375069,0.1224008592,76804d2b27c5e6bf23865ba7b4614d46565bba48947eda8765929c1dc6aa71c1,3070e51c3cc7ab56d4e38bc34524ef3bc69bf1deefaee6be39817b07a70e605c,afc70bc618036e21a8642ae01bb332d2cb1d3526bc0323411020a9d6aad3bb22,26365f8618570279ce2ea83a44b4795b5b2d8595945c9fb9e7331aef1c1fbcb8,81a917da187a103a1e76d79ce86f672347d01110cd50c4a93a241302237671ac,fe3fa182dd20fda64c9cc9b04980e7c311d737dccaab8ad8e78d7ac07ab040dd
20260811,79,80,80,"[784,4841,5078,10509,12325,14127,15096,18053,19959,20311,21275,22448]",12,2.374441201,4.37375069,0.5428844416,ec0738e918638f27fb5520455a6319b3ad61a721dddf128aa2b5f77ca9d9959c,70cce90ac01d945c3446ab086254baaf4bb45eae2b380c24938f5cc3cd3baf5a,c0dcadb4576ae073e8572b7e309a746150e8d5a5da42ea06c28558f5f754e2b0,091cacf8de912dd03ff39ca0c416bc9e29d8fe8d635a19f777fa7cff0bb603ab,81a917da187a103a1e76d79ce86f672347d01110cd50c4a93a241302237671ac,fe3fa182dd20fda64c9cc9b04980e7c311d737dccaab8ad8e78d7ac07ab040dd
20260811,80,81,81,"[1960,2040,2619,5437,5926,10428,11067,13225,14777,19959,22248,22625]",12,1.06816833,4.37375069,0.2442225005,d9d3a149b5f0d49b3f2f3d60ac3b5c6d4b51823271b8e0bbd1378f7e05558158,af8479224b4e2520b23014e7d26ab58ad548a6cde01bca8dc2fcfd2725c99ab6,0819cc47dba3a03202ec65686a78bc3cdd5a56ba6845693104c8e32fa2057eb6,f4e990f263c2d641bd40471a0a370aff61ad8ef661e644c3cd7c904f09235c97,81a917da187a103a1e76d79ce86f672347d01110cd50c4a93a241302237671ac,fe3fa182dd20fda64c9cc9b04980e7c311d737dccaab8ad8e78d7ac07ab040dd
20260811,81,82,82,"[1496,2992,7195,8271,8605,8705,10088,14388,17373,18053,18821,19192]",12,0.1035257355,4.37375069,0.02366978433,80938238b149312959124787581ef981e91c78b9e3537a026139d604ffdc7ecf,398739acf1651c893f254baff16dfcad563ddfafd0a6a8ae871c7ffcffe3e8d0,b82bc2b5226010034c3f62848027f18c77f5837fc7c69a0e07ff80000c64d8b0,4672861d01f542c835397a3d0154e080b16529ade902c0f5b50e77f93268be0d,81a917da187a103a1e76d79ce86f672347d01110cd50c4a93a241302237671ac,fe3fa182dd20fda64c9cc9b04980e7c311d737dccaab8ad8e78d7ac07ab040dd
20260811,82,83,83,"[4149,5909,7768,10428,10572,11067,12097,17119,18829,22185,22248,22900]",12,0.7286035188,4.37375069,0.1665855168,600bfd940573b79ab2a02d564af00b7fc08b85ff9d9f6a24b8d2e459a6cecfdd,f9f413ab8ea1b5e4cc71dee298b4aad30ac8b21fee55fd377a2f63178e8693c5,5a1d3426125e17fd3942d20d06a718c427f1c278348dc9a8d2ee0e6aad1f602a,678e531febe0052a3fe615c4bcbadd1250c2b0fa020bd8619e5fb8b5628772b1,81a917da187a103a1e76d79ce86f672347d01110cd50c4a93a241302237671ac,fe3fa182dd20fda64c9cc9b04980e7c311d737dccaab8ad8e78d7ac07ab040dd
20260811,83,84,84,"[581,875,2992,4083,4841,5078,5868,12647,16584,18053,22625,24297]",12,0.6024331808,4.37375069,0.1377383449,10a11c784569c5518a3fe433a133ac448327bab343bf56738284c8d4c907d7f4,4eeb463fd21107898cfb635966a88752106b7d28d550581e7514c5dbde0e5590,f3fc342f7617f4ac532df052a3f393139c03df9072f84b70e0de5551781217a8,825c7020369fe28ac9c965bc2719114e5cd128628709927967981b21e9a969d4,81a917da187a103a1e76d79ce86f672347d01110cd50c4a93a241302237671ac,fe3fa182dd20fda64c9cc9b04980e7c311d737dccaab8ad8e78d7ac07ab040dd
20260811,84,85,85,"[581,4546,6611,10088,10572,11067,11740,11908,15096,16503,17373,21275]",12,0.5406445599,4.37375069,0.1236111974,6a9da0a60b85678062a43b9a537cfadc7ed824e7e614db0c6833f9dbefa8d14e,6f044469edede31e8257ecbe5bd79b34543483578ec40149f78fe0e3b4b54e24,e5e21f3234ecdc20407be1612cd2113fe2516f06aa0d857332a1cbfbb981117d,293ae932cc76426560df9788758e46bcc9e5563fb17cee7ea6e01314a476dc82,81a917da187a103a1e76d79ce86f672347d01110cd50c4a93a241302237671ac,fe3fa182dd20fda64c9cc9b04980e7c311d737dccaab8ad8e78d7ac07ab040dd
20260811,85,86,86,"[1213,2073,4295,5926,6589,6666,10892,11131,12423,16628,21234,22185]",12,0.3436484702,4.37375069,0.07857065814,9be3b1007e563213a41951eaa6c4d7da650afd8fee99c5fb05c5733c3ef6e2b7,2f03c7fbf87b8c8754ae0b1fb7e9726a6be2f95e1ebd76ed9232b9435515a6f3,a0d60ed2c691b9d54967b757a54ad6c13f4655be8489be75d27ba0f26e1692b0,48f259d996720d562b0a50f3b586cdf4adc07f2b2f262d299e50bc2b580349fa,81a917da187a103a1e76d79ce86f672347d01110cd50c4a93a241302237671ac,fe3fa182dd20fda64c9cc9b04980e7c311d737dccaab8ad8e78d7ac07ab040dd
20260811,86,87,87,"[1213,4149,4546,7796,9377,12647,14535,14995,17119,21498,22185,23747]",12,0.1510168711,4.37375069,0.03452800167,cc7565a20130e0d391ac55219e73d04e3f3800412bbaf3d1a8c2b197614d60e5,3949ba9794023ee3516a00ee82ba5a27ea0baff70b43f80b3ac6a0bdf3ce5ad4,a7f8d0e157a59e0b7a2e32eb2d70b73d36c6ebe40a4f5609f48c206609e9eb93,67507939a292b822ac059f945fd3b3b48fca81dc6911dfd8e0ce70f6f18b49d2,81a917da187a103a1e76d79ce86f672347d01110cd50c4a93a241302237671ac,fe3fa182dd20fda64c9cc9b04980e7c311d737dccaab8ad8e78d7ac07ab040dd
20260811,87,88,88,"[821,1960,4149,7195,7198,7796,16628,17119,18053,19192,19959,24297]",12,0.8896581872,4.37375069,0.2034085274,402ce4bd17ac33c504b6fd87750d6fbbc8fd01d744665662cac3f91ce68c1f2a,c6937b3512c3b88181f1c7bbad2308b99b6f48f061fea85efaf2794bd970a276,3c3f615de0d5798194adeb1de791dd834ba0cdbe115cb1e7d953e3b0d04105c4,f931b5df7d9e17c874875c26159e1e325b90251a94cf1c3d390ba4da821a209f,81a917da187a103a1e76d79ce86f672347d01110cd50c4a93a241302237671ac,fe3fa182dd20fda64c9cc9b04980e7c311d737dccaab8ad8e78d7ac07ab040dd
20260811,88,89,89,"[875,1064,2992,4149,7796,12289,14388,17701,22401,22448,23688,23784]",12,0.5924217017,4.37375069,0.1354493531,66fcaf2613bcb57300a2d5d47d0a7b02ce314db40b22608421148a90f056c2f1,a7b7c04cefba987092f1f645960f1d39531e3889a27fbbc4e109d9f84bb2b381,5a48ee753d13138b8f67ca8291603795f9c6dee39ae473ab0949939dd898e2fa,5223cfe13a68f32a08ea621ff53ff2474c6b1d310b6ddb957648fb17978b2cc8,81a917da187a103a1e76d79ce86f672347d01110cd50c4a93a241302237671ac,fe3fa182dd20fda64c9cc9b04980e7c311d737dccaab8ad8e78d7ac07ab040dd
20260811,89,90,90,"[3019,4546,6611,8705,11067,11744,12568,14121,14777,17701,18821,18829]",12,1.109195471,4.37375069,0.2536028113,ea853c6388248e88e68723b889ef43f9cf00746c91f4065b103dee8caf4a2620,edf2b428f27e8806e2d417934ba9456bedf2e1b2cfa02f0c987fe62b66c24b0f,bb301561afdda01ed2a08b7e41a38b746b1d4dc1cb29ed2cfe2a1ce283936542,3c76a3f6b22007f44b544b556f09ec2b57b48c7f1e3820f0a6988585f8a7039f,81a917da187a103a1e76d79ce86f672347d01110cd50c4a93a241302237671ac,fe3fa182dd20fda64c9cc9b04980e7c311d737dccaab8ad8e78d7ac07ab040dd
20260811,90,91,91,"[784,4224,5909,6611,7195,7698,11908,12568,12950,14995,21275,23747]",12,1.685511513,4.37375069,0.3853698192,77e2b5d5e85a5cdf787d8978704a29364ded9a5f32e7af4b29289937f991ad49,65016faf3596d628c2d2f466a6576ba67324b52a4eddb5b2ba2591917f810cd2,c71b82401671ef3948bf64c858a2b1ee8619f1b1441d1566531f4c9717b67048,197762946d09668ed81373170bb004e95e6f2e1ff568e38cb3f636d3deb7b528,81a917da187a103a1e76d79ce86f672347d01110cd50c4a93a241302237671ac,fe3fa182dd20fda64c9cc9b04980e7c311d737dccaab8ad8e78d7ac07ab040dd
20260811,91,92,92,"[875,2619,4295,5336,5909,16637,19192,21234,21354,22900,23608,24297]",12,0.7950627391,4.37375069,0.1817805347,3e6b426e2175b47fc820322fe5b65932f86000b74601d4f02e7ca292c02fcbcf,6b6b2b88670ef924f139d467f14dc3a97c8864f3aeaba358a46b842a1d45aa1d,58cae065662fa09eec3ebcd87427af67717ba6d4f81dbab88dd9e9b06cc80570,284e933621d1d1d7f4df27842f30bb342511d8fa2c30f34837b70a1e3310f371,81a917da187a103a1e76d79ce86f672347d01110cd50c4a93a241302237671ac,fe3fa182dd20fda64c9cc9b04980e7c311d737dccaab8ad8e78d7ac07ab040dd
20260811,92,93,93,"[1213,1960,2087,6589,8906,9377,12423,14260,14697,18053,18649,19014]",12,0.6350471862,4.37375069,0.145195104,f8863c81aa8291b61ed439b8403a757b57e4f1359b01fa9dddbe60816e6ad750,ec54627d0937c5db75e13f41341a64e363ec39e98026576262d07eb21df1fed9,d727b0262be127284c6b6b9aae55edd6f2dab1f982cf3c02c59346a0ee55322c,644af9af478f055fd43390a56cc97e1f4a0880c47a2bf69c38f6329be4dc9e5c,81a917da187a103a1e76d79ce86f672347d01110cd50c4a93a241302237671ac,fe3fa182dd20fda64c9cc9b04980e7c311d737dccaab8ad8e78d7ac07ab040dd
20260811,93,94,94,"[784,1919,2240,4083,5926,6589,6863,9377,10428,14121,18829,19014]",12,1.84413071,4.37375069,0.4216359918,66bd8e20a2b73c2526915a6627908a42f9d107593bdfa610e3cc252e8c28f786,b937ef97d0cbd16b7d021a3e58879e88a053f4f8a4b832e34295abf77dad3036,5cff510c627e7d69126d228b9d2f3d1550ea121e6ae7fdd5f0479e9f5af3461d,e17e8c7d36a3f5adfab276a49ce5e0015e0df66fb9c4a740fb2845b0afb4f4ff,81a917da187a103a1e76d79ce86f672347d01110cd50c4a93a241302237671ac,fe3fa182dd20fda64c9cc9b04980e7c311d737dccaab8ad8e78d7ac07ab040dd
20260811,94,95,95,"[784,1919,5909,7698,7768,10088,13888,14535,14777,16637,17373,23784]",12,2.267954688,4.37375069,0.5185377149,706e76dafd942a31f930e78a82de0aeb807680c7c50e04aec267c82fdc4e27af,d5fb1d0e5f908690ddf9506c09b713b166a988e209ca38fcd5aa453653c78053,3fdc518c562cab0c8a16d2bbb01a42992058e36a2c5e2009880647e5f1dcb7b1,05be5f1745ae9354e019881d58e708603bd60f379c462a5ffb0f7e65d6aecff1,81a917da187a103a1e76d79ce86f672347d01110cd50c4a93a241302237671ac,fe3fa182dd20fda64c9cc9b04980e7c311d737dccaab8ad8e78d7ac07ab040dd
20260811,95,96,96,"[1638,6611,7698,12950,14542,14697,16584,16628,18649,18821,18913,23704]",12,0.4254617278,4.37375069,0.09727617277,0860d3ceb996eb65984c83621180b51a31489e0c498b7e6dfaf450105aa44dea,95709de09d0c720e56e2fe054dd895a9cbcefba2018202cfb0554944529b3916,645d5de44c1347feea88147fce14e06093b2efeb42ac5088e75e89327bdd7b40,0769c0e149ccc30a344e982f46c34f5dec88af7dc9c97e439bf49b9d4c599706,81a917da187a103a1e76d79ce86f672347d01110cd50c4a93a241302237671ac,fe3fa182dd20fda64c9cc9b04980e7c311d737dccaab8ad8e78d7ac07ab040dd
20260811,96,97,97,"[5909,5926,6666,7195,8906,10892,12325,14784,18053,18649,20311,21234]",12,0.6757860756,4.37375069,0.1545095099,c602744ef988e065582fb61e4070909871ca6949d7c574190444ae86d1a0ab14,c8131c52f7715f438d7bb047a943225b1325c19295e9a3b30c7f9b06bca26ef6,e6b261aaee9bef315f70e694250b9ef3f0dbcd95b31f2f0f72aadc1ecba5204d,72a87c2f24a2414ab9f6fb71696e4914abbdc4a268cbb4cd8577cbc1bc1298ac,81a917da187a103a1e76d79ce86f672347d01110cd50c4a93a241302237671ac,fe3fa182dd20fda64c9cc9b04980e7c311d737dccaab8ad8e78d7ac07ab040dd
20260811,97,98,98,"[784,821,3019,4841,5078,8271,10572,11067,12423,12950,13225,18649]",12,2.608343973,4.37375069,0.5963632036,5cfd93fc899d646d2fa0b96c439686f7ed063ce9aec1cd0255949712a98348e7,854de6ada005f7e369520a78d39bc2dfc217fb54453bedceb0a2e6b8d565e26e,aa87a05af8c0475f54c0796ddc07aaa8c429839672bf37b83f67f83968215041,006f335282c76383bfe4aa2e61722c45edc3b27c706d5bf6bf8efa735e3196dc,81a917da187a103a1e76d79ce86f672347d01110cd50c4a93a241302237671ac,fe3fa182dd20fda64c9cc9b04980e7c311d737dccaab8ad8e78d7ac07ab040dd
20260811,98,99,99,"[1213,1496,4295,4841,8906,12097,17119,17701,21234,22185,22900,23747]",12,0.6709290489,4.37375069,0.1533990153,86be42a5660b6e5cb6cb59a6ce86d1d6ec3c8bd8b4a2e4f77d953ccd4d8ffd33,96bc96d30a5839fe9cc408925db7425426501dcca0f953b29ce783c002f24af5,5dd33880677550088aaba39c6ad0ed4da9c6124742cea68e64a696afec648881,84340f54d0c06bedcc5baa17a46178676d01a36b15a789c98b7d302fba70c5e9,81a917da187a103a1e76d79ce86f672347d01110cd50c4a93a241302237671ac,fe3fa182dd20fda64c9cc9b04980e7c311d737dccaab8ad8e78d7ac07ab040dd
20260811,99,100,100,"[875,1064,1496,1638,4083,5909,6846,7263,10572,16584,18829,21908]",12,0.7970463339,4.37375069,0.1822340573,f78faeb243886ef0704b0b670b79167f15073b4e90d501a184462c98c6aec4b8,b35e379cf463f260403ddb23de629140dcdb7b0d5670b74cf1f07b2ca8550ade,fff5ca7b2441de19a592bca6540d30e832d6573d1dad4386cf9558314c23e413,9c0cbe9934fa6425f1eeee9de8ad77de611bb02faa158ff2f2d31e661e5703d4,81a917da187a103a1e76d79ce86f672347d01110cd50c4a93a241302237671ac,fe3fa182dd20fda64c9cc9b04980e7c311d737dccaab8ad8e78d7ac07ab040dd
20260812,0,1,1,"[2619,4083,4224,5926,11067,12325,12568,14777,15096,19959,20311,22900]",12,1.265779796,4.578632803,0.2764536599,69acfdf28c6bcc6c8a0baee6bd32f15e92f3ae784e04fc9b615b3e2f9bf1c58f,b9d2dbbeb3adb6e042115c0d3d90896e1ec19302bec1a30ea361e0874eb1ec39,4e78c4d6c00109852a3d775f133aebb5c504dbc2995132588f77433a16d54ecd,88be19959d3c77d799338c9e60214050a30edf922c5d3745600375b3e4b3d8bc,81a917da187a103a1e76d79ce86f672347d01110cd50c4a93a241302237671ac,fe3fa182dd20fda64c9cc9b04980e7c311d737dccaab8ad8e78d7ac07ab040dd
20260812,1,2,2,"[859,1064,8028,11067,12741,14121,14388,14535,14995,15096,16628,24161]",12,0.3271477747,4.578632803,0.07145097429,86705b0e6d32b044e3ed05536a4386394680b6c642ba9132134648d7104d8d82,0243db26711aea31c71b262a161e7f972d90e201c61a90a3a51c7acd83f7347c,b654d12094c2fc54c77cac4d18ff81ff674f9fd05859082bebced9634d396baa,20235db7e6f6af882ed3c3362dfafccdf05eca0df5ae9eabc01efa1a83742009,81a917da187a103a1e76d79ce86f672347d01110cd50c4a93a241302237671ac,fe3fa182dd20fda64c9cc9b04980e7c311d737dccaab8ad8e78d7ac07ab040dd
20260812,2,3,3,"[1496,3276,4224,7698,8055,11067,14535,16637,16664,17270,19713,23704]",12,0.5368476756,4.578632803,0.1172506507,3c6da274a44a19a2d3007f30ccbc42ca51a6177f3da0a9c6bac6a2d92fe17016,121967d5ea0db0d6b2a609e7754590055d09b929c738879d64ede27bde4bdbb5,e4c14613082b07041868927c36d8fba2b8829fe914e0d9bf7d90fe6fb9d9e40d,bd091b0b9a0b9ab4a69757a988d384045bd82fc92e1a5c6883794f0f2e168a10,81a917da187a103a1e76d79ce86f672347d01110cd50c4a93a241302237671ac,fe3fa182dd20fda64c9cc9b04980e7c311d737dccaab8ad8e78d7ac07ab040dd
20260812,3,4,4,"[2907,7698,10043,13558,13798,14067,14121,14127,14388,14777,17119,23245]",12,1.198378326,4.578632803,0.2617327874,436baba9d6d5d5859334c260a6409dc23ee0c3c5bf7888ab75778ff8193e3a8a,f0a69e6fea4623854105b97e4fadf2fc1d61af5eddef74e439c5bc100316930d,f8436bb1e73a5fbd4d3a5c4944cf4ee0d6147ecd0516a5eee4f4e2cac4176589,11ac2ad3b1d8baf8ea78681c283ddb1b77e1bd0955c594f68998fd66981e6589,81a917da187a103a1e76d79ce86f672347d01110cd50c4a93a241302237671ac,fe3fa182dd20fda64c9cc9b04980e7c311d737dccaab8ad8e78d7ac07ab040dd
20260812,4,5,5,"[821,7698,8271,12097,12937,13558,16246,16544,16584,17270,20656,21498]",12,0.4497611777,4.578632803,0.09823045373,ed495a29d0bad31206c732a57b40f5c38b54c0aa41acc779d683c5347c2e5c39,d590e8a7da9d2ca0e65640900c06770b9fcecf391b8a90bb9b7074c4d1292670,486a0a24bf657216dbe83a2a3a3242bed78406a6b336b14ce762b6dd37d4a9e8,928bceacef4415a9ff4fee1d0a20ff748d5365940a3ad619e2b0aafb67a58e69,81a917da187a103a1e76d79ce86f672347d01110cd50c4a93a241302237671ac,fe3fa182dd20fda64c9cc9b04980e7c311d737dccaab8ad8e78d7ac07ab040dd
20260812,5,6,6,"[1496,1919,5336,7195,7263,8371,12568,14121,14784,19959,21354,21498]",12,1.118103023,4.578632803,0.2442001948,e7c5b100dfa5508c44cd5ace50c5b8c3db0cbf034f928d8c8041d67925b2edb1,04d777500970308994577e90fe76846f257650318668a4a9e376144cecd9907e,07d3efbfe254f1be7d2bd8c3e4bdc54feaeab0f32ac8e00024b85410b1ef7bfe,3dbffe49ec88f1c65922bc381e143f7219190c3630052034772f57b70fbeaf06,81a917da187a103a1e76d79ce86f672347d01110cd50c4a93a241302237671ac,fe3fa182dd20fda64c9cc9b04980e7c311d737dccaab8ad8e78d7ac07ab040dd
20260812,6,7,7,"[581,784,3019,7263,12568,13798,14784,16163,19192,21677,22401,22900]",12,2.667916328,4.578632803,0.5826884231,64424c88d84b5daf4ff56e91cfa635bdd69a66468482896f4dc31542617dc4e3,80dad54e0a020efcfa7d5565d93dd54a90edb36cf3abf441bf258acc12154dd5,a9ce49809958085885ae91d3f1e00acd8a11851c44f7cc8fd2b0c64ae13830ac,35011e2048bed48b48bc2eecdae9e3fa8e4cbf3bc460902be7197d5787f18379,81a917da187a103a1e76d79ce86f672347d01110cd50c4a93a241302237671ac,fe3fa182dd20fda64c9cc9b04980e7c311d737dccaab8ad8e78d7ac07ab040dd
20260812,7,8,8,"[821,875,1919,7195,9450,10892,12644,13225,14174,16584,19713,21966]",12,0.9052911456,4.578632803,0.1977208448,87b62b3d3ce36893746a138a57c67f7d6e5f92d5f237c5a7e18f5389c529cd2a,923a525fe68581aacf678e99ca62309ce9cb1674c35f33eb0c222b59434d3cf8,eeaa08825c6f2598ced8f343f01b2822ed994c32e44566a663b754fdc6c242fe,7cd8a5b79bdd67a28d6d758419a5db4cbd3636a71fe87e8800cf7514026bae68,81a917da187a103a1e76d79ce86f672347d01110cd50c4a93a241302237671ac,fe3fa182dd20fda64c9cc9b04980e7c311d737dccaab8ad8e78d7ac07ab040dd
20260812,8,9,9,"[8271,10043,12644,12741,14267,14542,16523,17270,18053,19959,21275,23784]",12,1.080663085,4.578632803,0.236023095,58f1e0a73e202461acd28a8ca85a9798ec22beb57fe5e6823a528cefbf17a794,3a92efa4cff1ed71b5d0eb70b32aae577db320880bb8882891e04da15f8570ed,5a8be1d0ae11688bd0748c6468d01765434c40d41831f7938c80423109838006,c256c8f58e7a10a9034767320a25f98f346f394e56f3bda2c03c7062d56a3d32,81a917da187a103a1e76d79ce86f672347d01110cd50c4a93a241302237671ac,fe3fa182dd20fda64c9cc9b04980e7c311d737dccaab8ad8e78d7ac07ab040dd
20260812,9,10,10,"[5437,7768,9450,11067,14174,15336,16523,17701,19014,19713,21566,23688]",12,0.5206817484,4.578632803,0.1137199183,72d60fc003911aa23e429059997bb773a3da72ca620d924d5eb237ebc4cde7fe,2f536830fe61564a5fb98451f42a44184635485522599cbcbf342ef88408be8d,ddc97eff360a7269ae79f30c883c0eeafb9211bab9c6ccdf92e7adf0fdb268a0,2da57b6f84f6bd871e00a0255aa8677636f30f196fc19e5920b32d06e0009bda,81a917da187a103a1e76d79ce86f672347d01110cd50c4a93a241302237671ac,fe3fa182dd20fda64c9cc9b04980e7c311d737dccaab8ad8e78d7ac07ab040dd
20260812,10,11,11,"[859,1919,2619,4841,6589,10596,13225,13888,14260,21498,21966,22448]",12,1.154544358,4.578632803,0.2521591942,2c000f0fd2247579304613c4f59b6315186e271253ab16fe407c0e892fce4d4e,1ddccdf928ef034d5afcafcc363e99b2dd0678bb7b890f69ad3b102d36d4b268,197f2870053fc66a063d37f8241f3ab2a4a6104d1b1a04632d166e17f4a7eedf,b3a9e9aae06bb45de32dca2720457125a4ec1f3886bc58fe5b3489953079adc4,81a917da187a103a1e76d79ce86f672347d01110cd50c4a93a241302237671ac,fe3fa182dd20fda64c9cc9b04980e7c311d737dccaab8ad8e78d7ac07ab040dd
20260812,11,12,12,"[4841,5909,10572,12644,12937,12950,13888,14127,15336,15707,16584,21234]",12,1.751499035,4.578632803,0.3825375631,7c78de53a26223507a90d351012bec8b852829912116e6f25affcbefac1b5cf4,e3b3915c34896e386aef4ce8f4d1f10129a92dbb71f9fecd25dc0ddf95b3a5dd,c4598709a20484b99531970591b47f77155a90da71ab04a309d8580f7320618e,0ce50e26526748631ba4ab15acfb1264764abe48e56fc927b04db12374a01f5f,81a917da187a103a1e76d79ce86f672347d01110cd50c4a93a241302237671ac,fe3fa182dd20fda64c9cc9b04980e7c311d737dccaab8ad8e78d7ac07ab040dd
20260812,12,13,13,"[581,2040,2619,12423,14267,14388,16637,16729,18821,20656,21275,23245]",12,0.4078799931,4.578632803,0.08908335974,8f090b347263dd991b171819e57467f9c9d51871d437e76d1c9aef84a674cdb2,34f0dcb39a0e1481c68ebbff7336549b75625eb178574bacd8a7a3b993d18ead,e7650da41d987737e1eedb9303924dcf5e2adca94c468504de80e1ebb6dede1c,410cc250a418ce1e67646551a97da0d816d0e1ad0063e520aefdcecaee056d6b,81a917da187a103a1e76d79ce86f672347d01110cd50c4a93a241302237671ac,fe3fa182dd20fda64c9cc9b04980e7c311d737dccaab8ad8e78d7ac07ab040dd
20260812,13,14,14,"[875,7263,8371,11067,12568,13558,14388,15707,18821,19615,22248,23245]",12,0.3474563265,4.578632803,0.07588647997,e593d43d3b8321d3cd6d1888967f07f1273f662b09e827be88e067ed42627f94,0487abbd9a5fd9f95fd49a50a4aed006a42092f21f8ffccaaddbabd54c62b14b,bebc92cd4943d0980292067ec9d4e4cea429f5ddd72447f5d70158827d67d414,5c37d1394efd390ccd5c2c56773e5db49d6f4f97407cf218d39a99f5c8f65695,81a917da187a103a1e76d79ce86f672347d01110cd50c4a93a241302237671ac,fe3fa182dd20fda64c9cc9b04980e7c311d737dccaab8ad8e78d7ac07ab040dd
20260812,14,15,15,"[859,2619,4841,7451,8371,10596,12741,15707,16544,17701,18821,19014]",12,0.571033349,4.578632803,0.1247170004,465a76e523d24fb777b900387ea8a2ac6c3a950b789338f298c02e9e871a3937,274be48057097a759d9e0aef15ef6590568367f205d71df13d7706ff9b7ba1f6,35e3bd2f10d95bfc497668240c846f521a86802a598b7dfeb5d4cd6494d3627c,400acf6f3d66ef5cb982feb2403833346703f4387db802edbd57ebfc579f0d04,81a917da187a103a1e76d79ce86f672347d01110cd50c4a93a241302237671ac,fe3fa182dd20fda64c9cc9b04980e7c311d737dccaab8ad8e78d7ac07ab040dd
20260812,15,16,16,"[1064,2619,10572,12022,12741,13888,16544,16628,16664,19014,20761,23784]",12,0.9286800019,4.578632803,0.2028291068,4cacc3006847169cf506d2c90b6164d9128057b2f0ac73f51c27efc7373c5580,68045ee03355ceace5f5a36f0933f2c38f220bd2c01221054f10c2c7c8df08cc,bdf0a3ff6a84a430f627baf14192baa45f603764352f807b5f6d0e75106e6ce4,5ac59ee0c6160e1f5cf95bd589e21468d8fbda9bd78e959927c81fa248dfee5a,81a917da187a103a1e76d79ce86f672347d01110cd50c4a93a241302237671ac,fe3fa182dd20fda64c9cc9b04980e7c311d737dccaab8ad8e78d7ac07ab040dd
20260812,16,17,17,"[784,859,1064,2040,10596,12950,15707,18821,19713,23003,23139,23688]",12,2.000026196,4.578632803,0.4368173387,2e6737579cc3090fab4ddac9bd76b8d93ccc2ea2b492d56a185322b8d1658540,ae2441da0b8f0dcbf1b42622ce245cd3083bd907a8738cc84bb0e76c4ebfec0e,cdc5edcb051e4ca85726704f9215f44aa285d41622c922753c18ba2cdd558ab6,f54dc2ee980e006bde0be09b8bac02415556cce28b5d3eaa07a51cdf63cf954e,81a917da187a103a1e76d79ce86f672347d01110cd50c4a93a241302237671ac,fe3fa182dd20fda64c9cc9b04980e7c311d737dccaab8ad8e78d7ac07ab040dd
20260812,17,18,18,"[4224,6863,7198,7698,14388,14535,16584,17701,19615,23003,23139,23688]",12,0.4863896275,4.578632803,0.1062303199,dff88c775179437ec0a3a6e33b1ced32380546b6e18a40ade67778855454c311,4e21b18ed0333af0811ae321e5511744bb0dfa671a2fc8a93dd011123ad8bc3b,18f51781a3abc98ba38c8e3cabbd925e43b5901120b16fb56d1a7eb0b9cbc661,5cd11e07aa8633e34e4a282d7aeee1be0d393970ca455f89a85d2bf297da7fa8,81a917da187a103a1e76d79ce86f672347d01110cd50c4a93a241302237671ac,fe3fa182dd20fda64c9cc9b04980e7c311d737dccaab8ad8e78d7ac07ab040dd
20260812,18,19,19,"[5437,10892,12568,12937,13798,14388,16729,17119,21966,22448,23003,23608]",12,0.396613663,4.578632803,0.08662272781,66ff0c917660dc9e59d0778df4d6ace660b44f6821bdf5939155b6ff4c333672,c47c1bb50afd29203467f05b8d1aa7aae19c08147372f9e8f3380a6f453b902b,c31f7e8e8e97f4f5bd7c579291675875be9c0e78e41ff96a2499bf430f71e050,4c431fc73667fc0ec4274bf9f3443606ab7e6b7d93344c486d954a43fc2684d2,81a917da187a103a1e76d79ce86f672347d01110cd50c4a93a241302237671ac,fe3fa182dd20fda64c9cc9b04980e7c311d737dccaab8ad8e78d7ac07ab040dd
20260812,19,20,20,"[875,1334,4083,4224,6886,8605,12097,14777,16628,16637,23139,23164]",12,0.6273059003,4.578632803,0.1370072524,2cd22add9e57dde8f2d8194715a856c73799d956da7cbe798e44fd551a7bc539,dbafa1261c73404e67d650fb6ce919ce2906d88092762134094c7a8f926f0899,2d636af6d460c0f6463d2c4dab5889d7f916354b6eaf1bb9af5afdb19d2a4e64,ace19ccc6870c70aec0ad05400a76ea6a8d97045c67d2f81d25a1ee508a9cae9,81a917da187a103a1e76d79ce86f672347d01110cd50c4a93a241302237671ac,fe3fa182dd20fda64c9cc9b04980e7c311d737dccaab8ad8e78d7ac07ab040dd
20260812,20,21,21,"[1064,3015,9450,12568,12644,14260,14267,16523,19713,20311,23939,24161]",12,0.07693225384,4.578632803,0.01680245111,de7ebc66ab00c8118a558a6d1812bac983dd8c33306bbcabcb867080cc78fa66,05d24d0e405b6ab23ee2d96a6afccd2b50be0388f77f431f328efaae6a587fd3,9d1f26171d1b0a7ad302878ea3b9dce16ac160d3f5ba939e264cc05461e65d28,24c8d706c7863ff17641a29dd3236f2a4cd2889897998ea3987515f1a75ea228,81a917da187a103a1e76d79ce86f672347d01110cd50c4a93a241302237671ac,fe3fa182dd20fda64c9cc9b04980e7c311d737dccaab8ad8e78d7ac07ab040dd
20260812,21,22,22,"[859,1919,6589,6863,7451,7768,12289,16163,18821,21354,21566,22401]",12,0.7922240178,4.578632803,0.1730263273,02f858c465b2e91bf48fce03923b6293ccf742df42489f7e674a8ebbf012edd9,1f54d806b32a6904814475eacfb3eb98ab47b39d067c633f889d14fb61aaf4c3,acbe5e76585b94c8c67e075a0fda2f07aca934b219b0c835a976d2bc55fdce9d,16a344eaf9b7bf644cfbcfd9d43fb1b3eff90d70d0241f30ee7f2c744e5ab4d5,81a917da187a103a1e76d79ce86f672347d01110cd50c4a93a241302237671ac,fe3fa182dd20fda64c9cc9b04980e7c311d737dccaab8ad8e78d7ac07ab040dd
20260812,22,23,23,"[2040,6108,7195,9450,10471,12325,12568,14127,16729,17270,21677,22900]",12,0.8109248463,4.578632803,0.1771106968,6a0f09125dc5ac73a1e1304cd60058477e755376cbe77f38e2d1732fd78ac006,c4f8d3a14d0ecdb963c6732fb9ab5eee442f2022eb4cb6f2d4900ba64945db6d,ab655972708359710572ab9286b6ad722f3ac3e053597eb16e87ecd4481531cc,32657389770fdc4120fc2b65cdbfd666ab3ac4f7c26aeebd113c18afd1719e5b,81a917da187a103a1e76d79ce86f672347d01110cd50c4a93a241302237671ac,fe3fa182dd20fda64c9cc9b04980e7c311d737dccaab8ad8e78d7ac07ab040dd
20260812,23,24,24,"[6589,10596,12950,13798,14127,14174,14535,16523,19192,19615,19959,21498]",12,1.60263557,4.578632803,0.3500249176,a0c258ea3efc91ba4faab8c823e953a6f9da3866bd8846c4880dc11d1fd632c9,340e52e6a7d35d3b6ac3e31e3b27461465d1886bd81d7093a9e0c0e504404d53,dd2674dab01e5066382773385dc7fef111c49613b746388f9a21334cbb3c3ccd,49a11cd22e125e77651a5e5ad1c280af03fd4083a906e02fe810a10c006eebcb,81a917da187a103a1e76d79ce86f672347d01110cd50c4a93a241302237671ac,fe3fa182dd20fda64c9cc9b04980e7c311d737dccaab8ad8e78d7ac07ab040dd
20260812,24,25,25,"[1064,1919,2907,4224,6863,7451,8271,12950,16628,16637,18829,21234]",12,0.879513491,4.578632803,0.1920908552,4a3d1fcedeb134fd8cd9cd01afc9c3ed0268692ca4d4b0805833e6b42d9945fa,16942aefda6f0f809a997e9a4083795f6b7b41ef9b57e2585898be7b5e4954c7,2f4bbb1bd26001b891ffc3cdba84eb4312c0bba7ce53338678a8f3d2c9ab5eb6,1e1909b2223242c2992fb8816a879b0018d94f70db72c70261964a7f70b41ae0,81a917da187a103a1e76d79ce86f672347d01110cd50c4a93a241302237671ac,fe3fa182dd20fda64c9cc9b04980e7c311d737dccaab8ad8e78d7ac07ab040dd
20260812,25,26,26,"[859,2040,4295,5926,6589,12644,14067,14127,16584,17373,18716,24297]",12,1.352664542,4.578632803,0.2954297932,6ef5b10cd528dac2fb405b4a37262f50d8b5fb4b39f28e374083d60ae7facd25,e1672382434eccdb61569eca726a1aae4e313107c649e0c6474ff4da38f4ff2a,5af83ea7434f8c1a0e0fe17417ca8a1c4f98219277fa57f3ebb2218322686841,b16015a338e7a3497290c3832cf000142931330e25059143e1f43360b3bb7921,81a917da187a103a1e76d79ce86f672347d01110cd50c4a93a241302237671ac,fe3fa182dd20fda64c9cc9b04980e7c311d737dccaab8ad8e78d7ac07ab040dd
20260812,26,27,27,"[438,821,12647,16246,17701,20311,21234,21354,21498,22401,23245,23608]",12,0.2105331723,4.578632803,0.04598166775,c9723e2b5b3453775884f3bfdb9be2f7a4bd02fcd67a219cf26ff29a629a5506,cda12e259598c4eb93de0d404e80b5a97e875c81d9fcfb0e5e5676414c581918,3b9e13facf0b3c91385b8b08a15abd7c91f8e6bbba8b528f6128f655c85e8e98,e70bd210f8e155e2527b56e9ca9ae644109adbba1eb5b8affea82fb266a2255a,81a917da187a103a1e76d79ce86f672347d01110cd50c4a93a241302237671ac,fe3fa182dd20fda64c9cc9b04980e7c311d737dccaab8ad8e78d7ac07ab040dd
20260812,27,28,28,"[784,7796,8371,13798,13888,14260,14784,16637,17373,20761,21677,23245]",12,1.696192384,4.578632803,0.3704582693,2687c37277fc2f919d756484eb29fd973840ee68424e81271e7fcfb9ac811e39,da16a4922a879278d0668dd4ac6d7f55a87a99f892edd13828128e37b91fd1c5,94ace9e0b5f919d2da31cf75472719777321d430924a4eb6c2e6b0add1770ea2,400aa7724381b3bf00e63408daa1857013494a04415b7b2ade4b478dd12f7b09,81a917da187a103a1e76d79ce86f672347d01110cd50c4a93a241302237671ac,fe3fa182dd20fda64c9cc9b04980e7c311d737dccaab8ad8e78d7ac07ab040dd
20260812,28,29,29,"[10471,10572,12289,12568,12644,14121,14535,16523,16664,21966,22448,23003]",12,0.3868417056,4.578632803,0.08448847555,15172b58c0b327315dc85560cc7c2bee60897737cfa7819e0aedf8d8b329c51e,d61a5cb60aaf4ace2011ad49c40fa1c52a8206712d15257e976d59c3d127f76e,d586a55503c605b8fb58abc412027569973734ed92e06d2f4b3d82a3eda7ef45,48a99a996c2360c29cd0ecce8581b76bdde0eae5f98a34df941074a0fc328db7,81a917da187a103a1e76d79ce86f672347d01110cd50c4a93a241302237671ac,fe3fa182dd20fda64c9cc9b04980e7c311d737dccaab8ad8e78d7ac07ab040dd
20260812,29,30,30,"[438,1919,2907,5336,11067,12647,14067,15336,18716,21966,23003,23688]",12,0.9138157415,4.578632803,0.199582666,0d69e162b04192d6a9f5061efd509f5d104abebc25bce99510bee39ca53c05ca,593ea2b059358e21a16c6e3809d35adb279a43700a32b64ffc7b652adf2b18b9,c0586909d40a7b36ba4228db1c9390897fe89781361cbea3f0811f8ae9cd5140,9b54e4c549e19c964e7591984b58a680287b921cf78c1869fe6698a6e009cbec,81a917da187a103a1e76d79ce86f672347d01110cd50c4a93a241302237671ac,fe3fa182dd20fda64c9cc9b04980e7c311d737dccaab8ad8e78d7ac07ab040dd
20260812,30,31,31,"[6863,8271,11131,12741,14067,16246,19713,20656,20761,21234,21275,23245]",12,0.2574957657,4.578632803,0.05623857094,525655f10b70f8b34b7742b3e9d150424ee6ba2608b18a54dbfd34b6ba32d3b6,13ddc46a8bddce79252e02975f2f052290ce61fee777fe4f987b96307f9e795d,1d9732b82207f076e23b4058a441753e0cb8c9d41ac5e2316d89802b7a9c4c1d,c7d6b1efb368920e1b76a8fcdb2371c546262b1fea6fa3767d614baf69a9457e,81a917da187a103a1e76d79ce86f672347d01110cd50c4a93a241302237671ac,fe3fa182dd20fda64c9cc9b04980e7c311d737dccaab8ad8e78d7ac07ab040dd
20260812,31,32,32,"[821,875,3019,5336,12568,14121,14777,16523,16729,17701,21275,23704]",12,0.9671406285,4.578632803,0.2112291311,8f44fc4df8634bbf85edeea6f594c7be91095c30e64d45e7c12a2aca14de500f,03b659b714e8344dadd323d25ef2b730f4865381e90de2a74f08cbdee7d33325,a0ccf0d545486e1dfe86113ab9454c06a2a23c85ce82250d74f6818ae6798d89,8580eefdb265a702bee596f4feb31ef760b0d350a34bef7c057bce3dcafb2a5b,81a917da187a103a1e76d79ce86f672347d01110cd50c4a93a241302237671ac,fe3fa182dd20fda64c9cc9b04980e7c311d737dccaab8ad8e78d7ac07ab040dd
20260812,32,33,33,"[4841,12647,12741,14542,15096,15707,17270,19192,19615,20656,21354,23608]",12,0.4023590342,4.578632803,0.08787755025,18da2ed3546b2986fd4314d1876aaf286edaed55db75437719cab7b7fb1c26df,0730844ac41b17cfc596430f8579d829d152c8e1a287e1b8d0f9f50b644442f3,f7928b52356b4fee0b1bbb77dfb0dc87449f36b1dc38f9c4bf102637f9702587,6a6eba7872d3256446c81434febea7664d7d58d4e3904d01c1606b9080dfde71,81a917da187a103a1e76d79ce86f672347d01110cd50c4a93a241302237671ac,fe3fa182dd20fda64c9cc9b04980e7c311d737dccaab8ad8e78d7ac07ab040dd
20260812,33,34,34,"[581,1496,2619,2907,7198,8371,10596,12289,14067,17373,18821,21966]",12,0.5683544731,4.578632803,0.1241319183,1e22696b329cd413a4da735f4667a9cd128d2c8f7e41f7e52ee8ea6c230a40c0,1b7e1b25035c3faac20d1b4a22834b5846eb5059825901dfd618b53c43d6b783,30d0c70b51fb715ae6ce89b0518ac5091192a5d785d6c518e33f8f8b678e755d,7dad03b27170596129ed042572913efe5ae16256bc746a5bdcfb67ddcf312196,81a917da187a103a1e76d79ce86f672347d01110cd50c4a93a241302237671ac,fe3fa182dd20fda64c9cc9b04980e7c311d737dccaab8ad8e78d7ac07ab040dd
20260812,34,35,35,"[3019,5437,6886,7796,8055,11067,11131,12022,18649,18716,23164,24297]",12,1.171042644,4.578632803,0.2557625157,8392cf82b79e6c5eca1d74bf1e1b4552316c73828626b5ff929e29836928467d,e3be4647f62da4bf3b68d9ae023cb9c5a9b73cca8413f8edb3fce7645eb27f8a,02f6ac16983450a4def226df201eb547de2ffad251a69c402bf6f7a40b9ae201,f8936ba0b0554282646485ec3b07e603d8160d012afe81155088dc745ce86d79,81a917da187a103a1e76d79ce86f672347d01110cd50c4a93a241302237671ac,fe3fa182dd20fda64c9cc9b04980e7c311d737dccaab8ad8e78d7ac07ab040dd
20260812,35,36,36,"[2040,3276,4224,6589,7698,12097,18716,20311,21275,22401,22448,23608]",12,0.3710807387,4.578632803,0.08104618882,9f1b8e5ba72abfd5fb83230a34172071f875bdaba773649fc1b49016558798ab,75c0114dcf8e524cdcdd00fac76635127f9ecf43b9d16b3055ee5e57078ed274,4969813e8508eb892e97d746577df16bf53521ad25f79647a30c8106290935a4,91aa6fee1cd804e740759601a3fb7911a9748c25e98f9688234c46ebd0678598,81a917da187a103a1e76d79ce86f672347d01110cd50c4a93a241302237671ac,fe3fa182dd20fda64c9cc9b04980e7c311d737dccaab8ad8e78d7ac07ab040dd
20260812,36,37,37,"[1496,2907,4224,5926,7263,7698,10471,12022,12325,14067,14777,23939]",12,0.5615443929,4.578632803,0.1226445572,accc933f4f7d2c2d5e3bd0b963115571ea6db76c12445ac32d0b7765164e1c68,7635174d3f95418927c7274e9defd8f913afd588d6c8f8203c9a984df904058b,5b828a033d101173e8fc6559b1467e7dfaf35c2a70be5862179fdde262818859,3247a4b7e99e936f737df5a551d3427bb9ce29bf9a7d9fe1bef35512c8e773e3,81a917da187a103a1e76d79ce86f672347d01110cd50c4a93a241302237671ac,fe3fa182dd20fda64c9cc9b04980e7c311d737dccaab8ad8e78d7ac07ab040dd
20260812,37,38,38,"[3276,5909,6589,7451,8605,12289,12741,12950,14174,14784,15707,16637]",12,0.5616471879,4.578632803,0.1226670083,fe0c81acafa8707a3cbe7e36a0025f95c3912f06459529bbb6e2ae433f217f5a,f7957ecae7b772cefb5323d363c623f992af159d48c720c2b2a13ccc19428564,11a62802ebf9bfc8f9188a870999893d66bc8a532460a3cee99ef95aa7e7ea35,4b8b1de4bf8f3f3a109407820f35ae96cddec5808829feb5640a9ad98565d326,81a917da187a103a1e76d79ce86f672347d01110cd50c4a93a241302237671ac,fe3fa182dd20fda64c9cc9b04980e7c311d737dccaab8ad8e78d7ac07ab040dd
20260812,38,39,39,"[438,581,2087,4224,7698,7768,14995,19615,20311,21275,22401,23784]",12,0.6922570197,4.578632803,0.1511929542,a8a83261d9c46d041a1b673cd9449366e00aa4fface74996811c58303d7b7562,e8d0850786e354610453a3a58d36ce51d4cb19e9b9f190f783d9e67e8705d793,58c664eb87c63fb2e75e34139ee1dc88f2fc64833503080468ad0458da8ac2b2,1c0dfb09616e617691821a57746aa993c515419e1cc52697292e7f1372ffd062,81a917da187a103a1e76d79ce86f672347d01110cd50c4a93a241302237671ac,fe3fa182dd20fda64c9cc9b04980e7c311d737dccaab8ad8e78d7ac07ab040dd
20260812,39,40,40,"[2040,6886,7768,7796,8605,10892,12644,13888,16544,16729,22448,23784]",12,0.7168156147,4.578632803,0.156556694,7948f0ba39d839aed3cd10dbeb68173d4c6f0fac6f5774f12c8bb9deb90f1b3a,87c1baefa3c98f525c26d5b6ba9c45506edd0b2195c18fd995077a7e18817ac5,c1b585047d2963782e493d683674145bbeb028384531791c7905b7a19c179751,daebbdc813144f08709a628333f7ba26d67cbd51b2246f7d84890ea85c611c49,81a917da187a103a1e76d79ce86f672347d01110cd50c4a93a241302237671ac,fe3fa182dd20fda64c9cc9b04980e7c311d737dccaab8ad8e78d7ac07ab040dd
20260812,40,41,41,"[821,2907,7796,10043,12289,12644,13888,14542,16628,17119,18053,21566]",12,0.1084642235,4.578632803,0.02368921646,70c872733146d757b56108e57856592257c8a4069e1ba8e16bfad1671d9a029e,26893db73b590b86439772ea4941c448e93fce6f0e39b08ea755b9b8b542b83d,56846b053a5fe782289e97ffe0ef601f6b227c60b89aa843073df64e95b34125,bfc7118db6985e161b2fcf83b3041640cae121a8f3de40c5b6cfb6007abda65c,81a917da187a103a1e76d79ce86f672347d01110cd50c4a93a241302237671ac,fe3fa182dd20fda64c9cc9b04980e7c311d737dccaab8ad8e78d7ac07ab040dd
20260812,41,42,42,"[1064,1496,1919,2619,5926,12937,14260,14267,15707,16628,21566,23939]",12,0.8700732342,4.578632803,0.1900290483,44adb0fc20af947d07aebd27239596d1006d482fae761882e4d9a4448c875cd1,93b4ce1893d13d3938e24b46cbe972943c88f67962ba7d8f6c7e5cb0cc4586aa,a0f80631c628de8f032f8ee425fcc7b7c27c012151d49243fa0267ebf05d31bd,5f8b31620001488279dd43c43bd6282b6d609841b829959075e9b40cceb7655a,81a917da187a103a1e76d79ce86f672347d01110cd50c4a93a241302237671ac,fe3fa182dd20fda64c9cc9b04980e7c311d737dccaab8ad8e78d7ac07ab040dd
20260812,42,43,43,"[581,821,2087,2619,4083,6886,7698,8055,10892,12950,14535,22248]",12,0.9678755681,4.578632803,0.2113896462,328f22c568f181f5132ca08af71e3dfa6f26b9d5c09d4f515b14f21e9bdae105,f14b65e925f978b932486aadefb56e1c1f64e1542158b62bf089bc5439216097,4102fdc67e908b9afda26118285f3ee91a148bd37c6c4d4e7af7652f59102a08,c2c6938d51984343aeebb2aa63f7ef7a17ae0ba801100241d2036eb2139a41bd,81a917da187a103a1e76d79ce86f672347d01110cd50c4a93a241302237671ac,fe3fa182dd20fda64c9cc9b04980e7c311d737dccaab8ad8e78d7ac07ab040dd
20260812,43,44,44,"[3019,4841,6863,7451,10892,14267,14388,16523,18821,18829,19615,21677]",12,0.800398469,4.578632803,0.1748116749,15e7ea57d9119d763149da9c924ef4ec8fc3ee58f3b222bcf76bb072f69262b6,41ecd6453de3004fb8990fd3926dbea86b160e6c891b09cf2ffe1ae9f741c6e5,16cde509dcf835e9b5502828e8b1562a053d1219c805eda59201984586a7d2bf,1cd18ec035d96715cb0a58e0d92fcc9aee09c0f05c97b327babeccf4c9137f36,81a917da187a103a1e76d79ce86f672347d01110cd50c4a93a241302237671ac,fe3fa182dd20fda64c9cc9b04980e7c311d737dccaab8ad8e78d7ac07ab040dd
20260812,44,45,45,"[1496,7451,10892,14174,14260,16584,17119,19192,19713,20761,21354,21677]",12,0.2623083576,4.578632803,0.05728966896,8efb7bd5c05eed0653e0d52584c7934273d780dab035d6c450dc323f180ee85c,551c523fceb331411196d6ba7bdfcfc60c1517848b633d397c2197e0f201a3cb,2ddd4ee162b1f53164fb8194d7bd72eda9a95b5cc57cc9e7df7b50f83f5a1704,e0ef55818d27376da82dc6be7b6f9a15d54b62a2cd914ba496bfbf1643ce1984,81a917da187a103a1e76d79ce86f672347d01110cd50c4a93a241302237671ac,fe3fa182dd20fda64c9cc9b04980e7c311d737dccaab8ad8e78d7ac07ab040dd
20260812,45,46,46,"[2087,2907,5909,6108,12022,12097,15707,17701,18821,21498,23003,24297]",12,0.6718490171,4.578632803,0.1467357279,e5463b65aaf94495dde4bbbbe33b253f12bb50956ce12a0b1b1aee32e9eee876,79de57a84447cd578b596b38fcad7ccb2bccc035d5332ac23bf4e490e7ed664a,ab0b3093e9a1798b191696e39f6c9c53229a0b65c9806163d54ab2f088c794c8,8b9182f6d5168e8df64f11540cee661093a2b2c3b9695558b6dfac746019d162,81a917da187a103a1e76d79ce86f672347d01110cd50c4a93a241302237671ac,fe3fa182dd20fda64c9cc9b04980e7c311d737dccaab8ad8e78d7ac07ab040dd
20260812,46,47,47,"[438,875,2040,4295,6108,7195,8055,9450,12097,12325,15336,22401]",12,0.6022872718,4.578632803,0.1315430387,574a2251ce3410f05a4ac289b650510129e6dfca82659c34d80c3357e5613d48,7d6d73a9e972c269f36db60564d99f7418e2d105763701ea417ee9a885dc5c03,6b12ce1d8b7c17c3813eabd37fb10a39e9df6516d30930f28eea3f7637d82f64,b1bfdb685298a55bd97998b47fc2186c84264c6f2c0cf29796440d12e4ba3c2f,81a917da187a103a1e76d79ce86f672347d01110cd50c4a93a241302237671ac,fe3fa182dd20fda64c9cc9b04980e7c311d737dccaab8ad8e78d7ac07ab040dd
20260812,47,48,48,"[581,2040,12568,14121,14388,14542,16163,16628,16729,18829,21677,23608]",12,0.4596911589,4.578632803,0.1003992193,c9e222f161d421525afd1f0de253576988efa094e851e575b600775ee21ec783,b509c826538a4f958501d95e9d5127c7bc76b2865f51785e10ff54847feeea74,87476dfe8efcfaa293bc32737624c41ffaa485a0a810dc10b87b8d8815f9283b,f2007be9a4297b8ce3a147eed312420d94df30ea803a4282eb5913d2258215af,81a917da187a103a1e76d79ce86f672347d01110cd50c4a93a241302237671ac,fe3fa182dd20fda64c9cc9b04980e7c311d737dccaab8ad8e78d7ac07ab040dd
20260812,48,49,49,"[4295,5437,6886,7198,9450,10596,12289,12325,12937,14067,19014,20311]",12,0.5094948069,4.578632803,0.1112766253,c7e4cc9dab4bb3269b1dbd9b687f5b2ce5add35e952e330325ede483d2c98fa3,2eb3453cecf85649b4888a78738258e466bbb085ff452d61bdc9d9455a51d693,f5d25dc0dbfb42f0fb64610caea004dc8a1e627c97433c607df2aa5bfef44575,3e32abd2b0b48251d1c82afec14cbf0dbbd4b1e068b60656329ad23ae3353aab,81a917da187a103a1e76d79ce86f672347d01110cd50c4a93a241302237671ac,fe3fa182dd20fda64c9cc9b04980e7c311d737dccaab8ad8e78d7ac07ab040dd
20260812,49,50,50,"[1334,4841,7263,7768,12423,12950,14535,14784,16163,16523,23164,23784]",12,0.9108746465,4.578632803,0.1989403138,45bb47dd10d831d10c44f32d81fdff06211b6d56348a20059d2984a9223124a6,436c7c875c2fe02fc5ab17021eced4dda2171bca172a10974f48e77f1340ba67,c9bb65d21c2cd5dafd4c98c48e98f4ced432d8a6dddc8cefff1fd7539333bed6,03d1ef6931a22186e0e043769bdc6094f1d74bd347bd19f3500208145ab8d881,81a917da187a103a1e76d79ce86f672347d01110cd50c4a93a241302237671ac,fe3fa182dd20fda64c9cc9b04980e7c311d737dccaab8ad8e78d7ac07ab040dd
20260812,50,51,51,"[2087,3015,7263,10043,10892,16246,17701,18716,21566,22550,23139,23939]",12,0.6862749449,4.578632803,0.1498864343,85413235bc2d8ba2808afe28e4164416851bb13adf57dc6ab596cce86c5fcca9,a7aa51034c6b9ddb6949ed9d54833e27a9d33592fd7d048eec20c8ff0c5ecf5e,243d1667f9e0b718ba0e8831cb7d72d67d91a70154f48d19d70387aae04e446c,b557f6ab923aad6dc0c1b0b127f2a8574555bcc053e6b2f3c65a4367931f3e9e,81a917da187a103a1e76d79ce86f672347d01110cd50c4a93a241302237671ac,fe3fa182dd20fda64c9cc9b04980e7c311d737dccaab8ad8e78d7ac07ab040dd
20260812,51,52,52,"[784,821,1496,1919,2040,7451,8371,9450,16637,20761,21966,23688]",12,2.034408329,4.578632803,0.4443265964,cfb69af319d2794f9b2cd52b869df16af7376d49c06ffdc4ca2a0575bee7f701,5a13fb3606c3342b5cd7c7a720c0b2e83405bd2ddd83cf35f7b405a59775947a,90d5e548e0dea107f24a40f6a296fdef50361773c270c3abc23d1dd2de4b867c,399a2e4698763e8728dc45db9cebc314e4bddc50d3ac55f884a20af84acedfb9,81a917da187a103a1e76d79ce86f672347d01110cd50c4a93a241302237671ac,fe3fa182dd20fda64c9cc9b04980e7c311d737dccaab8ad8e78d7ac07ab040dd
20260812,52,53,53,"[2907,5926,7195,7263,11067,11131,12741,15336,21498,21566,24161,24297]",12,0.6431378969,4.578632803,0.1404650525,60d7350cffcfaf3aad450dfee9b5f0377b4b2df0223f6958045fb8820d9a014b,b6e196940a7273bbf1b6c455fa12467f50cc7dab69966c9e6930042e4a52bf23,fc453a2e4de92925d2248c284418041bc50b238b53bbd12df208abd691e90689,b2732ca24306407eacc526e1580c00a9a07d1c8dfe4b41862afa95b0c9d8405e,81a917da187a103a1e76d79ce86f672347d01110cd50c4a93a241302237671ac,fe3fa182dd20fda64c9cc9b04980e7c311d737dccaab8ad8e78d7ac07ab040dd
20260812,53,54,54,"[3276,12423,13225,14067,14388,16729,18649,21234,23164,23608,23704,24297]",12,0.5594876687,4.578632803,0.1221953567,208a253f94de78e2232dcb46a29cc1624d68f3818a8849bce4563b7c85abb147,004fcfdca9a9d318cf58cd930e60f86a5c219e1bdc3c4abd7fd41dc6e3301fe1,52e85386ff8c354061244ff56d72a5e33a003fb459ac94d96081e9c92ca4a1a2,2cc784a6bb6e0a0ca6aeb2569c419239541d50d20e114fd7cbce8ba8d3915381,81a917da187a103a1e76d79ce86f672347d01110cd50c4a93a241302237671ac,fe3fa182dd20fda64c9cc9b04980e7c311d737dccaab8ad8e78d7ac07ab040dd
20260812,54,55,55,"[1496,5437,7198,12423,14121,14260,14777,16523,20311,21275,21566,22248]",12,0.485648427,4.578632803,0.1060684374,7cb9fd87fe5b0e3af236dd726e49c4bc4c468924477f316102978379ae6613c3,9788c761ae61feb828502d245b9fd7dc37aa055686662503a5b78e9f46b947dd,79d7fa9a34507b8fe2a4715cdd229fbf2d66b921b9ed788deed4fa5df4b39cd1,66cd82a2406ad390717f6e4a7f4681fbe25436b3c7141de56068a52ccc848ed7,81a917da187a103a1e76d79ce86f672347d01110cd50c4a93a241302237671ac,fe3fa182dd20fda64c9cc9b04980e7c311d737dccaab8ad8e78d7ac07ab040dd
20260812,55,56,56,"[875,1919,2619,4083,8028,8055,10471,13798,17373,18821,22248,23704]",12,0.9161627976,4.578632803,0.2000952767,e231797fbc63672bb54d5cb71246fe6cca4d11c9d715405ba507c874c571e04e,45a3006c600c5450a494eb3397392072cc360cad2e5a62ceb4465da850aec57a,3c6a143e9b3c9c085bbfc8819caebda391c740019f973ad5b532e0e1eac087ac,309ca2e0213f79f906cd8817c907c9c147f4240ac0a83e2680d5386a91978626,81a917da187a103a1e76d79ce86f672347d01110cd50c4a93a241302237671ac,fe3fa182dd20fda64c9cc9b04980e7c311d737dccaab8ad8e78d7ac07ab040dd
20260812,56,57,57,"[2907,4083,7198,7451,9450,12568,17373,19192,22401,22550,23245,24297]",12,0.1743690046,4.578632803,0.03808320345,f970ad02fe92dc5856303bcec329e09ec9dd9ffaac203dbbc6952346db4eaab4,67285cefded2f286c6d87708277c7d59532dd6b8df475e969463494d87deb3a9,44eca51afd7e6e316ffa075cf8786864088435d86b8d59c8126788b05ea68b6e,9203930c68aa309fd0f8d681f869191c065406352031ef9366ebe2f9cc275966,81a917da187a103a1e76d79ce86f672347d01110cd50c4a93a241302237671ac,fe3fa182dd20fda64c9cc9b04980e7c311d737dccaab8ad8e78d7ac07ab040dd
20260812,57,58,58,"[3015,5437,5909,8605,9450,12950,13798,14777,16637,16664,16729,20761]",12,0.6142039776,4.578632803,0.1341457164,8c3def85a71618c36cd912f8d8d9834505b3e4a65781f64d6c89f6929da9f23a,b23be309061b91085631ca70a38a72124c7cf0a85c6881436523329907dbc955,6eec802e8880ee692352417e7cabb9fc652818ddf0f28777eefe8569267770d5,0f9434b4cbbbbb7f215f994ade7a1b0c05366702591a669ce12728b8e12b2ee7,81a917da187a103a1e76d79ce86f672347d01110cd50c4a93a241302237671ac,fe3fa182dd20fda64c9cc9b04980e7c311d737dccaab8ad8e78d7ac07ab040dd
20260812,58,59,59,"[3276,12289,12423,12568,13798,14542,15336,16544,16664,18053,22248,22550]",12,0.3691838964,4.578632803,0.08063190744,06b6539e855f0714114faccefa1eadae0ad38871c953b1bd50728053983e3862,e04cb8346a46e8a6cc86e529a843dfcce74330aac9daa13bc73f1c4053f62611,9d1e679be512d368254a731a31652cc92d756b5ac51105614101405f5f75920d,ab0cce286af6a8f6b4d67d548724faf96f9a39cde2712c2895032f46e433585a,81a917da187a103a1e76d79ce86f672347d01110cd50c4a93a241302237671ac,fe3fa182dd20fda64c9cc9b04980e7c311d737dccaab8ad8e78d7ac07ab040dd
20260812,59,60,60,"[821,4295,12022,12644,12950,14067,14267,16584,19615,21234,21966,23003]",12,0.6044568586,4.578632803,0.132016889,4dffd3cfbd369364aab061c1420aa8b53ae3b7992b7d154a6a962ef009bbd9cd,e1b3ec7aeb364c5f2c3083d334858badc41095a364537d5c8f521d831680b43e,a0cbca00c879675bbd205d73d8db0379caa8fb4e227cd38ae9ebe50327979c14,e57fe01bdcef53b26b33b5c9865a35c2f61636b56bc08d4b792de91475592b50,81a917da187a103a1e76d79ce86f672347d01110cd50c4a93a241302237671ac,fe3fa182dd20fda64c9cc9b04980e7c311d737dccaab8ad8e78d7ac07ab040dd
20260812,60,61,61,"[2040,4295,6108,6863,8605,10596,18829,19959,21966,22248,22550,23164]",12,1.062667603,4.578632803,0.2320927773,6bc10c1881e516ef7cfb2602b1d067b8190fe382707eea56687fe9e77725965a,e53b06f1c49381f35e3a008a46a847cb551ae5f3565d49a3a169c880a849c35e,61a3686cc1845f77f523e41870aa7b6832ea046688fbd86a905d806febc0eb78,15e57378d0263e636969a380f2da3b1861c8aa4fd691ac430140658daf7e620a,81a917da187a103a1e76d79ce86f672347d01110cd50c4a93a241302237671ac,fe3fa182dd20fda64c9cc9b04980e7c311d737dccaab8ad8e78d7ac07ab040dd
20260812,61,62,62,"[581,6863,7263,7796,10043,12741,13888,18716,18821,18829,20761,23139]",12,0.5443293683,4.578632803,0.1188846959,330d8934b3415ad02d0b683e43f5d18483f3ac86f6ad99f7295bbbdcb1e79267,286fbe276ebee4d391895c236faaf5129226d3d500bbc01460df3db4aabf0330,d0ed7afc471a27a92321f972cb87bd22487e4065193b177c5e59b16dc5626632,a9220e77ca6b98e2190449a26702b897b178d5890ef7b2b93004652a4a9eae7d,81a917da187a103a1e76d79ce86f672347d01110cd50c4a93a241302237671ac,fe3fa182dd20fda64c9cc9b04980e7c311d737dccaab8ad8e78d7ac07ab040dd
20260812,62,63,63,"[3015,6589,7768,8028,10043,12937,14121,17270,18821,21498,22401,22448]",12,0.5163631789,4.578632803,0.1127767177,475624f03873db7a1552c8d42cfdd2a6d10ce8e34addeec45706e38fb7efdbbb,91753ca44397a963f86e103a35c51c01f4e3fe320b7d73d16a300114c91d7145,2ba9f8c7668c2a343d054ae5ff0b833d64119252df4c3e2f945769da710e2bb7,3e1b682b7877fd99466d6f59ea4eee339963990110e3343ff6ae799a892145d2,81a917da187a103a1e76d79ce86f672347d01110cd50c4a93a241302237671ac,fe3fa182dd20fda64c9cc9b04980e7c311d737dccaab8ad8e78d7ac07ab040dd
20260812,63,64,64,"[3276,4083,4295,4841,5336,10043,12568,12741,13225,14535,19192,24297]",12,0.3421338876,4.578632803,0.0747240284,866abf40233eea0135c04df6397fd2f597947fa87b791b8ef58dd4b47aa3edc1,57b4e3018d4e0885f666181a59327e33cf8512e0f3c0788a67ba01528336850c,0416baab72d9bcde570cb6b14e88ce7f049e0496eec8be51afd1a1e91299789c,f024fb35e13e8e26f4ce4ddab313290f0bd448fb8f03af8102c9ba9f352d7ccf,81a917da187a103a1e76d79ce86f672347d01110cd50c4a93a241302237671ac,fe3fa182dd20fda64c9cc9b04980e7c311d737dccaab8ad8e78d7ac07ab040dd
20260812,64,65,65,"[5437,6886,7263,10596,11067,14121,14995,19014,21354,21677,23245,23608]",12,0.8022674735,4.578632803,0.1752198763,a11d41e3e768cddd073772fe52cceb55d82d0ce8c7ba2cc013bdc986acb572e7,fe2115f875a0d2714607115ec11757e888e4a7df302638e4a67a8f7fb18807da,b4384415b410dfce99b1ef78c0e02a35a8a6a2510f42434b2b255ae62533d784,0e98aaf63da096f021e8d08579baeaf29a9d82cb753f9c3328ff3efe17ccae72,81a917da187a103a1e76d79ce86f672347d01110cd50c4a93a241302237671ac,fe3fa182dd20fda64c9cc9b04980e7c311d737dccaab8ad8e78d7ac07ab040dd
20260812,65,66,66,"[821,4083,4224,11131,12325,12568,13888,15707,16246,19014,21966,24297]",12,0.5346710618,4.578632803,0.1167752656,e0b09ab354f01125bc70450f152dd5113c089cf255841c6fe417e30c83bab0d2,d496f2160b6e1f4056013b8490a462742e8427588c0c631b2d94b93fa70c5285,5c0771844c2d39eb7e43bab4add111855d78bafbca558102a75511b1b906a5cb,503a301bb30bec6d9cb6a220d9067f4758ff9e931716ef5f2c974a6ccb8f4222,81a917da187a103a1e76d79ce86f672347d01110cd50c4a93a241302237671ac,fe3fa182dd20fda64c9cc9b04980e7c311d737dccaab8ad8e78d7ac07ab040dd
20260812,66,67,67,"[1496,2907,5437,8371,9450,10043,14067,21677,22448,22550,23688,23939]",12,0.2304477596,4.578632803,0.0503311293,eaa285a7def59d4ee5f69a3064caf391273ecbff232d07ef0f76fc2728afb114,f24433c873cd81bc55c4ff15597c03eaa4afe55822185ddcc61a09b54315e97e,0106823f7028c74556465a9143573a8c2b447111d1c22cbbfbdcdac3aaf0b9ee,8a919b0426d319f45e18baee6e95f87986a227684bbecf4d866e5c8515a2eb9f,81a917da187a103a1e76d79ce86f672347d01110cd50c4a93a241302237671ac,fe3fa182dd20fda64c9cc9b04980e7c311d737dccaab8ad8e78d7ac07ab040dd
20260812,67,68,68,"[2087,4083,6589,7451,9450,11131,12423,16544,18649,19192,21566,22248]",12,0.6300873439,4.578632803,0.1376147359,afe2ee5d01fab306ccc5b752ce61d7402961830363c960787fc878544bd2f92f,5c4487ef288ba57f8b5b5ecc3056c83c82cade9d821fbbdce395f14b892f4006,f287c7e4fc59f1b7f7728bdc85bbbd49f75a1a6ecd696d41f93537fa56df497c,586cd20a9414ae85f5fc6f2110da779dc4e24ac4f895b30138610f14fc7b1e67,81a917da187a103a1e76d79ce86f672347d01110cd50c4a93a241302237671ac,fe3fa182dd20fda64c9cc9b04980e7c311d737dccaab8ad8e78d7ac07ab040dd
20260812,68,69,69,"[6108,7198,10572,12097,12647,14127,14784,17701,18649,18829,23704,23939]",12,1.578681401,4.578632803,0.344793188,333221546291b164528af44ef29f830e38ce6b89e462ad56459683fba6f86def,38df7e7814d57c9cc6041a3347ce991feb1d8aa4d5d192a1cdcb85dc3918f4d6,2048e9ed9370704cc0de9ea31003d240d318359d5885921df8c37eacd27a89c1,c3e8616ef46f7ac11896e79535e832ac309cc611b69e24580e07f2bd883a09d5,81a917da187a103a1e76d79ce86f672347d01110cd50c4a93a241302237671ac,fe3fa182dd20fda64c9cc9b04980e7c311d737dccaab8ad8e78d7ac07ab040dd
20260812,69,70,70,"[581,4083,6589,7198,11067,12423,15707,16637,18053,19192,20761,22248]",12,0.4656286335,4.578632803,0.1016959982,0cc0fc4517beea4503b793d63e9c44d07dbaa37b21d5a8b6c043e3431f56ba07,3325eeea2726f30792111440c4833c77803a569d344499601399e63596789710,beaa9f702a611459d737ab738f3e8c52afc72818ef4c0ae6761eb172a451cd0b,c2e94b5dd68d38230da97ad5858e95a68d655ba189cd83a03a1ad071116c4be0,81a917da187a103a1e76d79ce86f672347d01110cd50c4a93a241302237671ac,fe3fa182dd20fda64c9cc9b04980e7c311d737dccaab8ad8e78d7ac07ab040dd
20260812,70,71,71,"[859,1334,3015,5336,6589,7198,10892,12741,13888,16664,21275,21677]",12,0.3245891015,4.578632803,0.0708921452,8aeb982e352ee1aa4af5ff10ef5297a4ad82734513fdac7d6b115b7d2733390d,93f61672058413c82385ccc9dddf2a67b84d44cc5e12c8115629e07fa6eac835,7551c287c245d36265f098f1f0499b5c9af0343a87b71ec33ed1f522e52d3739,396291533fb31ee2d6bda76590af6d9aa3dd5e16cffbb5bb3ac468f4d8a66e44,81a917da187a103a1e76d79ce86f672347d01110cd50c4a93a241302237671ac,fe3fa182dd20fda64c9cc9b04980e7c311d737dccaab8ad8e78d7ac07ab040dd
20260812,71,72,72,"[6863,6886,7198,12289,12741,12937,13798,14784,16163,17373,17701,24161]",12,0.4137470913,4.578632803,0.09036476806,5fb47fe01618b61b7a475f4a0f0d2b86c9b586c971f8c7cf861f090fbb380abd,da87fea3a51b020d8f6e77c426f69ea64ab8c8e85ee9520888eaa13b5f404400,cd87c38c9153b0f3c79f37bdaddea66a05d83084bb829b8d65ffaab1ec4097c9,b34eaf79ab20d23a68868ca5c0c4f6d90ad6db4f61a20056a99089df6e7bf771,81a917da187a103a1e76d79ce86f672347d01110cd50c4a93a241302237671ac,fe3fa182dd20fda64c9cc9b04980e7c311d737dccaab8ad8e78d7ac07ab040dd
20260812,72,73,73,"[438,3276,6863,14535,16584,19192,20311,20656,21677,22900,23003,23688]",12,0.4093759203,4.578632803,0.08941007893,edc15ef535e248d98626ff7e3122a55c2c6b7e1790b70d4abe2f502cbad6dbe9,cb1e00f558b881493f0f16b69c6a08f0f5c9952235a3bd46b6b68fa766514add,292a4c6c1de6a4526576257ddbae0972db7b9a800fda88c128db32b5b020126d,e859cb8bb05fe72677024c301487bd52a0dbfeddb3b14f65fdf34aa75ba57860,81a917da187a103a1e76d79ce86f672347d01110cd50c4a93a241302237671ac,fe3fa182dd20fda64c9cc9b04980e7c311d737dccaab8ad8e78d7ac07ab040dd
20260812,73,74,74,"[6589,16246,16729,17270,18821,21275,21966,22248,22900,23245,23784,24161]",12,0.9818696801,4.578632803,0.2144460415,afa71cfbe1c4066184a98c7fe01c1ef71af39b154b8436a25b156d8d6d79b7ab,dab8fc46225e59ae1cb70dd0dad655fcd11c33ccc36b714db72481803b13495d,6226618e027f80478d7840ca5ce6f4d2191cfb3b3f29c27ba6251906481b005a,f0c95b317adfc4b548a2a364eda27d9dceff046f1001eb42171e06860cf63d5a,81a917da187a103a1e76d79ce86f672347d01110cd50c4a93a241302237671ac,fe3fa182dd20fda64c9cc9b04980e7c311d737dccaab8ad8e78d7ac07ab040dd
20260812,74,75,75,"[859,1919,6863,7195,7263,7698,12568,14267,16584,17701,21354,23003]",12,0.8565241543,4.578632803,0.1870698506,eeb59a291c12203400e4e1320ef2f1d62383d7c456e63abc168833f6c7713fb5,cde17f4807aa8c9a7c3eff4cab5593b01f68bdb24e0597dcfdc8a2af425e2027,5e829e3c89b865aaf8c75c72cad24375e901e8228f4b688fd578beefbb855b2a,b6e47099dca4f6a847a555a00c461187f9016f72c79e2b9c4b2d0d3d23c2f67b,81a917da187a103a1e76d79ce86f672347d01110cd50c4a93a241302237671ac,fe3fa182dd20fda64c9cc9b04980e7c311d737dccaab8ad8e78d7ac07ab040dd
20260812,75,76,76,"[2040,5336,6886,8028,12741,14260,15096,16163,19014,21354,23139,23245]",12,0.598350908,4.578632803,0.1306833139,dd3dcef49630bcf9a271db66f3dfefdcb5a0a1b6de9fedd3bef38209278b5e6c,2785ce0da63a8b7ce737265dba1393259ebc14120bd81cb8c3ae326e633ad890,3fb65264e4f696f74cc9372202bbc4af9635a6784a76eafe1190ed8477bd25bb,18e831e32f3271802278a714e6e7d385023c732cd40be6d2e693c3276806b9c5,81a917da187a103a1e76d79ce86f672347d01110cd50c4a93a241302237671ac,fe3fa182dd20fda64c9cc9b04980e7c311d737dccaab8ad8e78d7ac07ab040dd
20260812,76,77,77,"[4841,5336,10572,12022,12289,12325,14067,14535,14784,16246,19014,20761]",12,0.9878960244,4.578632803,0.2157622301,1a27c52c1202637208c27528bbabad297b01b5842826ce767d6a0ade91160947,9b918f05f0291d6a40c25a22cd140e9acce5fa137d059bf03d96cf5dec3b14b2,db327f7ca0675e4b9994e58f71a685b1219fe875aa004a4452349c1c45b6586a,728c6fc0b9ceeb4db9ceb0862573b36399ce7431ce75204f7c7e721f47c5fad0,81a917da187a103a1e76d79ce86f672347d01110cd50c4a93a241302237671ac,fe3fa182dd20fda64c9cc9b04980e7c311d737dccaab8ad8e78d7ac07ab040dd
20260812,77,78,78,"[6108,7768,12325,12647,12741,14260,14995,15707,18821,20761,21354,24297]",12,0.5091270272,4.578632803,0.1111963001,4e30f1825fa1df3c2eb6493f771fe70deb5f4a9a47532ef80cb6d24db59c79e6,84942df9a13645eb2ad369fcce6fdf80a17f1ea2c53aa1e6d4040c9174b61b06,e7774748caaabcdec0ee6a3ba02aced4821da2892e56e0da75c39031389e740c,8ea6eb7c0c6999dcc58339c42e745882d042c0fd2afd1f247b7a5d5897a45af8,81a917da187a103a1e76d79ce86f672347d01110cd50c4a93a241302237671ac,fe3fa182dd20fda64c9cc9b04980e7c311d737dccaab8ad8e78d7ac07ab040dd
20260812,78,79,79,"[2907,4083,6589,6886,7198,8605,9450,12741,12950,14388,15707,23939]",12,0.3536170864,4.578632803,0.07723202572,00367b32f9ff948c17ad4083aa050c906b0226e0a213ee887b85409b8d4ba545,ba3be35d6d2bca0c6f66e1df106951cdcd765926bc3b47991c52399c50ac261b,1f9b68ba4cd41a15c0c47bbcd861bf9d8c30a0d2643e9b90bd0302a124439255,dd6db6a78e82c9ac2c97791422fe2929a902818272c5dfe3e434f6628b6bd451,81a917da187a103a1e76d79ce86f672347d01110cd50c4a93a241302237671ac,fe3fa182dd20fda64c9cc9b04980e7c311d737dccaab8ad8e78d7ac07ab040dd
20260812,79,80,80,"[2087,5336,6589,6863,13798,14777,15707,19713,20656,20761,21966,23139]",12,0.701918478,4.578632803,0.1533030728,8920363894c980ca2a532afe2a305556db018dd6411c5b1cd161f673ff180958,97fa22b927a54be7f3750812d6bb27963d96d2db0c7a8c49c20c0d864ea91579,8107f92665cf740a14ecb4b43195a1021f8a42672dd0faf816685da54cee92a2,62b14fb341ac75d2fa69a1ab159f099e54c57ef4daeb8e21eb2161190f41cde6,81a917da187a103a1e76d79ce86f672347d01110cd50c4a93a241302237671ac,fe3fa182dd20fda64c9cc9b04980e7c311d737dccaab8ad8e78d7ac07ab040dd
20260812,80,81,81,"[1496,2087,5909,10892,12937,16628,18829,20311,21234,21677,21966,23164]",12,0.6807777898,4.578632803,0.1486858237,0dce42edc8bf39e1858992c0517b73164dc8f3c9b66b4a4dcddaa14ecb68f38e,67a97d6537e5fcf20299633677f9c48bf23df42f842af82b6e9133a6ff858bbc,c434a857c47a449447e55f94ed51a3007545e2d2437511139496f59e0e39f40e,b35281d07fb698430e217d9fb965005801c146eb15c5b949c5859c373389a215,81a917da187a103a1e76d79ce86f672347d01110cd50c4a93a241302237671ac,fe3fa182dd20fda64c9cc9b04980e7c311d737dccaab8ad8e78d7ac07ab040dd
20260812,81,82,82,"[4224,6108,8371,11131,13798,14067,14121,14260,14784,17373,21354,23939]",12,0.1275797351,4.578632803,0.02786415522,ad9cc86fb6419dc11b69e608cbc972cc385958dfb7bb7ffee816000cec4ac22b,5fe986b6de934da5288547691af3d1c18720a2f7b787aabce9ac299d79af2320,babbdb4c6326ad3951042159f3e5c1e43de6cb9698cfdb4e9de19d6b5bed2c93,e26b9e5127e11797c72a5cb760c21ff140c7e941360bd86020ccdc910b31f9de,81a917da187a103a1e76d79ce86f672347d01110cd50c4a93a241302237671ac,fe3fa182dd20fda64c9cc9b04980e7c311d737dccaab8ad8e78d7ac07ab040dd
20260812,82,83,83,"[784,859,3276,4841,5926,11067,12022,13225,16544,18053,21566,23939]",12,1.46333899,4.578632803,0.3196017355,65ce37969f7760113da7c6fe18762ae8b0dd9fff17b943a446faa275a3a41dc0,63efbc73b04b9e6173cdabc9ea45837b07bcafccf4722d0605ca675f420e9a27,92ef6417a832d291409d471998e1049ea06cdaf6cc1e4fcc384d651bd9b8ff23,1d60b6e1ab35a6a3f147c0d52aab7c88c2e048fc15edc9c8481f5a77149367a6,81a917da187a103a1e76d79ce86f672347d01110cd50c4a93a241302237671ac,fe3fa182dd20fda64c9cc9b04980e7c311d737dccaab8ad8e78d7ac07ab040dd
20260812,83,84,84,"[438,859,6589,7796,12097,12647,14174,15096,18053,18821,23704,23939]",12,0.1795261908,4.578632803,0.03920956287,e5adb7527fc22629a5c2386125030dd4294241c85a3be70cbf4662254ad8c325,d660006e6d44aa89690526db03cdbb59ba67f9a4357c840282616ee9843c052f,e03706707ed2df36f2541d50cdf98eec3846b7706770973b3d07b7206d2070ef,16957dd34fcd4d432a66176ee1afcc8e56fc7e35c6659ab0850e6005289fc06b,81a917da187a103a1e76d79ce86f672347d01110cd50c4a93a241302237671ac,fe3fa182dd20fda64c9cc9b04980e7c311d737dccaab8ad8e78d7ac07ab040dd
20260812,84,85,85,"[821,1496,3019,6589,7698,12325,14535,15336,16628,16664,18821,23688]",12,1.005904463,4.578632803,0.2196953777,c15fd78ab54715448394fe49917fb761243e8a3c02154478bdab88747dacfe14,54b8c09005da3c8a71ad64c7caed0a20c48230cc1312712fb56b320984a4d0bc,04b966bea000655db4830b3305f88a499b7f6b391272a437d060e482ced1814d,c18d5a10eaa3df62b7e7adf852ccf4f7498d660c17df88535e0a0599b6d2dede,81a917da187a103a1e76d79ce86f672347d01110cd50c4a93a241302237671ac,fe3fa182dd20fda64c9cc9b04980e7c311d737dccaab8ad8e78d7ac07ab040dd
20260812,85,86,86,"[438,7195,7768,7796,8605,10596,14121,14267,17119,19615,20656,23688]",12,0.4236360772,4.578632803,0.09252458004,1647b99569da636260c6da2c8c0a60f257355f9b1e548885610e3db144b00766,cdab9783e6046638b68b80dce9812ee67dc12758980912c029ad393b429008d4,fa59220899ab6174d9cbfb900aaddbd99a4983270e645c47d694b4ca48cc35ac,07f440d7acdbf9a99f47a6e651a55d7fa9f932724540faa2b6fa3ab6dd417e42,81a917da187a103a1e76d79ce86f672347d01110cd50c4a93a241302237671ac,fe3fa182dd20fda64c9cc9b04980e7c311d737dccaab8ad8e78d7ac07ab040dd
20260812,86,87,87,"[784,821,3019,5909,6589,12289,12937,15096,21354,21498,22550,22900]",12,2.203787615,4.578632803,0.4813200161,9c11782c5eff6a49949f2258038c49028c5cafd981daa500d0f6a3d0ba65b0c7,9efdfb7c698da291cee198e9466e81213380dce57b23ed1f5eefda1c8bc78404,110d4c8c41d69f6e9f2d537f0f370e9414d81242d60daadff72ba06d5f26ad42,58624c0acc9d992a8d2a9aff42d17c2ba64dddfc5b339de55ca63fdfa9ec9e43,81a917da187a103a1e76d79ce86f672347d01110cd50c4a93a241302237671ac,fe3fa182dd20fda64c9cc9b04980e7c311d737dccaab8ad8e78d7ac07ab040dd
20260812,87,88,88,"[5336,7796,10043,14267,14542,14777,14784,17119,18053,23003,23245,24297]",12,0.28737384,4.578632803,0.06276411592,90fecb63edeb8943eb367b215d7d2cdac0d98f5e8da7238b3c7d3d19299de1ad,508b3642632047a23e51e1b88e2ca9c24d5d69dbdb6934a3a1914b7779560013,9aadafa1412401d1d9e459beb71aefd6311da452ce192f0d838bca95633384d0,6d5934d5a9c82588f9065416712a4caf91033213b92ac70f78b504028865d28c,81a917da187a103a1e76d79ce86f672347d01110cd50c4a93a241302237671ac,fe3fa182dd20fda64c9cc9b04980e7c311d737dccaab8ad8e78d7ac07ab040dd
20260812,88,89,89,"[581,6589,10892,12644,13798,14388,16628,16664,18716,21498,21677,23688]",12,0.2816589673,4.578632803,0.06151595453,9a5d31959229e759035df5f43f833c896d3ddc150eda8028f875ebbbe87c3da4,01ae5000b4a5ba78d66e8c2a33363133ddf261e121562a6585701448149b25fa,87d1c50f34c169246190336cacdbafc585c50052728ca7b83126b0c79b962509,597096408aee737ae38383da689d5c14c773a4fce377c9aa14c923beb0bc3937,81a917da187a103a1e76d79ce86f672347d01110cd50c4a93a241302237671ac,fe3fa182dd20fda64c9cc9b04980e7c311d737dccaab8ad8e78d7ac07ab040dd
20260812,89,90,90,"[1334,12097,12644,14127,14388,14784,15707,17701,21234,22248,22448,23688]",12,1.426884796,4.578632803,0.3116399277,dc756161c9f93a1edd83364b26f24577e669daf5383050fe6597c99cf174aad5,609fce4db10fe861e3ec81ae2d4a5a93ba64f5b75dd828b3691bd31036c16445,fefbe613fdeb42e92e214eca10c36f6f9e1f3ca2c1ea7b93356380fe7dc2def2,3fe7274b76224f53b0eb63c52dbaa13d0ce094e396af8b6118e4bd2115474e30,81a917da187a103a1e76d79ce86f672347d01110cd50c4a93a241302237671ac,fe3fa182dd20fda64c9cc9b04980e7c311d737dccaab8ad8e78d7ac07ab040dd
20260812,90,91,91,"[1919,7768,8028,13558,14995,15096,16163,16523,18821,19615,22448,24161]",12,1.182544815,4.578632803,0.2582746566,28ee4334ed84bf970997551efe1c8a087f0ed03a8e05815b4581c21a362bafb0,72658225d7f6595d49c76e886501b3f66fbf9f7d2b1c24373a092bf48fb97cde,959fcd58e8f988b7c61a4e9f52c01b9080641c4a08878c395a1c241b17138fb3,94b6cb9fa5ff4c0f33e6ef1a34c4c8ca387a73391ed3016c2ae700d85109676a,81a917da187a103a1e76d79ce86f672347d01110cd50c4a93a241302237671ac,fe3fa182dd20fda64c9cc9b04980e7c311d737dccaab8ad8e78d7ac07ab040dd
20260812,91,92,92,"[1496,7198,8055,8605,10043,11067,12950,14260,14267,19014,23245,23704]",12,0.5288204304,4.578632803,0.1154974538,25cafeef5da7bf92075958367cb0643a038d63ccfe377996a7651ed7d4af805d,a4762fe62b56b069197022837e11c9f41470c18b1c844a1d2c3486f53c79678b,aa953fbceeb02eb705f9e21ddaaeb702d4b9083a90cf270a329bb8c7a9f6e7e8,32be66f7f1775d13f268e01d6b47e5c3d6569eae09029cb6ae4074654efac94d,81a917da187a103a1e76d79ce86f672347d01110cd50c4a93a241302237671ac,fe3fa182dd20fda64c9cc9b04980e7c311d737dccaab8ad8e78d7ac07ab040dd
20260812,92,93,93,"[1064,2619,7768,7796,8055,11131,12568,12950,14174,14535,15336,21275]",12,0.7310487731,4.578632803,0.1596652985,2eebaf2ee7773a236afff6cfee3b8425ec8161bbfb2bc17d3daa5f0e19954c57,6533228aeb7beb42cfbc57f8bc09bf72c1c352ce4ecbcc868149eff466e912c6,e54c130b66a5203ed7e0f66e8ef089dac8e40310b72a4df5bf8dc77ae90c0516,33961c29a7accc7372c73979f4d9488f97122c4081574e384a24970a7fe5bd77,81a917da187a103a1e76d79ce86f672347d01110cd50c4a93a241302237671ac,fe3fa182dd20fda64c9cc9b04980e7c311d737dccaab8ad8e78d7ac07ab040dd
20260812,93,94,94,"[1064,1334,1496,2087,7263,9450,13225,14174,14535,15096,16246,23784]",12,1.313902262,4.578632803,0.2869638861,4698a8cb07c1539456c2bb2a50cd95f6546e108bf02c0111fea7cb78808f88ea,6956498d06f982ff10df2066c66c70f420fddd0fa1a57a3c3d2351968b1279a1,e178af2e7abed901cfdf9679130d465d829adeb13c7f84da92094e7accc22b5b,4119ccb14024eb17b8f184be40bc0bd1f68d5b917465a4d9b2db54b5104e1977,81a917da187a103a1e76d79ce86f672347d01110cd50c4a93a241302237671ac,fe3fa182dd20fda64c9cc9b04980e7c311d737dccaab8ad8e78d7ac07ab040dd
20260812,94,95,95,"[1334,2040,4841,8055,14127,16523,17270,19014,19192,20761,21566,23784]",12,1.391925559,4.578632803,0.3040046274,c32a6e03db6053932b67490a9eff975dfbd9725942b43d0dc71d9f1225139f1c,50bee6fdd7f1f650678c943a2c8f4cbe2b38c5abe3b1c2d094c02a703d191d4b,fab1e9be0bbf64415cb3c4b729738216fa7022343a242464ab9a4e0a00e9d4ef,69f50e7b2e717b5f4d16dc0cae060954f2dcd7ac08fdf048bdd4cd9ce10c136b,81a917da187a103a1e76d79ce86f672347d01110cd50c4a93a241302237671ac,fe3fa182dd20fda64c9cc9b04980e7c311d737dccaab8ad8e78d7ac07ab040dd
20260812,95,96,96,"[3276,5909,5926,6108,8371,12568,12741,13798,14127,17373,19713,23939]",12,0.8025708469,4.578632803,0.1752861348,bcb74fd4917049735eaa093f859e801ad1e7e773962b76d7c34240152ebc89c6,8aa7a34ff1d451944c7dc2ab3257f82d214362da62017cabdd6c92a5397dc37e,3034fe1640502e848f2bc2a6e6aadaa14a06f3eef4ea885aaa5f8ca7ad51c2f1,490b31a67e01d328e86b0af1c0b20e317267c1fb50c5365cdc768a97d6bef7cc,81a917da187a103a1e76d79ce86f672347d01110cd50c4a93a241302237671ac,fe3fa182dd20fda64c9cc9b04980e7c311d737dccaab8ad8e78d7ac07ab040dd
20260812,96,97,97,"[859,2040,7768,8028,12097,12644,12950,13798,14267,15336,16544,17270]",12,0.6935386022,4.578632803,0.1514728593,b2f9cc04e923c246079492231d71d560f583da027462b4a120b5951ae461d099,3e64756da596bcd67d8bde9f97dc5fbd5344e800ac667308447203be5f52acfb,cbcf0d928c9cb729451db7cd008f365d47bf378871b40217dc04cae5a2755a87,d45b872816d43e09abd3fc5ab96e4402454bc3107e495cb0d8d2815b54e7fae9,81a917da187a103a1e76d79ce86f672347d01110cd50c4a93a241302237671ac,fe3fa182dd20fda64c9cc9b04980e7c311d737dccaab8ad8e78d7ac07ab040dd
20260812,97,98,98,"[3015,3276,4841,7195,7451,7796,12647,14067,14995,16544,17119,24161]",12,0.03235071818,4.578632803,0.007065584766,c13c5821b483d8276365cb1abd295b607046e961209fb28f04e06ca4643d183a,eea25702e29de69b985cf3065a7ea04ae6d8f27edb7bd9ee3577d31752057798,a392526b1106349ac45c35cf523331f6f1cee773c8943dcd7a10bc90cb84c00c,5eb72cf5b7809c4be5a893bfd08737fb13424af45152e581f83146a9c8668332,81a917da187a103a1e76d79ce86f672347d01110cd50c4a93a241302237671ac,fe3fa182dd20fda64c9cc9b04980e7c311d737dccaab8ad8e78d7ac07ab040dd
20260812,98,99,99,"[875,3019,4295,5336,10471,12022,14995,18716,18829,19615,20761,21677]",12,0.8304423189,4.578632803,0.1813734262,c172ee127217962146110b7f78cc1a3f7d40217b7d4ef1b6e91a41a7678a596c,53998ce6cb8c6dc830471c4684d20fc6d1bb2962a52bf25d16463b21524748a9,5efc428992bd6c11ae8d46b9be228aeece76d3cf054594577e417632030395e6,802d464890b96d3fd01f5c74b74e2c5f0bd45fa8eeb6c4458e6038e9fcef3c0b,81a917da187a103a1e76d79ce86f672347d01110cd50c4a93a241302237671ac,fe3fa182dd20fda64c9cc9b04980e7c311d737dccaab8ad8e78d7ac07ab040dd
20260812,99,100,100,"[2619,6108,6589,6863,11131,14777,15096,16163,16544,16637,22401,23608]",12,0.2793690284,4.578632803,0.06101581857,4a16a254bbf22270fae1de2a3788aa2ddcea9fa06898940a242e19708dcfaa82,cd1eebf4dd59c3a97972c88e462c5610f0ba8e3faad3ba4fefe4bd03fd78d9d7,a43b20f0994155498039178c767e2895ab742fc0d8083e6caf76fd6816e7422d,1d2e96dde587bb85fede6bf04b874a9fac6d5d51036e1c0ecd403431b0d68523,81a917da187a103a1e76d79ce86f672347d01110cd50c4a93a241302237671ac,fe3fa182dd20fda64c9cc9b04980e7c311d737dccaab8ad8e78d7ac07ab040dd
20260813,0,1,1,"[1638,2992,3019,4295,5909,8906,9450,11067,13225,16637,20761,23003]",12,0.6712634357,4.48252183,0.1497512921,9e03809c241b9b58884802a50052436f7ef7dd534a095545238b34910c0ef6bf,a5c06674a9eb4f58520534c3b991c6628b79fbb46d42dd7d01a5797734486742,f47cb26e9ff74734c0a69f790c73ba253b4a88930ad968108d62b3cc48cb1fa2,9b6a1ebb1d6624fb779448f99f2c55d529c1f898459d17c4109dc74033f40392,81a917da187a103a1e76d79ce86f672347d01110cd50c4a93a241302237671ac,fe3fa182dd20fda64c9cc9b04980e7c311d737dccaab8ad8e78d7ac07ab040dd
20260813,1,2,2,"[1638,6666,10428,12950,14995,15707,17701,21498,21966,23245,23688,23704]",12,0.5601025629,4.48252183,0.1249525567,34add2c249d43fcc072b50ccfa62b19d1213cee47f8889307cd897d25634b3c6,9693655ec595eac62a953f437cbad5acb9f75f70732da77e4b24683a4e37b374,1619bc8e40d76536a02c4230ea3235588605be14ff68eb7971aab4723f4f9cfd,a14ef35e5ac0504bb8eb922de5bf98e3d05f459147c4a17def4ac251c04131bf,81a917da187a103a1e76d79ce86f672347d01110cd50c4a93a241302237671ac,fe3fa182dd20fda64c9cc9b04980e7c311d737dccaab8ad8e78d7ac07ab040dd
20260813,2,3,3,"[2907,3015,4149,7195,8906,14260,17373,18475,18649,18829,23608,23688]",12,0.2601035531,4.48252183,0.05802616541,60aa961f92a6f9d1767a283f45f23a8f4c03a478710548ed940c32c5cf8fa043,e8cbce58f65cd5dbe37c25ef4a64c7aa35041f51a2f86e1655d3527cf2d833c5,cfd399493cf97bf28d45df5224ba039694a8e8114b36ecc9f129c8c76838d5f7,1d3b03018b680996f775bafdf891b1c49909d1c5e08d4a0c300c2a22c86bf842,81a917da187a103a1e76d79ce86f672347d01110cd50c4a93a241302237671ac,fe3fa182dd20fda64c9cc9b04980e7c311d737dccaab8ad8e78d7ac07ab040dd
20260813,3,4,4,"[373,6108,11067,12568,14464,14784,15336,16628,18716,21275,23688,24201]",12,0.294289964,4.48252183,0.06565276762,2eda70720dd88a1815edc731295c4aa2b32e34d24027762b009951e9224745a0,d171d61931f730c687ad639b51e2912f63ba38c96419a7408eeb36c96e980b01,4f98a72367ece798e97dc90e5fe46b00704f857902e218e8ecd426dc5259faad,2f0b3157556189e2c8eea5003dbfa783fb5026059448a315b5cf928ee96e8ee9,81a917da187a103a1e76d79ce86f672347d01110cd50c4a93a241302237671ac,fe3fa182dd20fda64c9cc9b04980e7c311d737dccaab8ad8e78d7ac07ab040dd
20260813,4,5,5,"[784,2619,4295,4546,8271,11131,15018,15707,17119,17373,21275,23003]",12,1.454899314,4.48252183,0.3245716071,0f1c308b14f90e6440dde395bbbf59de71190708586616e30a37473b22a96456,d0208cc1c8ed12a7cafefbd9b79c01c8f35ef43e5a1e4e37a2226e942743dd42,a039b28125cb7224a4d03f627c87261ecaedd0d5f24e57fdc80473137fbf4e3e,a38f2580b5c137872377721b25c2d8233fcd92b0f843fdd8f35cb550ff35578e,81a917da187a103a1e76d79ce86f672347d01110cd50c4a93a241302237671ac,fe3fa182dd20fda64c9cc9b04980e7c311d737dccaab8ad8e78d7ac07ab040dd
20260813,5,6,6,"[1638,5336,7263,13888,14464,15018,16637,16645,16664,17701,19192,23608]",12,0.1863284461,4.48252183,0.04156777215,1ec332a0637f9eceff6d34da75abeff47e12e3ae79003cc62e67d5ff27a5b568,39a8db79b8f396336defbd1b9caf06e7d3ad081970d4cfd3073f345589b70a07,f539e32199666c9176c42e321f99af4950e6feda8945ed9c997e600f92332003,97ad01c87a7efc4d1c88d86656cd42195ac8d1515fbe73ed17f301af224a9dd0,81a917da187a103a1e76d79ce86f672347d01110cd50c4a93a241302237671ac,fe3fa182dd20fda64c9cc9b04980e7c311d737dccaab8ad8e78d7ac07ab040dd
20260813,6,7,7,"[373,5078,5926,8371,12325,12950,15614,15707,16645,16664,21566,22448]",12,0.3497303867,4.48252183,0.07802089985,d949d8b7d6f2c86138e0c39dfc73a807337cbdb8b04d0f19ed07801cb91b6ca1,e031c0faaa6cc8bc6b9b7bac55f3f67b6a1b65fbe15a05fb9c59d37b4138f106,f44b7acccd57030c735508c8545b64ea14153f803842d5074dd7581d03f0f4e5,aaefa6f6e311ccde55d17db261705294ed00f4979aa3183a551a97d733fa18cd,81a917da187a103a1e76d79ce86f672347d01110cd50c4a93a241302237671ac,fe3fa182dd20fda64c9cc9b04980e7c311d737dccaab8ad8e78d7ac07ab040dd
20260813,7,8,8,"[1213,1638,2761,2907,7198,8371,11131,13888,14067,18913,22929,24489]",12,0.1629128742,4.48252183,0.0363440225,4d7baf5828891069dc07e9f454bb6cc3e5599bd1f674cfa8f418568fa4cbd140,e9609995c3b0d05fc62c59532fcfee5829bbe7315e6f799793a8e90873b4febd,68b5b535515868215f69af146f13d4e530530f8417369423d8b3172e000f60f5,c1d90a3cf40f193f687c62ddfa35396a5d507bb6490dfa69a71bf3e90e2e6409,81a917da187a103a1e76d79ce86f672347d01110cd50c4a93a241302237671ac,fe3fa182dd20fda64c9cc9b04980e7c311d737dccaab8ad8e78d7ac07ab040dd
20260813,8,9,9,"[1064,2040,3019,4295,7263,11131,14121,15018,15707,17270,22401,23164]",12,1.07017738,4.48252183,0.2387444882,bfd7b7f3f89a76eca7df52aa592d26f29f542f61dd4522ebd4f2348b4c4af391,e7dd2bad362171414ad078b05a0de31a924f9ab5c63b7189254e2438b85b5605,77fb37582a510fc152f6801660ab1c0ce88f06ca2d46873c95d7a09e8a868944,d8ade1f7bbbd9f80f4508a68fda02b1f490f6caec4ddbda8c514d23449791828,81a917da187a103a1e76d79ce86f672347d01110cd50c4a93a241302237671ac,fe3fa182dd20fda64c9cc9b04980e7c311d737dccaab8ad8e78d7ac07ab040dd
20260813,9,10,10,"[438,1638,4224,4295,12423,12568,13344,17701,18716,18829,19014,21966]",12,0.1404442549,4.48252183,0.03133152725,9cd6b8f32b368d5bdf29563cd2075cffb6d5323708b2c1b0c1bfa77a2bbdddd5,f50a0dbd05a6323ac4aace1be4e4b84323cf4db29156c284dd61c6adab80c09b,3a2924d83999917442a68a8a82453f8cef4572d476696ae10a3dc9e7d78204da,2d13cdb32ae8675e2657bba028688f6507522c839a1349d0235852673f95568d,81a917da187a103a1e76d79ce86f672347d01110cd50c4a93a241302237671ac,fe3fa182dd20fda64c9cc9b04980e7c311d737dccaab8ad8e78d7ac07ab040dd
20260813,10,11,11,"[784,1064,2040,4295,5926,10572,11067,14697,17119,18716,22448,24201]",12,1.571076794,4.48252183,0.3504894908,e722082e84b7f4051f0a1166b7154f957e67d751f39b555304dc787f0ebb6008,932702ef823c7e1bcc0ae9b717259fb9353eedce1d39f349372b6c4e2a6c1fad,0133b8e1fa2bf60eb6f8754a1cdbfb50c23737b44e477283842777eb8df3318d,d43d69eccc4fa74441d64de3f3464df63d6167addf466a405ccac0fb214c7b4f,81a917da187a103a1e76d79ce86f672347d01110cd50c4a93a241302237671ac,fe3fa182dd20fda64c9cc9b04980e7c311d737dccaab8ad8e78d7ac07ab040dd
20260813,11,12,12,"[1334,1496,1960,4083,4224,8371,12325,12423,15614,16645,18913,23688]",12,0.3378702911,4.48252183,0.07537504644,43f2a47d78a467777cf2e053ef8e69895a2b6511cd1ce8eb85f2349b486d7102,d5f49ffe42fa3bbf3f26cff2225df4343d033a508c906dfa136c1f58ce4e1b8a,f97b6fff83bd82d74cd5e6b4f0503f2068f44314e62eb9286111b1a5b7a23d91,0f125f197d15eca109b499da1bc2c2025bd776f800cc2e70417879cb8cd64619,81a917da187a103a1e76d79ce86f672347d01110cd50c4a93a241302237671ac,fe3fa182dd20fda64c9cc9b04980e7c311d737dccaab8ad8e78d7ac07ab040dd
20260813,12,13,13,"[2087,2619,6108,7263,7845,8617,14542,16664,18716,23003,23688,24201]",12,1.04280673,4.48252183,0.2326384053,454f8b90e8324f2f18f019e26361d3df0e5ee2dd9073afd977a6d9b71ade8826,3b9adafac30a01196bc9d24505f479d26477836043dc28f74072da45a2f1bcb9,a8808f4b60c8e9e649d09cabb18cd7ea45e1ab63b15fe3866795d331ec86443b,8238c3763b0747a0b6a2b64871567f50c9a331e0bd63f1139beff73b6ad5c8b9,81a917da187a103a1e76d79ce86f672347d01110cd50c4a93a241302237671ac,fe3fa182dd20fda64c9cc9b04980e7c311d737dccaab8ad8e78d7ac07ab040dd
20260813,13,14,14,"[5909,6589,7198,11740,16584,17373,18649,21566,22929,23245,23688,23704]",12,0.5182526143,4.48252183,0.1156163057,0d856cdd5c02b9678f1cdf9b6bd46325f8ea4f22666be4e20dcef4a42f8bf0d1,c90c10dbb8cafdc026ec0a72b7a2a2d92bb980d35465d77bd3a27041d17b48a6,6cf227e384c6ea4ff932d490f636d672e3816b2bedb6f2b69be0d75dc553c875,18909987ba63a50ef22327c9ec8ada3c65078f3159a09fe802e8c1e35e40dc4b,81a917da187a103a1e76d79ce86f672347d01110cd50c4a93a241302237671ac,fe3fa182dd20fda64c9cc9b04980e7c311d737dccaab8ad8e78d7ac07ab040dd
20260813,14,15,15,"[2619,3015,4149,5078,6863,8617,10572,12568,13225,14542,22401,23608]",12,0.4190022961,4.48252183,0.09347468056,24cd1b676cc14d8fad63291037b7fd0ba54a8f74e3007d6db87409f923dd6b3b,20a43e3fdc0b036d56bb974f255977380f7d0bc8fab3713590b16fff5d1cdc4d,804a56797249c0b22c7e7f5ff400e91d82d6552e56e95c88e7ae58a18ddd084b,430f9491fbef51a56979b834f5a75035f6a3377959e5c7fd0fe288e519dc3e9e,81a917da187a103a1e76d79ce86f672347d01110cd50c4a93a241302237671ac,fe3fa182dd20fda64c9cc9b04980e7c311d737dccaab8ad8e78d7ac07ab040dd
20260813,15,16,16,"[581,2907,3015,4546,5437,13225,18475,18829,19014,21498,23139,23608]",12,0.4730382045,4.48252183,0.1055294815,2e18fac5f07df85f89736ea8255e269d8d7598a3cab7f62efab9486cebded5fd,adad5ff89d1cff326ecbddfb5f873fa0f4d11a71f9945a5a2426cb3fd2d4193c,687e650638ccdab969710ce33be7d4a138ac078fb5628aec2c97ad304e225f7c,cde1425302c3f9738000b519477f1a6ce11af092282084a4f4fa6faf36c80917,81a917da187a103a1e76d79ce86f672347d01110cd50c4a93a241302237671ac,fe3fa182dd20fda64c9cc9b04980e7c311d737dccaab8ad8e78d7ac07ab040dd
20260813,16,17,17,"[1496,3015,5336,7198,8028,11740,14542,14784,15018,18475,19959,23608]",12,0.7853156726,4.48252183,0.1751950581,1e669406ba4b99d178083b469397185616948be4d2a31a186abf6f83044c45f1,9c33fdadd99336654d62994dfdfdfc14359a80614ef9f01293958c9df67510d3,25f83e33813777dab46ec091030463099277fa28115a095343310b144581386d,8d88c7bfb3c73c4fbe6e788d7b1f0d44603cb44d13e67279ff32eb63cb3d7513,81a917da187a103a1e76d79ce86f672347d01110cd50c4a93a241302237671ac,fe3fa182dd20fda64c9cc9b04980e7c311d737dccaab8ad8e78d7ac07ab040dd
20260813,17,18,18,"[1638,3015,4083,4224,5909,7263,13225,15336,18475,20761,21354,24297]",12,0.8599735769,4.48252183,0.1918503935,8bca63a4fd8419464f48aea07eed160e347e94448d428d5576d5fd6db4bb64fc,149dc25ee9a83a900a381d30490f9ccc87e459c75249266f34b59d529f6ffb8f,5da20be8051b90ae0d7a2c9919e01f017c7dfb1f2273267dbb3030fbe2763829,26c800dd7fc3d1bdf7c40e3156baddb2454a060e0e19d2bce6de948d76c8f8e2,81a917da187a103a1e76d79ce86f672347d01110cd50c4a93a241302237671ac,fe3fa182dd20fda64c9cc9b04980e7c311d737dccaab8ad8e78d7ac07ab040dd
20260813,18,19,19,"[4149,4224,5437,5926,6108,12568,12950,16584,17270,23003,23608,24489]",12,0.6319090525,4.48252183,0.1409717736,7986267253bd733326fb6d3649193205e5dce87d5e01fea04f56b37e8a8f5941,9a256f33179d00489b29088afdef3ab37d27ee22121df797c6703133e53f0eb1,f398a155e1b9ddb456dc02202fe69733a8d21f401438c2f465c19337ae5ef1e9,a359944753d99b9df3bc53366742ea445a8537aad2f81ea446d113078e10c5af,81a917da187a103a1e76d79ce86f672347d01110cd50c4a93a241302237671ac,fe3fa182dd20fda64c9cc9b04980e7c311d737dccaab8ad8e78d7ac07ab040dd
20260813,19,20,20,"[5336,7796,8028,12022,12741,14127,14697,16584,16645,21566,23164,23784]",12,1.066240552,4.48252183,0.2378662264,2ee7251e977377dd0d238b7020e731756e976a3e862f5805f34340473ce33fd0,48dbee6b12c9213a0790e740114547553b68fb56e1a1a2d164d16dd4ed948f75,bba85a564bbfe80d5d99a02e3c3216b05cbc721e9c9690956ca6c8a83cda7e57,177bca58bb230c9073523adcbbd690c1e5b77dba1c740a9f793343b2130ee840,81a917da187a103a1e76d79ce86f672347d01110cd50c4a93a241302237671ac,fe3fa182dd20fda64c9cc9b04980e7c311d737dccaab8ad8e78d7ac07ab040dd
20260813,20,21,21,"[581,4224,5336,7263,7845,8617,11131,12289,14260,14464,16637,18053]",12,1.262881527,4.48252183,0.2817346072,16b4fe62617031b3c5ef63b1b381fb12d3872edc914ccbd4e29ef66f99ef4386,2798bf57e854ff46541f63baf8af19e97dab492de15aad38c7a29804a145b275,d064aeda913a59e996b2648fedd964a16bbe26edb88b7cd90988f01207b3adfa,e7a0fcb81161927cadfb2711f6f8c103f908d12b9fa33a02fdba3ee6fa44d05d,81a917da187a103a1e76d79ce86f672347d01110cd50c4a93a241302237671ac,fe3fa182dd20fda64c9cc9b04980e7c311d737dccaab8ad8e78d7ac07ab040dd
20260813,21,22,22,"[3015,4224,8055,8617,10572,11067,12423,14777,14995,15614,16645,17701]",12,0.918542347,4.48252183,0.2049164247,1acd91b89ba4931fc45f09453e83bd64be5a7a85848bcbe767cc53e223f022ab,77368104db4d745b4cb87fe1fd0c4f7bad0e7ccab12989162a64c724c627d060,56b4358049cb2f7f01b9f7fdc088e1b987414d3a3122911e94909c87a493c1eb,290b7320f0ebaead18cf3cf16967bd7845e0edb5af31664819c0363264ff3303,81a917da187a103a1e76d79ce86f672347d01110cd50c4a93a241302237671ac,fe3fa182dd20fda64c9cc9b04980e7c311d737dccaab8ad8e78d7ac07ab040dd
20260813,22,23,23,"[821,1213,4295,5336,7263,7698,7845,11067,11131,14995,19959,23164]",12,1.052010857,4.48252183,0.2346917421,2ffca0bda6640b8d1a162fe63c63e23f4a0f98116a426823d3dabd81203e744e,ca8a386769efb4f28c2270db27ebbd0dcf976307077e7467bf34f5ea778f1edb,7ed56bb10c3e06092703ee40c4feccf4b3ff1077900cb8ec6fbac9abca45c002,9b6cf039e152e315407f97c0d07c20dbbeb3f8ac8a9137ae274271573829aefe,81a917da187a103a1e76d79ce86f672347d01110cd50c4a93a241302237671ac,fe3fa182dd20fda64c9cc9b04980e7c311d737dccaab8ad8e78d7ac07ab040dd
20260813,23,24,24,"[373,1960,2619,11067,14535,14542,14995,15018,16584,19959,21566,23608]",12,0.8377337201,4.48252183,0.1868889326,633f35dd7c19db4e9ce64c81a340a64ee937cd7baf5f45d167551aab675980ba,4ee47c7db6e897835b80c5da77cb1036d979410fdf6088ab0a49a66450876d13,7212864f531502a5a3aabd2580150908c0a8a7c4c1e006e6f2c3ef247736d62d,c7b9e7c82b081dba696decfbff59fed014f642b844fc4a25a1ac0f9dd54bf7b5,81a917da187a103a1e76d79ce86f672347d01110cd50c4a93a241302237671ac,fe3fa182dd20fda64c9cc9b04980e7c311d737dccaab8ad8e78d7ac07ab040dd
20260813,24,25,25,"[6589,6863,7195,7198,7263,8617,10428,11067,14067,14464,16584,23784]",12,0.9524897893,4.48252183,0.2124897157,220c987596600d371875f49c2f0a85f3ce74b1e8ef11dce22d721b91914fe439,7cb75a057e265d0210c6dccd9bc312dea8a85aeb91af7456afbf16d762c2c887,8b21d9f9079c0245fa67e57bdb949562f38d57161f31626edc7274cbab05cee9,182548087147912e725c3189d8d630e1dd4a59df1e591c7709b1ad8801935635,81a917da187a103a1e76d79ce86f672347d01110cd50c4a93a241302237671ac,fe3fa182dd20fda64c9cc9b04980e7c311d737dccaab8ad8e78d7ac07ab040dd
20260813,25,26,26,"[1638,8271,9450,10043,11740,14121,14464,14777,14995,15336,20761,21566]",12,0.5658087254,4.48252183,0.1262255371,81d49bba087599c8fe3bedbb8393132850c2ef2be045e4d6a92b91fee810dcbd,3841cb779cdb38ac74fe0b250e17d37135405229724d566866c60070ba96c558,8e363cd12538cc58e16d1ff301be92b6959073bc5d58e974431394b0e0c82253,5dc1b4356903d693ce54f4dc7557098d0612d02277768c64df527a901331a57d,81a917da187a103a1e76d79ce86f672347d01110cd50c4a93a241302237671ac,fe3fa182dd20fda64c9cc9b04980e7c311d737dccaab8ad8e78d7ac07ab040dd
20260813,26,27,27,"[875,2087,4149,4224,6589,7195,7845,13798,14067,15336,17119,23003]",12,0.8704655329,4.48252183,0.1941910304,ef12716620dc98e11f98ad7c4a5a8eca952cd031e3f28d97948fb2033e42b804,3f738d4f60838001bcf367e61335bcd9449ec4f9020aab9bc3f743545a3a4e1f,aa338b929b00114f7cdde1c3982d42438ba30374cabb640f5f66dd3afb25d799,66269ffa19503ee4db1038cfff138934c947a109fcc58d232499ab7424b1e158,81a917da187a103a1e76d79ce86f672347d01110cd50c4a93a241302237671ac,fe3fa182dd20fda64c9cc9b04980e7c311d737dccaab8ad8e78d7ac07ab040dd
20260813,27,28,28,"[373,1334,2761,3015,4149,5078,12568,13390,14535,16645,21966,23245]",12,0.2882374144,4.48252183,0.06430251214,5cb7c0dc2f8aba076d06c910504d66db237547af4f9acabbe7ce656ae728c976,03d780ef63a72df97bcc1fb46c2592ce878f1ae07a5b907ab7eb825f5e6e5224,0b6052835d77921c7d0692e1d44da961b14fc6450cfda9410f9f1d89108189ed,e8a8bb2faa6dc55aa436e1e8e7d28d3f59058d528c42f69570700cc908fc5712,81a917da187a103a1e76d79ce86f672347d01110cd50c4a93a241302237671ac,fe3fa182dd20fda64c9cc9b04980e7c311d737dccaab8ad8e78d7ac07ab040dd
20260813,28,29,29,"[875,1213,2992,3019,5078,5909,7796,10892,12741,18649,18829,21966]",12,0.9852831109,4.48252183,0.2198055355,85904d6e5964839ff110eabc5d349145ecc54d0d2c14679fa9666166056c4d6f,085568c13e7c427c5c7cac1b572e90e781898b21f5b9983c8264b5481f252a03,ef8245f64674e6e9b0dea2a50c7f915a09bfb83190a5d960bd91c6df8d7cd047,51e9233ecb34718cbdbaa2a94d5c8cd81662071c0dd1192a613b48bad2a873ae,81a917da187a103a1e76d79ce86f672347d01110cd50c4a93a241302237671ac,fe3fa182dd20fda64c9cc9b04980e7c311d737dccaab8ad8e78d7ac07ab040dd
20260813,29,30,30,"[2619,2907,5926,7198,8617,9450,11067,11131,14067,14697,16645,19959]",12,0.7266485214,4.48252183,0.1621070792,11b82305c9387f94c26d395b042d10818ea7b8bc4a373ebb64519999dfbadef5,8430d54e452660b3fb60d2f517b49c5409481b4f548fefa952dcfc3dae225a69,013512163c4828ec1cae932039f93e098c6a1642bb64dab29f86143c0318f6c9,be4342191a26b51590a972ee4a676b7f69fa7f7b4bc3d9f6452fd19b70ed56a7,81a917da187a103a1e76d79ce86f672347d01110cd50c4a93a241302237671ac,fe3fa182dd20fda64c9cc9b04980e7c311d737dccaab8ad8e78d7ac07ab040dd
20260813,30,31,31,"[1960,2907,6666,12022,12741,12950,13798,18649,18821,21566,22625,24201]",12,0.4271767394,4.48252183,0.09529830654,8461eef6332ab30b2ad8d15f90ec0c29ca258599908811b9a385d8175ad06a1f,e520e43333043d6fbe953a5f15aead659d3ad92970a984490b89b0154dea80d3,3471204cecafc37800ad58ecac844bdcaed303e97c3dfab6ad0a0b6bf73e3c7c,324fd3ae094d709791215d6523637d94c13428a08c61ea9d22fa88014cefc65d,81a917da187a103a1e76d79ce86f672347d01110cd50c4a93a241302237671ac,fe3fa182dd20fda64c9cc9b04980e7c311d737dccaab8ad8e78d7ac07ab040dd
20260813,31,32,32,"[438,875,2087,7263,7698,8906,9450,13798,14067,20311,21966,22401]",12,0.4078560019,4.48252183,0.09098806818,b34dbfa22d0ba797872aaf8f68bd9a605cb9221efcbabbb5e7dd2be3b372c088,14cd7fba42e5d7234aed64bbca95b7e6b120c4e6552bb4ca3bfe66ba158f9b77,f52724abb49252c959e5f94869b3e943b53dfb65b0545975ddfd30d25ee856df,f99efa5e584a24f8f8cd68fc54a42a74d4f6d275ed49123adc1966a06e7945f7,81a917da187a103a1e76d79ce86f672347d01110cd50c4a93a241302237671ac,fe3fa182dd20fda64c9cc9b04980e7c311d737dccaab8ad8e78d7ac07ab040dd
20260813,32,33,33,"[821,2907,4149,6666,7768,8906,10892,16637,17270,17373,21498,23784]",12,0.7851169745,4.48252183,0.1751507309,eee51ddf5e0a7d4deb44de978df9265155b860f986789b81ba482bc957d9e79f,5e473a8a4bd1e005417d21853a7f184e9b11ab0ed5a3e56bdb2d1e7144598414,d456dfe66d2251fb8c200fe15486a4a10c71481e765a70ff26e0792c7cd82c8a,a02e344ed57d23cbce60c2b0248fd0eb3d94e39cf063b93e43b75cd0a286b150,81a917da187a103a1e76d79ce86f672347d01110cd50c4a93a241302237671ac,fe3fa182dd20fda64c9cc9b04980e7c311d737dccaab8ad8e78d7ac07ab040dd
20260813,33,34,34,"[2761,3015,3019,5909,6108,9450,12423,13344,17701,18475,22185,22929]",12,0.6119579713,4.48252183,0.1365209127,d874789b62322c3380a5845b87652c9be3e711121304ae9a00a900d253c5a4d3,29d8282aef4f927a2ef1893cd156a45428cdcc4727ad763c4b08ce00a17f26fc,b1298dd677afeaa15ee3a4c9a2621912f783f599161cbef659a858f3d22e4a5c,8ff80d309def8d69c3e3190dff1efe5a247cab112cfeb2006dc8f6a5ac515983,81a917da187a103a1e76d79ce86f672347d01110cd50c4a93a241302237671ac,fe3fa182dd20fda64c9cc9b04980e7c311d737dccaab8ad8e78d7ac07ab040dd
20260813,34,35,35,"[6108,8371,14067,14127,14260,14535,15614,18821,21566,22401,23003,24489]",12,1.183782078,4.48252183,0.2640884135,d9c815f0d896d20d3b1c4b1cd0709372a91384ee93c0cdef0f577499368449eb,913efbdec278b531e2fa130dee1fe41808270c2a6ec8a9743b882a2d67f97119,2111cdf51fe755811a61dd6bbb45c4edae6827a948011e9dbbabe75dda5b8350,9be98130fa5a5cb8d642433838a26e5d7c2ef7bea08bb8dabfebb791a8bdb8e4,81a917da187a103a1e76d79ce86f672347d01110cd50c4a93a241302237671ac,fe3fa182dd20fda64c9cc9b04980e7c311d737dccaab8ad8e78d7ac07ab040dd
20260813,35,36,36,"[3015,4149,5336,9450,11740,12950,13888,14388,15336,15614,21354,22185]",12,0.3913367081,4.48252183,0.08730280029,16223d7566cb7779876e5890c58968baa54cef7f66b176a1b5a5c6b35a218353,a9de4eb7099bb35059fab0a2f0660afb31dde7bb168b8614d9413a6b6e8443e1,6646a950749b8eb5293c0f483d477c3743943ac19836b8e9b917f200b8d175e3,03c0ecaaedcb91104341b70263d3aa3eae8e8d457c8b8eaf320f213746d5d384,81a917da187a103a1e76d79ce86f672347d01110cd50c4a93a241302237671ac,fe3fa182dd20fda64c9cc9b04980e7c311d737dccaab8ad8e78d7ac07ab040dd
20260813,36,37,37,"[581,1064,1213,7195,7198,7796,13344,13390,18913,21566,22401,23784]",12,0.6370064036,4.48252183,0.1421089351,f57dd875ea1b562843e6afa0d9471ca0e61695ffd89aa445acf42ac87e09ff38,2e70f8243cc5c692e157f3920f7acd29bf67c7e44a46f4e9b23597e57cfa50d7,c486fc27a9809257929f21e06dc7b8960f5510e5de4f1a7f9c9be1c096f5d416,e1358ca5b6544e06a383bb25074c3c9aaff358ca8646705b2fd0a03431a07050,81a917da187a103a1e76d79ce86f672347d01110cd50c4a93a241302237671ac,fe3fa182dd20fda64c9cc9b04980e7c311d737dccaab8ad8e78d7ac07ab040dd
20260813,37,38,38,"[373,1496,2087,7796,7845,11740,14464,18716,18829,18913,22625,24201]",12,0.6374595801,4.48252183,0.1422100336,e1ac266626be2b3cfb6709493eeb9efc74c5c14f4eea80ba93d97787d33c28c6,73fdfad79633f76f5579facae8105a654b5cb236e8534c99a6b7e75207653210,023f8f4199fdeb5420b50da61a03de7c424dd57e14a2d1d74335a739f5af4a44,f0bbfc239141cc89f3a0a3b32813a33c9f203ce8b85ca345b36013b2d74d3ca4,81a917da187a103a1e76d79ce86f672347d01110cd50c4a93a241302237671ac,fe3fa182dd20fda64c9cc9b04980e7c311d737dccaab8ad8e78d7ac07ab040dd
20260813,38,39,39,"[438,1638,1960,2761,3015,4149,12568,15018,18821,18913,22401,23003]",12,0.00489982605,4.48252183,0.001093095859,68b0c483b808aa3ad5c042b7ae94b8565c75bad7de2c598754cdb918da887ab5,917ae02c43a26db9ea5918cb303c46fb8b8c8492ff1222e4e348259f96a2ea70,20822dca462282a390e614694805bfcd9dc8ecee75cee3f92a2d08c47fee9e80,b927ffe971dc6810de0a9a1ea97f9f6d1bc6b4f792b61ec4433095f3e258c3a6,81a917da187a103a1e76d79ce86f672347d01110cd50c4a93a241302237671ac,fe3fa182dd20fda64c9cc9b04980e7c311d737dccaab8ad8e78d7ac07ab040dd
20260813,39,40,40,"[1213,2907,5078,8055,8906,11067,15614,16637,18829,22625,22929,23704]",12,0.3519235007,4.48252183,0.07851015881,f43d082ff69ca56f6d3784accbf1c361b292d67fbab5152fa9e854fc92bd7a1e,e0ab60d7c64bae6f1e0805341d6aed18bb208be619605660c50ecec0ebf4e549,6ca65a782a8de2501acd0198b4a445d3856c3cedeef941b03db41232d0674c38,74d8add7abce3368957db528d4a1ec8925dc4dc28c78a0711e2b897b404785ac,81a917da187a103a1e76d79ce86f672347d01110cd50c4a93a241302237671ac,fe3fa182dd20fda64c9cc9b04980e7c311d737dccaab8ad8e78d7ac07ab040dd
20260813,40,41,41,"[4546,8906,12022,14127,14542,18053,18829,19959,21566,23139,23245,24201]",12,1.397213252,4.48252183,0.3117024982,87df9ab7e7b1f787d9d44c60be24064971203e4a7182c3090f7adc25037e30a0,d181711502bc883770689f21e61d24fb8979664f791592c52660c2e057a458d0,a3a4b94fd4c48804c85fb43de9700f72dc4890c30ce4c68203463ae7e5bd1259,7b3415695ed0c608b16fca153c29841f7e140b1d28148c8bf4aa8342a38755a3,81a917da187a103a1e76d79ce86f672347d01110cd50c4a93a241302237671ac,fe3fa182dd20fda64c9cc9b04980e7c311d737dccaab8ad8e78d7ac07ab040dd
20260813,41,42,42,"[1334,9450,12325,12568,13344,15707,16645,21275,21566,22625,23139,24201]",12,0.2048170694,4.48252183,0.04569237522,539f777400d4dd1cf02ca31792eeab8baa09e2b1119221e076e95596cc19386e,b268a3b75927e48e22d0fc02e1a04ba6fa1ad3cd900db3ce352f1d710fd892e6,9cd2179b25b3459227943d16a8b48a546532d361c645a91cb907b15d4f134513,b0ab8c90f348f8724675e08ef7182679dfde72563299390a9cf1258624572d37,81a917da187a103a1e76d79ce86f672347d01110cd50c4a93a241302237671ac,fe3fa182dd20fda64c9cc9b04980e7c311d737dccaab8ad8e78d7ac07ab040dd
20260813,42,43,43,"[581,1064,2087,5336,7796,7845,10043,15707,21966,22185,22900,23608]",12,1.319982033,4.48252183,0.2944730852,fbdc298f21b55503c1830b7090b59304c8ed2a62a6d4634572f4929e78187b74,df1d44fa4b39ecea3ae3661a5b7e2563ebb25416711ceab861fa0d803d9dd803,a31199bb98ddfa0d262439b3a6cfc0257d505d53713a0b1f9091bee8d617d93c,c473e73ca7f71a8a8aaad948b2e101cd12eb6508c474f8881a1ad80c47625cd9,81a917da187a103a1e76d79ce86f672347d01110cd50c4a93a241302237671ac,fe3fa182dd20fda64c9cc9b04980e7c311d737dccaab8ad8e78d7ac07ab040dd
20260813,43,44,44,"[1496,1638,5078,6666,8371,11067,12423,14127,17701,18829,21275,23164]",12,0.9273649279,4.48252183,0.2068846429,1a550f06bad5bcda409827478d060bd889b7f0a034bfb3fce020faff08edeaa3,2032460102fb2e11a47f8f3e4fd8b696b21a3fea1d49a4c9c913bcaf56ebe6e4,b6bcc90574959b2bf1512ebff3235432f79d48d81ae601ae1bdaa1e655af2813,f8f8ecd4450fb9101abff53e6a3491c04cfbd44037609b9529bce01429bd9cd9,81a917da187a103a1e76d79ce86f672347d01110cd50c4a93a241302237671ac,fe3fa182dd20fda64c9cc9b04980e7c311d737dccaab8ad8e78d7ac07ab040dd
20260813,44,45,45,"[1496,7195,8271,8371,10428,11067,13225,14260,14542,17119,19959,23608]",12,0.7841409779,4.48252183,0.174932997,5abfb0e88241ea768114deb3a7cdf3a321c00945ecc28c979eb8f2f929d2ca96,11bb027c2a85852268aa2dee346d73779edafdb7b4a8699f7082e8ed087b24dd,53329ba8e0b943ae5b5a20c7094af8e3b917326b72186fcad26a4ce9b1c8a7cc,3b3cf5104a34d1e2efeb8fb7019c9d8e047d1c5c98865b8cfd9954b48a1e3309,81a917da187a103a1e76d79ce86f672347d01110cd50c4a93a241302237671ac,fe3fa182dd20fda64c9cc9b04980e7c311d737dccaab8ad8e78d7ac07ab040dd
20260813,45,46,46,"[2907,4546,5336,6108,7845,8906,10428,12022,17119,19014,20761,23608]",12,0.3947559341,4.48252183,0.088065591,3f38dfcc85f605bf5f237038dd7f92344e351c06172f7d7ecabdc47b15424634,51af4b83631a120c88f22f2fbf431f69c2dc8f01e54d276680af7e7a6bc6228d,43b77cd5e37194d5c2853f040bd9debf743afce7881dbdff31cf187cc809b132,b5f04eae5d30085763e0f70a96596568b85dea5864c760d88d9a028156b65ff9,81a917da187a103a1e76d79ce86f672347d01110cd50c4a93a241302237671ac,fe3fa182dd20fda64c9cc9b04980e7c311d737dccaab8ad8e78d7ac07ab040dd
20260813,46,47,47,"[373,438,5078,5926,7796,11131,14535,16645,17270,21275,21354,22625]",12,0.8027024047,4.48252183,0.1790738417,67f5d3574730143ea69c070a0fd0c64636539d70adb1072aa389d7393614274a,f43ab42c1b895e908af4e30257432482a8e33e2d45deaa843418cd1a84ff6c59,4dc768ed8faf103b2c7a06cda0114b71f015ba1999c480c67d0e287732b02dc1,1bbb32900859b400802f7892e3541079ccc6114a6093e16682091d09abf8fa20,81a917da187a103a1e76d79ce86f672347d01110cd50c4a93a241302237671ac,fe3fa182dd20fda64c9cc9b04980e7c311d737dccaab8ad8e78d7ac07ab040dd
20260813,47,48,48,"[784,4083,5926,7198,7263,7845,11740,13390,14260,14777,17701,22185]",12,2.139960575,4.48252183,0.4774010382,3f54793035b612c85f9edb229cd08f67bd23f4a19e20abdbd54cffe8c48208b4,323f80091c82e81ea89a22ec3473394aaa097eaa3d50bce3992182eed16332bf,28507e800c1189a3868c55cfa7cba666b309ac0efc76d494933398d8e6140817,0687c6f7f6a54ac7387adc95e465411d845a11dc00a18d09c73c379954d8f557,81a917da187a103a1e76d79ce86f672347d01110cd50c4a93a241302237671ac,fe3fa182dd20fda64c9cc9b04980e7c311d737dccaab8ad8e78d7ac07ab040dd
20260813,48,49,49,"[2761,2992,7263,8617,11740,12022,15018,16628,18475,19014,21234,23704]",12,0.442085344,4.48252183,0.09862424787,e4224ca09eed9016a5772424f089e74dd1e691a6be3fbaf3ea4391c2d5472c4f,689ff0510e301b64fdabb2c49ea1fccd9bb475a5504562fea7925f833c6e9072,88b2edc8b433e131de757882ca16a31aa08c51bacb8acb99346da9ca8e899d30,c5054bd5f94dfdf3f715ab13388f86e934f7e1fec441646b4af809be43bf73b0,81a917da187a103a1e76d79ce86f672347d01110cd50c4a93a241302237671ac,fe3fa182dd20fda64c9cc9b04980e7c311d737dccaab8ad8e78d7ac07ab040dd
20260813,49,50,50,"[1496,6589,7768,8906,12022,13390,14067,14260,14784,18821,21566,24297]",12,0.3632856766,4.48252183,0.08104493195,d9728ae60533cd84733853d284aa4114e7806056cd1d81bb4ef0c834d03e59bc,ac79d776874372e790ad56057e302252e98d98385e00d1aa7249d7bd7c93b011,df1a316a8f423c4d0fb49142ec3cd4eed53849f7322084bf00b22c19c04639b6,217904a4bdfb9efc5b7230cef518875ddd17ea09e44c5f203fcb54fe3e96f8e6,81a917da187a103a1e76d79ce86f672347d01110cd50c4a93a241302237671ac,fe3fa182dd20fda64c9cc9b04980e7c311d737dccaab8ad8e78d7ac07ab040dd
20260813,50,51,51,"[1064,1213,1496,7845,8371,12568,14388,15096,17373,18716,19192,22900]",12,0.5810137129,4.48252183,0.1296175981,e084d9ef69bb8b0d21626a5a011690b652b451176f5c1c936152183a15f47e20,efb3b954ceaadc9f874204cd83f4d7cc3675a8b30ae791fa86937c4e4e068de9,42fb858d0f24f11da112ca565dbf0a2b91f0c390ac02848bd442cd974a93d3a1,364bd45c9a75099f858ede56f807af5d5dd580f2d6881f621ae6f8ea8ddbc974,81a917da187a103a1e76d79ce86f672347d01110cd50c4a93a241302237671ac,fe3fa182dd20fda64c9cc9b04980e7c311d737dccaab8ad8e78d7ac07ab040dd
20260813,51,52,52,"[373,2761,4149,4295,5078,5909,11067,13225,14535,16628,17119,23704]",12,0.2333713388,4.48252183,0.05206251028,a82fc75faf194d6646f51636c1a5868977b3fe1b5939f6980b91b6853b968731,81e2b73129049e508c65436745b6e13a6692d57ec723827c7b7e70bdac4b03bc,2447982679983e56b8b21f018b510e295d3aa35d1c916431d195d1b61eb41fe4,2e8dd96159c07c187d3cece7f7372c69e210776d046083fea3e6721ad54f604d,81a917da187a103a1e76d79ce86f672347d01110cd50c4a93a241302237671ac,fe3fa182dd20fda64c9cc9b04980e7c311d737dccaab8ad8e78d7ac07ab040dd
20260813,52,53,53,"[1960,2761,5437,7698,8028,10428,13225,14777,15096,21966,23608,24201]",12,0.6743190988,4.48252183,0.150432976,1fb330c6183b3fd39fe6fa9045f808faa53282c3cfd0c42cc5adec3dc26d5b28,bd8e2a34af9ac0ba0c40db1950b65b3aa8f382589f06caf5dfd8ce9d4bd2ef49,5f4e6ac48789200cae8e40696638ef6bb4ebe31ef0ed459337ba6e07b2a39139,0f026aa2965190da98cda2cf1369756f52f3f00f18bd0f7a0680ee95ef4e8cfc,81a917da187a103a1e76d79ce86f672347d01110cd50c4a93a241302237671ac,fe3fa182dd20fda64c9cc9b04980e7c311d737dccaab8ad8e78d7ac07ab040dd
20260813,53,54,54,"[875,5926,8028,10572,14260,14697,15018,18821,19192,21234,23688,23704]",12,0.8666273022,4.48252183,0.1933347645,20004e69114c2e6dffaa96849cba2f2d41fe7e0454cf664431f92287db18567d,7acf00746e3bacdf3e7623f4b6bc757cab3d941987440ab749e6776c5b16bb97,a9b9cacae62b32534d00c90aca65700e836e58dd23d20ffdf19b5b6f4536ac0d,4ef0aaac74b6771a2cd0c645e313ac63535962d73626fa14d8754c03df51f87f,81a917da187a103a1e76d79ce86f672347d01110cd50c4a93a241302237671ac,fe3fa182dd20fda64c9cc9b04980e7c311d737dccaab8ad8e78d7ac07ab040dd
20260813,54,55,55,"[373,1213,1960,5078,8055,11067,12568,16584,16628,16664,21275,23704]",12,0.3593997288,4.48252183,0.08017802086,2f53da76c494c4c30a308accf89e7b47b3980cdca1c5516761bb99f06c968275,3be35c7b143c027a3f6fa32f0de298f481f4f46524ee2dfdb7efbad6f4cbb40a,04a7d714fc793edb4d0a8a915fda692e970cbd922899eee4ae97e6717697159b,e8d65ba62427b09c3c8b5976dbd159be2280e089eca3571ff321510b102bc522,81a917da187a103a1e76d79ce86f672347d01110cd50c4a93a241302237671ac,fe3fa182dd20fda64c9cc9b04980e7c311d737dccaab8ad8e78d7ac07ab040dd
20260813,55,56,56,"[2907,5078,8028,13390,14542,16584,16637,18829,19959,21354,21966,24297]",12,1.246400382,4.48252183,0.2780578498,b2ca4e4b6eef96666b30f29e6e3fdf121b9c2a6ab9963aec43a1952d178eec78,93818fe9d93d6c9082e2d547dd4f57e10cdc4329a1e977eb64b604a626ee532f,f383909f9c56d6846b608fcead60c2bf3dcc83a172b8b0a2d8cd39cf2aaf9c73,177304c472a204be5ca5e332e22d61f129319c727d21dd07243dfdc960cf0cda,81a917da187a103a1e76d79ce86f672347d01110cd50c4a93a241302237671ac,fe3fa182dd20fda64c9cc9b04980e7c311d737dccaab8ad8e78d7ac07ab040dd
20260813,56,57,57,"[581,1960,6666,8371,8906,12423,13344,13888,14535,18716,22185,23688]",12,0.2774667978,4.48252183,0.06189970922,e41ae1d1b2adb990b7266f6c40c94c7edeec572809e0a9813b5dda7f5025c98e,4e041d8ea8117928f5ffccd78003151a4b5fae3a9bc813e3ee02c970126f67f8,ff59b4e52cf8593e9a36634c3d04e2cf0e26b2a9fe0eec4bc0c6707301b936b4,52c17dbee4d8ee4aa10a5ac3bbadd3c772ea71efa11728287d2bed62858dfb8d,81a917da187a103a1e76d79ce86f672347d01110cd50c4a93a241302237671ac,fe3fa182dd20fda64c9cc9b04980e7c311d737dccaab8ad8e78d7ac07ab040dd
20260813,57,58,58,"[1496,1638,7698,11067,11131,12289,14697,14777,18913,21354,23164,23704]",12,0.6507005294,4.48252183,0.1451639399,6570fa2db6d73def46f585428db9f96176805b332da2e9ea134bc1daab566b84,eb6d16b157589ec018d6f37f453a07aa646f01c9f3c0ae4a5037b59d8ea2f506,674dcfe3886dcec6040c7bc7f09f735c40cf1f4ea8b9944c9c3e914ae7315b5a,a52a7587d6122d06669f54d9899f5543993383f6dfb4f792ae7c41ddaed882c6,81a917da187a103a1e76d79ce86f672347d01110cd50c4a93a241302237671ac,fe3fa182dd20fda64c9cc9b04980e7c311d737dccaab8ad8e78d7ac07ab040dd
20260813,58,59,59,"[875,3019,7198,8055,14260,14388,17373,18475,19014,20311,21566,22625]",12,1.333794003,4.48252183,0.2975543797,69c90b0d66b919696e5052af91170905ac3ab3e3dc7503fa0823cb3d21d8f901,bca3dc4425c5d1247e7e2c859ea3b03d7f997c652bda370b0f402d578164f5ed,0db39ad07fde23aeda07ddf0c5bffeab9d2816ef45b962837e73355e7092cae5,15a1f45ad4c8de106c17511bb94a820fb508679e14bbff559ee520b65d626be1,81a917da187a103a1e76d79ce86f672347d01110cd50c4a93a241302237671ac,fe3fa182dd20fda64c9cc9b04980e7c311d737dccaab8ad8e78d7ac07ab040dd
20260813,59,60,60,"[6666,7195,7263,8055,10428,14464,15018,18913,19192,19959,22401,22929]",12,0.866828804,4.48252183,0.1933797173,dd8c1ab16162af1ae37a0f2934218667ed331f16df6912ebbd92a176e44474c1,6e0f12a55357ca52751c98e84f69804a5758da2547cb9b46b9c877ec9107f15e,6f7953eefdf02fce4c5e80762f15c53516298afbd7b260f4a92cec29a06a6ac2,baaa5b581d6feb8cbd8d4ddcaa4205f01f9c9299fbff53bbd7eef1ad1b4d32f4,81a917da187a103a1e76d79ce86f672347d01110cd50c4a93a241302237671ac,fe3fa182dd20fda64c9cc9b04980e7c311d737dccaab8ad8e78d7ac07ab040dd
20260813,60,61,61,"[2992,3015,3019,7845,12741,14464,14542,15018,15707,16645,18821,22625]",12,1.004036115,4.48252183,0.2239891189,297546929d3027afcd2bbaeeac984b664f22ff39d3a5d167394cde030bf41c73,7ad7125a75eccabe4b647d1a8a1e552a1fb8a0c834d05ab1e28c30e47cc1de12,6e3d1bc6a43263cee5455022f81722cb8b334af85080404cf05b3e3b33b852cb,3532215b97eb6365d5b3d39f1e751f2673c3e78338bb718a31bbae38d6daff67,81a917da187a103a1e76d79ce86f672347d01110cd50c4a93a241302237671ac,fe3fa182dd20fda64c9cc9b04980e7c311d737dccaab8ad8e78d7ac07ab040dd
20260813,61,62,62,"[821,2907,5336,8028,8906,13798,14121,14697,14777,15707,20311,24297]",12,0.3887413788,4.48252183,0.08672381163,93d8a3eda6e73ded116f763765493ab94751d27011aa83c2171543ab5a17600f,14871e952eabd48766213d4dcd2239acdf038a76aafe04b0acf63530e9653585,2a43fd24e9611347ca2e24bd9714cac44e6d89c46d2674f54bfb8a4f6de5971e,5bc23766594a01e8f0ff44d03a169b823cdd9d21cc103e9dc4f546fa12627350,81a917da187a103a1e76d79ce86f672347d01110cd50c4a93a241302237671ac,fe3fa182dd20fda64c9cc9b04980e7c311d737dccaab8ad8e78d7ac07ab040dd
20260813,62,63,63,"[1213,1638,4149,12950,14464,16628,16637,17373,17701,18475,21566,22448]",12,0.2497873068,4.48252183,0.05572472735,65fc208fa5ae67cb2f610581fb8554a21de80af17789591b60df4db85e32c8d8,10c828f9b0dcb81b2c305f72176504e60bfe2fcb64015f86eed5bb6a3ce07769,632006f8662c48f04797f9eec433954237a3ae1f98c9f32894c1d5ae104d1fcf,3cc405b9cac0f61319c0514426d713bdddf2b111c1a075379af4223a6c8a5bd1,81a917da187a103a1e76d79ce86f672347d01110cd50c4a93a241302237671ac,fe3fa182dd20fda64c9cc9b04980e7c311d737dccaab8ad8e78d7ac07ab040dd
20260813,63,64,64,"[2619,6863,7698,14260,14995,16645,17701,19014,22185,22900,23139,23608]",12,0.4783624887,4.48252183,0.1067172692,d2245ca2cc2e9a5eae0c2f534599a057645674a762451c2c09e621108f90e20a,1f60d252388a4454869ad235ab76c9abba25a9512ae3b5fe5e044a4629ab3799,a9a8a52c0b3ce606c9b82c009f85ba9a1d898cde77c93e0288bb4badb82f8827,eda13b764e090eee54d04215557ee3474297b739f61d8a6ba73e56e7259e98a4,81a917da187a103a1e76d79ce86f672347d01110cd50c4a93a241302237671ac,fe3fa182dd20fda64c9cc9b04980e7c311d737dccaab8ad8e78d7ac07ab040dd
20260813,64,65,65,"[1064,1960,2619,8371,10043,11067,14464,14777,16645,18821,18829,21566]",12,0.3347274033,4.48252183,0.07467390367,ae6267f120e5c3bd933a542955c5f6843a2a30d658a939f0a88ff46679629a48,7d328f46733c2ebd15a116544ca602c222722ad6ccdeaffc0bde654725adc539,4ca6e47d46bc413e47952a2c1b0ea4bec9a212a96305e37e80b0592ec846c76b,5cf112fdf109a58883c4bef9fda415ab434b34c814b5207e8d47c2b23fd8fefe,81a917da187a103a1e76d79ce86f672347d01110cd50c4a93a241302237671ac,fe3fa182dd20fda64c9cc9b04980e7c311d737dccaab8ad8e78d7ac07ab040dd
20260813,65,66,66,"[438,581,1213,1960,2761,4546,8271,9450,13888,17373,22401,23245]",12,0.4011600367,4.48252183,0.08949427398,b85011ceae6324e6c8d45885e402c1306f9a074cfcd8bf71845c1a758cc9d30a,6f38f2f0d053b8e0ac52838d3b74f491c346ea42a101b84e7f0e48650ba291a4,e3404c68461117177c0c2c59cab5185aa7b4b1befd0489b6542f65abaa18301e,8a086666f5ee964fb6b3efd3ec0e99c1c3883a792f800cf184ae5cdd511d4d48,81a917da187a103a1e76d79ce86f672347d01110cd50c4a93a241302237671ac,fe3fa182dd20fda64c9cc9b04980e7c311d737dccaab8ad8e78d7ac07ab040dd
20260813,66,67,67,"[5437,10043,10428,10892,12022,14542,18053,21966,22448,23003,23139,23164]",12,0.467748162,4.48252183,0.1043493327,15e82f826e1a8fc5b1e1327327c88d20c60b5f720f3a31ad0147bb56c0e00744,829f9d58fe9d684bcda8b33ed45ca824222653ba7ef77a5ac0f9c60990e3448b,2e5d2257b3acf8635bbe0d82c21c8a8e5009e7a3aef2662f1b9423b4ede92f67,a979be607a4c752a554798651565de1b07d2bd04eaf541bc30e4b1de9d4e8055,81a917da187a103a1e76d79ce86f672347d01110cd50c4a93a241302237671ac,fe3fa182dd20fda64c9cc9b04980e7c311d737dccaab8ad8e78d7ac07ab040dd
20260813,67,68,68,"[1496,7845,11067,13344,13390,15018,16645,19014,19959,20311,21234,24201]",12,1.190623198,4.48252183,0.2656145899,4fb157d80dfa2a9e3d04ecd4a1abce5464e09c674375c379981650bcb10b70ce,10a5e76bc9422abdf46944a276054be210a4f85a628ef3cbac03132018d3e545,6561c0a59dbc7b37e3de50ecec26b7287f15dfe5bcd03c7502ed8c84cbbd0cd7,ebe31110ec6ecab0d7983c24d48321c725974ce380d6bf1d362eec73ca17e5d1,81a917da187a103a1e76d79ce86f672347d01110cd50c4a93a241302237671ac,fe3fa182dd20fda64c9cc9b04980e7c311d737dccaab8ad8e78d7ac07ab040dd
20260813,68,69,69,"[1334,4224,6666,8371,12022,12289,13390,14127,18053,18649,18829,23003]",12,0.7203548304,4.48252183,0.1607030279,b46b462db37caf226948af7d1a8b132880408ad6902dd0578c465fc0ac2e4253,3ec97135bd2aa2cd34ba0352ac9dc5a4fddc30c847d5a75b281c8d6a3da035cb,d07e7b1cd18a3a1576f0bc898db79c82be8299cef4f9485be3b277d15a593440,38e55b9ab521510415b583adf0989700bde4d7fd852675f0c8b75128cdeb6dfb,81a917da187a103a1e76d79ce86f672347d01110cd50c4a93a241302237671ac,fe3fa182dd20fda64c9cc9b04980e7c311d737dccaab8ad8e78d7ac07ab040dd
20260813,69,70,70,"[438,2992,4083,6863,7195,7768,12423,15018,15707,18649,22401,23688]",12,0.2028758828,4.48252183,0.04525931841,66fa11460ddae77f6d1ae27a687b5d03ae65a34778614efd27341df3fbb92241,b78f694e6f09fa37a25aa617d0a62f6cf4a94da4b6de1fd25d135f640e35c8e4,6e67de54fd9a2be2244b516c85ff27be0101a972ef521eebd00703c382bd7d64,9081b303586da6e864434e3527720457b7d5111c8b63bf57417e362ad587a38b,81a917da187a103a1e76d79ce86f672347d01110cd50c4a93a241302237671ac,fe3fa182dd20fda64c9cc9b04980e7c311d737dccaab8ad8e78d7ac07ab040dd
20260813,70,71,71,"[6666,8271,10428,12741,16628,16645,21354,21498,22625,22900,23688,24201]",12,0.3933333794,4.48252183,0.08774823512,8e568e8a35e05dacf5ceb6ad005b90c1196b0dc3e9ab7afbcf895413427af3c6,96fda0238b64a4ae0976c8fac06632dcfcef2c7d6a2d1e373446a1b2a648f724,059242e2f61b8bb03c68c54abb8593ca6e3a2a9ee0d27f477a12342f4c170c82,6f87b70329eaa53508b7969bfabaff76bfa19aaebc8143daf947903ef31bd1be,81a917da187a103a1e76d79ce86f672347d01110cd50c4a93a241302237671ac,fe3fa182dd20fda64c9cc9b04980e7c311d737dccaab8ad8e78d7ac07ab040dd
20260813,71,72,72,"[4546,6108,7698,8906,10428,12289,12741,14388,14784,17373,18649,23608]",12,0.4211648242,4.48252183,0.09395711615,7631a8b5636d3c97fd3b094960061c59e3516855b36bbe88066a2ae241b0561c,722b02bee895847c4aee6c5436868fe532704f99baedb7639c31debacc912e37,25be65f9bae5f593289a69ad7ca965d212380c4cff42ecc12e3af14a87a33200,cc881affd1304179dae2226e870e661731c95b09bf971c9929f5a0d8e3c24c88,81a917da187a103a1e76d79ce86f672347d01110cd50c4a93a241302237671ac,fe3fa182dd20fda64c9cc9b04980e7c311d737dccaab8ad8e78d7ac07ab040dd
20260813,72,73,73,"[875,1064,4546,5909,6863,7198,8617,13798,13888,14464,15018,19192]",12,0.1600780535,4.48252183,0.035711606,8651f2055fa57326fd7a6fe276e65fb9b3ad64b76df02c35e6fb5e16ddc6422f,289d97c81d5d4eee60512ab53d88a9eef8afe12224f4f673f7a37dc72c7f605b,df7060a92bdb3a9a09e83c9531a84108423287959c3a7d2a33b5c9bcb89dd580,328bff1a140c1ecc8971914a65faa7c915c6ae85592ec6fbc83fb655a9502fce,81a917da187a103a1e76d79ce86f672347d01110cd50c4a93a241302237671ac,fe3fa182dd20fda64c9cc9b04980e7c311d737dccaab8ad8e78d7ac07ab040dd
20260813,73,74,74,"[1213,2040,2907,4149,6666,8371,10428,12568,14127,16628,22929,23139]",12,1.171635056,4.48252183,0.2613785499,6720fd1a7d3cf4e2af1eb98476bbe4d3256cb79f884a3ed74fb8f58fe634071b,45cc613844c5ac60227568665a344994081c4158af4c63186513c38484c3011c,c1f61b41da72abb917f0764f2e056817c16ff51bb0197e9b5b9634e18616ab7b,d6f91d07d10285bdf6f7154287c8608fac58ce5f303e22494ed752e23e5fd861,81a917da187a103a1e76d79ce86f672347d01110cd50c4a93a241302237671ac,fe3fa182dd20fda64c9cc9b04980e7c311d737dccaab8ad8e78d7ac07ab040dd
20260813,74,75,75,"[1064,2761,5926,8055,8906,10043,12741,13225,14067,14388,16637,23608]",12,0.1294426266,4.48252183,0.02887718823,5e08c53b87796901ea6b029507346c8cfb1855dfb0e03e962705771e960c6732,6e6b562d4d976c81ac74a291d48a385dfcfc496d100f05395db4d93ba0c1b02d,de873c1fbe5cbc2d4c084c2b8c9cc106f7e6238878cf57ce90c8c72db1417315,337d07f53371ad6a6af4b90e94898c37f660f2d9d9f8cad99ca0fddd87cb2962,81a917da187a103a1e76d79ce86f672347d01110cd50c4a93a241302237671ac,fe3fa182dd20fda64c9cc9b04980e7c311d737dccaab8ad8e78d7ac07ab040dd
20260813,75,76,76,"[373,821,1213,1334,2040,5926,8271,12741,14260,14535,14542,15707]",12,0.4729900901,4.48252183,0.1055187477,d249859619a9a9a3378bbe434351fa694cb7fde7f1109330f935ffd5adcc035e,cc0aac16bdfc290367aa24294c62def7a490c170933f26061c0d12bf7c7ee853,64e020f0c9168170b1a1ffbd94e6bdc46a515db14450c77a96481dbc9d36c232,7d63564fe62d9dd71c3aae888e33e3a69ae5015c1afadf958f1526cdc37c92a6,81a917da187a103a1e76d79ce86f672347d01110cd50c4a93a241302237671ac,fe3fa182dd20fda64c9cc9b04980e7c311d737dccaab8ad8e78d7ac07ab040dd
20260813,76,77,77,"[1960,4546,6863,8371,11067,12289,13798,16645,18649,19959,22401,23688]",12,0.5269467767,4.48252183,0.1175558752,5aa4761ce0b2aeafb754a73e194648e00c0671c141dd7b52b6079ca3281e9468,e9cb4e90b463fd816af6e92ed29945abe38c7a336a7a3234b4ce27f8ef2d23fa,58df4fe0cebbde5c42965e0462b6acfabb6227f39a4cb753a21a9214447dabd0,88af08385f2bc546b3d4bd2c473de243be76880bd8ded88f775b4b7062a608df,81a917da187a103a1e76d79ce86f672347d01110cd50c4a93a241302237671ac,fe3fa182dd20fda64c9cc9b04980e7c311d737dccaab8ad8e78d7ac07ab040dd
20260813,77,78,78,"[821,1960,2907,5437,10043,10428,10572,12325,13798,14464,16664,17701]",12,0.7759569518,4.48252183,0.1731072332,6a896fbbb1620e22b4a07185bafce26558cbf17a42045c8927ebf0c3d0783ac6,9e356027cae9d23c1fcbe016ca5c6a4fd0380881dcf350bf930e383dbc7636ab,d8439618ba0e5e39a68fb7360dfd6ab94792ac95a6e414e85dfc5785796e55b8,9689f77444daf3e2c961cb7f181dc5a342af2b8edac429c721fc5ef2619f0e15,81a917da187a103a1e76d79ce86f672347d01110cd50c4a93a241302237671ac,fe3fa182dd20fda64c9cc9b04980e7c311d737dccaab8ad8e78d7ac07ab040dd
20260813,78,79,79,"[875,2761,3019,5926,6589,6863,8371,13798,14260,15336,20311,23704]",12,0.9271822262,4.48252183,0.2068438842,a68c50d5a7f6bfa010e1c26c3595cac8ece4f4656dd96963a26c4cc68958b866,4990b4e18f418b2d77e648b170544b4b6ccf9678a2cd1159225bf9459b407a80,786ad3c8f6ab363694d74227cff89d8f0d6e95b92e77779848473b998b201ad2,95360dedb9bf0cd54f841f7d1839cba21054c9034cbf18516e793f7e04847d66,81a917da187a103a1e76d79ce86f672347d01110cd50c4a93a241302237671ac,fe3fa182dd20fda64c9cc9b04980e7c311d737dccaab8ad8e78d7ac07ab040dd
20260813,79,80,80,"[373,875,4083,4149,6589,8055,13344,14067,14121,18649,20311,22401]",12,0.1790763203,4.48252183,0.03994990479,2e758f0966cdcc0cf8ea16eaa3a3b58494c9e1037ce5fc6a10bf3ba1c10be121,604a01711ceeeed8ab46855e887f345b3a295fc493357db721056df59713836f,961042457546a2f749c94a020f57392534449ab8281db2327efc1db102d7295a,9ad30ddcfe93188aaf7e50dc1aecf336b4bfeb07b5327d0a9f2752f5c2ac60e4,81a917da187a103a1e76d79ce86f672347d01110cd50c4a93a241302237671ac,fe3fa182dd20fda64c9cc9b04980e7c311d737dccaab8ad8e78d7ac07ab040dd
20260813,80,81,81,"[3015,5926,7698,7768,10428,12325,15096,17373,18716,21354,23139,23608]",12,0.4701744668,4.48252183,0.104890614,0d4c06061d34585112397b83c335fa2fdfd5e9d040e3e8959c356abafea51b51,52b3471d1962955772ad60a92f599d1a9d52b49c6755b9a017cdacd667fdfafc,77bd87f4b6630766b2dad2627d9f8a269bc0b11c555bcce2ee94878d60659273,25c774f940f786879053ac39d9f4615e55d039e8be0c94210fd2c49cebb807ab,81a917da187a103a1e76d79ce86f672347d01110cd50c4a93a241302237671ac,fe3fa182dd20fda64c9cc9b04980e7c311d737dccaab8ad8e78d7ac07ab040dd
20260813,81,82,82,"[373,1960,6589,8271,8906,10428,14067,14464,15707,18053,21354,21566]",12,0.1849286397,4.48252183,0.04125549116,6503cd53f4ad8f2a21997cafac8f8f9242be75d2600d497882de64e330c610d0,3d0dde41bb3d671200cdf1c79b1177dd02fb67aceaa008729da92a59c3c0c771,08e27ff3803de0bafc5eafe31080cb9c087ecd4a17c1d0db2019d2196359ca3d,f4685958b1fe5f9fb5cb09aa4fbf91a3eb934ab3cc324de61c7a0f0a67388202,81a917da187a103a1e76d79ce86f672347d01110cd50c4a93a241302237671ac,fe3fa182dd20fda64c9cc9b04980e7c311d737dccaab8ad8e78d7ac07ab040dd
20260813,82,83,83,"[1213,2087,2761,6108,10892,13390,14121,14464,19959,21275,22185,22448]",12,0.5538991372,4.48252183,0.1235686424,c523245a997428925797950c1a5dcad2c994081b90e68c63d51bf9d7077c46a4,e7c41e3580aba6ed6b383ba3fe5498883956fb6df6097d69a1c6e0c711f1b4b0,5f9c53799973fb794c38185d56fb695c86905ef82f5f518071d54cc5654da99f,35ece8d375860bd64d60376f56a3be669367c4669d320528fe51f1bc8811a7ec,81a917da187a103a1e76d79ce86f672347d01110cd50c4a93a241302237671ac,fe3fa182dd20fda64c9cc9b04980e7c311d737dccaab8ad8e78d7ac07ab040dd
20260813,83,84,84,"[5909,7263,7698,7845,8271,10428,12568,14464,16637,22185,22401,23688]",12,0.7605633322,4.48252183,0.1696730905,415c68bd79f353dea3665bb8bcac822f5718b5cb57cf7c99d4a1fe85fa62eec7,05317054142517a1cfc48b5a03a80cbdbee8d58c152ecab0d82a9605f8035126,f0a7af04ede07c56651795ccd2922dfcdd22e2e251cbee8310561a99dd08d637,238463e3c53556d220f0e961d66a6daf646aeaa162aef7c616faff6fce2c3ccd,81a917da187a103a1e76d79ce86f672347d01110cd50c4a93a241302237671ac,fe3fa182dd20fda64c9cc9b04980e7c311d737dccaab8ad8e78d7ac07ab040dd
20260813,84,85,85,"[1334,2992,6666,7698,10428,13888,14388,15336,16645,23164,23608,23784]",12,0.5753972928,4.48252183,0.1283646382,e0ec04f32122e4610c5f8c8afc229ac4fc8c584d3ef4cad6ceff17824a91ed1f,ad2a7589b012f2be062c605696be48d386003926cb26983aa36e76ac86face59,3f1cb790822dc2a9022ac7e74e28d7b9834e82612ccb7d33b5b990d8c4b8e2b4,d0dc78f6c4f4442b21aaa7430b648ce79b699a69f499ecb18dd45a97919ad32f,81a917da187a103a1e76d79ce86f672347d01110cd50c4a93a241302237671ac,fe3fa182dd20fda64c9cc9b04980e7c311d737dccaab8ad8e78d7ac07ab040dd
20260813,85,86,86,"[3019,4224,4295,5437,5909,6589,8271,12950,13888,14127,15096,18475]",12,1.383378477,4.48252183,0.308616116,3d09493eb62d5a2363dc030ce4ed49053a18864c72d062e8431956bad8addb79,8a21cd8bc7b6b5c82e658793cac491b823361a749a77ba567a027f71689aec6a,c39f8491090acadbed390cfdb9778cba8adc2f50893e10db15cb652b4f0fd586,d438d6a9af2425e67e358276307200a4640f4fc62d4730aed41a4bb455753fe2,81a917da187a103a1e76d79ce86f672347d01110cd50c4a93a241302237671ac,fe3fa182dd20fda64c9cc9b04980e7c311d737dccaab8ad8e78d7ac07ab040dd
20260813,86,87,87,"[438,784,821,3019,8055,10892,14777,15707,17373,20311,22448,23003]",12,2.520572119,4.48252183,0.5623111754,e40bdd926d382bb51b880bc3653a829bd16697b4332e32408b7372bf5e1b990c,57f42740da5e58dd52a397644881a5eaa1c4a750b7769fdac7686a452260d4be,dd4d4e45835a0b12a33fa0bc4a5f3988e5ae2c049a2e5e339fd57ffcfbf86752,6eeea7324fc0f36785b3bbd9c2efcaa5892ffa1bdecd97527b8e7c3e3b09511a,81a917da187a103a1e76d79ce86f672347d01110cd50c4a93a241302237671ac,fe3fa182dd20fda64c9cc9b04980e7c311d737dccaab8ad8e78d7ac07ab040dd
20260813,87,88,88,"[581,2619,4295,8617,10043,14777,15614,15707,16645,17701,23164,23245]",12,0.7230141449,4.48252183,0.1612962909,7fb7a83634fb51a1febefff5e8863da72330b6636b1a9157af6e32e0d606d62a,c02a65ea9d24729dbcaa77e3df88bd70b76770dc2cd0bcb8a7cb3278f2bd5e44,62ecaf8f73101c2db91fdede45a3c192f2badaf3cfdc83568c02a07d59afaccb,b9de7ae9178321b18e2f09ce621ee58ed3ed61b6edc228063eace30a58bc41e7,81a917da187a103a1e76d79ce86f672347d01110cd50c4a93a241302237671ac,fe3fa182dd20fda64c9cc9b04980e7c311d737dccaab8ad8e78d7ac07ab040dd
20260813,88,89,89,"[438,875,2040,2087,7845,8271,12325,12741,14127,14542,16628,24489]",12,0.9251275762,4.48252183,0.206385515,ffc5913690499ed3a1229e13967a9bae06b488bd11cabdcf3e7fb6b97133d73f,0f28abaa5eabe25f4e1fcfb3e5cf2d1a66e1ec9d77ae9238b5fdbd81526d0824,dbaf75519a55e09bbc1b442e225632ad77f6030e3c06fb0eaf67fe636bd50b37,551665be045a944b497d1f240b0818907323cf07c0b3dedf863912182776218e,81a917da187a103a1e76d79ce86f672347d01110cd50c4a93a241302237671ac,fe3fa182dd20fda64c9cc9b04980e7c311d737dccaab8ad8e78d7ac07ab040dd
20260813,89,90,90,"[3019,4083,5336,7195,12950,13888,14535,14777,14784,17373,21354,24201]",12,1.156320852,4.48252183,0.2579621239,2b529718460c7895b2eda1d43c0b557123c19bf422d116b207af71ca00f99fa6,1b2a76325973634d7bde2d000bd2d5762305cbd02cf794fc9e1cbd069b38d637,b440cf10f61c6695280ed37b8fcf29fd6001f9b8b9cdaf1e9589549acecc3d7e,86d754a66586c645b2618f9947b81168a8d4267fa43c5b4df5629aef8f43e7ae,81a917da187a103a1e76d79ce86f672347d01110cd50c4a93a241302237671ac,fe3fa182dd20fda64c9cc9b04980e7c311d737dccaab8ad8e78d7ac07ab040dd
20260813,90,91,91,"[875,2907,10892,11067,13798,14777,14784,15707,18053,18475,18649,18821]",12,0.576057264,4.48252183,0.1285118703,e0b5cee9e09ee7a4678b0e1f7c97d7a268a0ae19ca754892935fc88516d03632,c481d23ae74a80525cb22bffe9b54ffdb4073bdd18ed6f1196dd1e08ac003712,222d170ac0c2aaa34b56e053c0d89ac2001fa8d4e6ee7c1fd0477be6f0574c03,94fcfbbda45662db19400e742fe85a2bd3b1a909938e4e6df33dfc9f054f0895,81a917da187a103a1e76d79ce86f672347d01110cd50c4a93a241302237671ac,fe3fa182dd20fda64c9cc9b04980e7c311d737dccaab8ad8e78d7ac07ab040dd
20260813,91,92,92,"[875,2087,2619,7768,8617,11131,12289,13225,16645,17119,18053,22929]",12,0.6059163586,4.48252183,0.1351730971,f570d4a2ad66e712b53bfffe3159b2b7695d2e29bc58d41f9aaa1b7a8c0c305d,474f8cacfe90734506f1ae1d8579829afaf014405d94dd5467b2661de87c94b0,46f69783fc8c972ba5ac675fc5b9082be82b0755fe34cc3bdd7aad8161097857,489e95fae33c8fd04c932a07f0c1cf56af958b43d46299fa2c8d2c11fbdc47fb,81a917da187a103a1e76d79ce86f672347d01110cd50c4a93a241302237671ac,fe3fa182dd20fda64c9cc9b04980e7c311d737dccaab8ad8e78d7ac07ab040dd
20260813,92,93,93,"[2992,5336,5926,12022,12325,12423,14260,14388,18649,21354,22900,23139]",12,0.7310234769,4.48252183,0.1630830824,d1548a5e715560450c2995b42ddf02436b64ca706a774b5d932abe7450793581,c03665ced5eec6f977ed471cbf45b81f8cfb2b9d56bd4ae6aec40e1d59e2c643,56ddc74e8c340902b066065324bceb6e0e6ae5d1992f65e57c207e2ad4d265da,08f5ebcf0dc1046c01f4b13ed9811c41cbd29d289bdcdce66f8d0612c6c92c11,81a917da187a103a1e76d79ce86f672347d01110cd50c4a93a241302237671ac,fe3fa182dd20fda64c9cc9b04980e7c311d737dccaab8ad8e78d7ac07ab040dd
20260813,93,94,94,"[373,2992,10043,10892,11067,12950,16645,18475,18716,18821,22185,22401]",12,0.2571810929,4.48252183,0.05737419753,f16d85f709bfc2c68e6889853872bf57ec405926c0a1a849f6726db1ee620b62,132b1fdd848be576f736a5f235b084b132d17f14e06aeb50a2e0d4e7e13c29ff,6c2fb2ea99ad40270e67f227ce44d04a83994a32490ec025b497531fbcb16cf9,c94fb5a7d5618d64dcff78c2c734b1a97bfcaa0aa9b992ff3c1cbfcc4ea9a1f8,81a917da187a103a1e76d79ce86f672347d01110cd50c4a93a241302237671ac,fe3fa182dd20fda64c9cc9b04980e7c311d737dccaab8ad8e78d7ac07ab040dd
20260813,94,95,95,"[373,5078,5437,5909,7198,8055,12289,12950,13888,14464,19014,22625]",12,0.6820240498,4.48252183,0.1521518635,cf8e4a01e54b38d3fabbb54d675fa68ec437ba5c20222ab69edb7af5b066a2e1,76ab0e94141c63358f341ca1a8b8bfbe0443558a770a0347540bf4222f687dc2,4797c4dd0dbfaa611c423fab99623bee5a06ac704c55908f01db476026ae2e27,dcc9ac70ff020aa0f702e517371e4efc97e9d567eceafda4fa7430ec2f11b2bc,81a917da187a103a1e76d79ce86f672347d01110cd50c4a93a241302237671ac,fe3fa182dd20fda64c9cc9b04980e7c311d737dccaab8ad8e78d7ac07ab040dd
20260813,95,96,96,"[2619,5909,7796,12950,13888,14127,14388,19192,21234,22900,23003,24489]",12,1.581882591,4.48252183,0.3529001422,c0bf45fdb9d3d08b915fea3250a90717ae61bc630620d7df727ce6063b021265,5d70a7f6905e350f8d335f372a4fde395315997759e6184a6da8ad0a95c55a26,89fceba74c68231d1fc25621906628dfbacd5a6807b67b90adea9cf4d8de39e7,5a147983962e0873afb3b4f4cb2ec8fe9d393243ff894bf6228b7e1b99f9779e,81a917da187a103a1e76d79ce86f672347d01110cd50c4a93a241302237671ac,fe3fa182dd20fda64c9cc9b04980e7c311d737dccaab8ad8e78d7ac07ab040dd
20260813,96,97,97,"[581,4546,5437,7796,8055,11131,12568,14697,16664,18716,20311,23139]",12,0.4092916632,4.48252183,0.09130834801,1731770f8f134801d1d921e6e8c01c7c87f73a040903b1394ffec96d3d9af500,159878f18205f893c7b33f2bfb1eba1fa140cb2b1de863d98bec2853b1537c31,821d0bb4a3dec37e5ae0106ad2940d1be048f6fac2b129d7d98e3a1c096ecd50,c85b69ee410f696302f92d35bc00f5b7c6ca985193beb9bdc43ef260421bb2a2,81a917da187a103a1e76d79ce86f672347d01110cd50c4a93a241302237671ac,fe3fa182dd20fda64c9cc9b04980e7c311d737dccaab8ad8e78d7ac07ab040dd
20260813,97,98,98,"[1496,2992,3019,5437,7768,13225,13344,13390,14535,15096,21234,23704]",12,0.9001491737,4.48252183,0.2008131155,d641d5559e171781002a3073450d31f6173614b656a4094e979958adb1fc41ec,7bb02cecc3de3fb813137e9502cc537e2e6d7592dc5425ee67e2bee4d242f0d2,3ffcb6bdee0f007f37c612c184d1d66a2b1d56a020ddcd1e354f3773f8e92505,e2091543e46bbc2821418d46dd7615dde7dd32dff97f97f648937e0206ea6df0,81a917da187a103a1e76d79ce86f672347d01110cd50c4a93a241302237671ac,fe3fa182dd20fda64c9cc9b04980e7c311d737dccaab8ad8e78d7ac07ab040dd
20260813,98,99,99,"[4149,4224,6108,7698,11740,14697,14777,14784,16584,17701,19959,23139]",12,1.167445857,4.48252183,0.2604439869,402bcc6b67e1e7d120a97ac76e5d7019e391173ce93503bc75c4b1c3a547e0f6,985c36332e1571c3fe6aefd3c7ee469196ad48542a37db3d20df3616e2b2044d,29ae4aecd7b51a6376384d354fe51c26a6b1e15b89fe86f37f2830434f6408d2,5edd5bd8e04a4ff0025a39dbb58c38c1b5e8d116e6fa611357e856a345f89777,81a917da187a103a1e76d79ce86f672347d01110cd50c4a93a241302237671ac,fe3fa182dd20fda64c9cc9b04980e7c311d737dccaab8ad8e78d7ac07ab040dd
20260813,99,100,100,"[581,784,821,7195,12289,14535,15614,18475,18821,21275,23608,23784]",12,1.752560215,4.48252183,0.3909763927,726159fa74f3aa28395a45cc02616f550051ca30b950a25c920ea0c6b380c59c,fec298a75dc4bc530a8e3f5d25d1b163fdd88d34745141971b5513e91a2767ae,deea4b02a626e7eac59f26214f1bb98691a2997c7d745552f0ea8cc4e7ae8530,4e6d7b918672aeee4cbd9d866380c93986dcfa4097f83bc386d5c21f557ca463,81a917da187a103a1e76d79ce86f672347d01110cd50c4a93a241302237671ac,fe3fa182dd20fda64c9cc9b04980e7c311d737dccaab8ad8e78d7ac07ab040dd
